fill time utc;[CH4] 13C;d13C VPDB;sd [CH4];sd d13C
01.08.21 22:03;2000;-48,14;;
01.08.21 22:42;2006;-48,14;;
01.08.21 23:20;2017;-48,40;;
02.08.21 00:38;2080;-48,62;1;0,04
02.08.21 01:16;2065;-48,56;1;0,04
02.08.21 01:55;2038;-48,85;1;0,04
02.08.21 02:34;2030;-48,75;1;0,04
02.08.21 03:51;2069;-48,54;3;0,04
02.08.21 04:30;2054;-48,93;3;0,04
02.08.21 05:09;2058;-49,08;3;0,04
02.08.21 05:47;2061;-49,07;3;0,04
02.08.21 07:05;2071;-48,77;2;0,04
02.08.21 07:44;2034;-48,90;2;0,04
02.08.21 08:22;2004;-48,76;2;0,04
02.08.21 09:01;1980;-48,32;2;0,04
02.08.21 10:19;1968;-48,05;14;0,16
02.08.21 10:57;1934;-48,26;14;0,16
02.08.21 11:36;1945;-48,22;14;0,16
02.08.21 12:15;1947;-48,24;14;0,16
02.08.21 13:32;1983;-48,09;6;0,10
02.08.21 14:11;1951;-48,33;6;0,10
02.08.21 14:50;1951;-48,25;6;0,10
02.08.21 15:28;1962;-48,00;6;0,10
02.08.21 16:46;1945;-48,54;1;0,05
02.08.21 18:03;1947;-48,38;1;0,05
02.08.21 18:42;1938;-48,34;1;0,05
02.08.21 19:21;1960;-48,16;1;0,05
02.08.21 20:38;1965;-48,42;21;0,12
02.08.21 21:17;1985;-48,21;21;0,12
02.08.21 21:56;1983;-48,36;21;0,12
02.08.21 22:34;2013;-48,16;21;0,12
02.08.21 23:52;2016;-48,32;1;0,05
03.08.21 00:30;2032;-48,02;1;0,05
03.08.21 01:09;2093;-48,30;1;0,05
03.08.21 01:48;2119;-48,38;1;0,05
03.08.21 03:05;2155;-48,77;6;0,05
03.08.21 03:44;2157;-48,48;6;0,05
03.08.21 04:23;2123;-48,38;6;0,05
03.08.21 05:02;1995;-47,94;6;0,05
03.08.21 06:19;3077;-53,05;3;0,15
03.08.21 06:58;2374;-50,28;2;0,15
03.08.21 07:36;2175;-48,81;2;0,15
03.08.21 08:15;2006;-48,01;2;0,15
03.08.21 09:33;1976;-48,24;4;0,08
03.08.21 10:11;1976;-48,26;4;0,08
03.08.21 10:50;1993;-48,07;4;0,08
03.08.21 11:29;2007;-48,08;4;0,08
03.08.21 12:46;1995;-48,27;7;0,01
03.08.21 14:04;2008;-48,24;7;0,01
03.08.21 14:42;2002;-48,14;7;0,01
03.08.21 15:21;1973;-48,22;6;0,01
03.08.21 16:39;2002;-48,22;1;0,04
03.08.21 17:17;2004;-48,21;1;0,04
03.08.21 17:56;1975;-48,22;1;0,04
03.08.21 18:35;1981;-48,21;1;0,04
03.08.21 19:52;2051;-47,97;13;0,07
03.08.21 20:31;2031;-48,16;13;0,07
03.08.21 21:10;2034;-48,27;13;0,07
03.08.21 21:48;2028;-48,32;13;0,07
03.08.21 23:06;2069;-48,26;17;0,05
03.08.21 23:45;2087;-48,30;17;0,05
04.08.21 00:23;2070;-48,44;17;0,05
04.08.21 01:02;2080;-48,43;17;0,05
04.08.21 02:19;2159;-48,48;7;0,07
04.08.21 02:58;2198;-48,58;7;0,07
04.08.21 03:37;2174;-48,74;7;0,07
04.08.21 04:16;2183;-48,67;7;0,07
04.08.21 05:33;2099;-48,64;15;0,03
04.08.21 06:12;2100;-48,54;15;0,03
04.08.21 06:50;2083;-48,44;15;0,03
04.08.21 07:29;2045;-48,48;15;0,03
04.08.21 08:47;2064;-48,35;25;0,05
04.08.21 10:04;2004;-48,40;24;0,05
04.08.21 10:43;1989;-48,31;24;0,05
04.08.21 11:22;1979;-48,22;24;0,05
04.08.21 12:39;2009;-48,05;2;0,01
04.08.21 13:18;2000;-48,11;2;0,01
04.08.21 13:56;1967;-48,19;2;0,01
04.08.21 14:35;1982;-48,19;2;0,01
04.08.21 15:53;2011;-48,12;14;0,08
04.08.21 16:31;1997;-48,18;14;0,08
04.08.21 17:10;1976;-48,17;14;0,08
04.08.21 17:49;1976;-48,22;14;0,08
04.08.21 19:06;2012;-48,23;21;0,06
04.08.21 19:45;2057;-48,29;21;0,06
04.08.21 20:24;2030;-48,28;21;0,06
04.08.21 21:02;2027;-48,33;21;0,06
04.08.21 22:20;2071;-48,57;11;0,03
04.08.21 22:59;2098;-48,58;11;0,03
04.08.21 23:37;2062;-48,56;11;0,03
05.08.21 00:16;2061;-48,46;11;0,03
05.08.21 01:33;2063;-48,59;6;0,00
05.08.21 02:12;2079;-48,57;6;0,00
05.08.21 02:51;2048;-48,51;6;0,00
05.08.21 03:30;2042;-48,33;6;0,00
05.08.21 04:47;2043;-48,34;5;0,01
05.08.21 06:04;2058;-48,40;5;0,01
05.08.21 06:43;2029;-48,27;5;0,01
05.08.21 07:22;2030;-48,28;5;0,01
05.08.21 08:39;2115;-48,75;7;0,12
05.08.21 09:18;2034;-48,36;7;0,12
05.08.21 09:57;2012;-48,35;7;0,12
05.08.21 10:36;1990;-48,38;7;0,12
05.08.21 11:53;2002;-48,11;8;0,01
05.08.21 12:32;2022;-48,36;8;0,01
05.08.21 13:10;1992;-48,26;8;0,01
05.08.21 13:49;2009;-48,18;8;0,01
05.08.21 15:07;1977;-48,27;17;0,04
05.08.21 15:45;1974;-48,22;17;0,04
05.08.21 16:24;1975;-48,28;17;0,04
05.08.21 17:03;1960;-48,24;17;0,04
05.08.21 18:20;2015;-48,23;25;0,07
05.08.21 18:59;2010;-48,39;25;0,07
05.08.21 19:38;1976;-48,23;25;0,07
05.08.21 20:16;1963;-48,15;25;0,07
05.08.21 21:34;2048;-48,14;5;0,01
05.08.21 22:13;2013;-48,39;5;0,01
05.08.21 22:51;2024;-48,38;5;0,01
05.08.21 23:30;2069;-48,31;5;0,01
06.08.21 00:47;2075;-48,38;9;0,02
06.08.21 02:05;2059;-48,55;9;0,02
06.08.21 02:44;2068;-48,60;9;0,02
06.08.21 03:22;2117;-48,70;9;0,02
06.08.21 04:40;2068;-48,53;9;0,10
06.08.21 05:19;2059;-48,54;9;0,10
06.08.21 05:57;2081;-48,49;9;0,10
06.08.21 06:36;2049;-48,52;9;0,10
06.08.21 07:53;2083;-48,79;7;0,02
06.08.21 08:32;2071;-48,60;7;0,02
06.08.21 09:11;2064;-48,66;7;0,02
06.08.21 09:50;2015;-48,42;7;0,02
06.08.21 11:07;2007;-48,37;16;0,07
06.08.21 11:46;2004;-48,31;16;0,07
06.08.21 12:24;2029;-48,20;17;0,07
06.08.21 13:03;1989;-48,22;16;0,07
06.08.21 14:21;2003;-48,35;27;0,02
06.08.21 14:59;2023;-48,24;27;0,02
06.08.21 15:38;1997;-48,32;26;0,02
06.08.21 16:17;2004;-48,29;27;0,02
06.08.21 17:34;2011;-48,20;1;0,07
06.08.21 18:13;2021;-48,34;1;0,07
06.08.21 18:52;1999;-48,38;1;0,07
06.08.21 19:30;1999;-48,51;1;0,07
06.08.21 20:48;1981;-48,26;1;0,05
06.08.21 22:05;2254;-49,74;1;0,05
06.08.21 22:44;2063;-48,84;1;0,05
06.08.21 23:23;2047;-48,49;1;0,05
07.08.21 00:40;2097;-48,43;8;0,06
07.08.21 01:19;2092;-48,48;8;0,06
07.08.21 01:58;2054;-48,48;7;0,06
07.08.21 02:36;2066;-48,65;8;0,06
07.08.21 03:54;2084;-48,73;7;0,01
07.08.21 04:33;2097;-48,63;7;0,01
07.08.21 05:11;2071;-48,70;7;0,01
07.08.21 05:50;2054;-48,63;6;0,01
07.08.21 07:07;2096;-48,55;12;0,09
07.08.21 07:46;2089;-48,67;12;0,09
07.08.21 08:25;2059;-48,80;11;0,09
07.08.21 09:04;2105;-49,12;12;0,09
07.08.21 10:21;2009;-48,57;5;0,03
07.08.21 11:00;2055;-48,54;6;0,03
07.08.21 11:39;1975;-48,35;5;0,03
07.08.21 12:17;1959;-48,45;5;0,03
07.08.21 13:35;2037;-48,18;36;0,11
07.08.21 14:13;1995;-48,20;35;0,11
07.08.21 14:52;1994;-48,18;35;0,11
07.08.21 15:31;1971;-48,22;35;0,11
07.08.21 16:48;2016;-48,16;20;0,03
07.08.21 18:06;1996;-48,36;20;0,03
07.08.21 18:44;2004;-48,42;20;0,03
07.08.21 19:23;2057;-48,50;20;0,03
07.08.21 20:41;2184;-49,42;4;0,07
07.08.21 21:19;2440;-50,51;4;0,07
07.08.21 21:58;2542;-51,01;4;0,07
07.08.21 22:37;2519;-51,10;4;0,07
07.08.21 23:54;2045;-48,60;2;0,05
08.08.21 00:33;2011;-48,48;1;0,05
08.08.21 01:12;2041;-48,64;2;0,05
08.08.21 01:50;2111;-48,66;2;0,05
08.08.21 03:08;2034;-48,47;3;0,06
08.08.21 03:47;2047;-48,51;3;0,06
08.08.21 04:25;2073;-48,61;3;0,06
08.08.21 05:04;2069;-48,51;3;0,06
08.08.21 06:21;1996;-48,23;2;0,04
08.08.21 07:00;2000;-48,36;2;0,04
08.08.21 07:39;2052;-48,35;2;0,04
08.08.21 08:18;2024;-48,57;2;0,04
08.08.21 09:35;2023;-48,43;3;0,09
08.08.21 10:14;2050;-48,67;3;0,09
08.08.21 10:53;2009;-48,47;3;0,09
08.08.21 11:31;1996;-48,42;3;0,09
08.08.21 12:49;2006;-48,30;19;0,03
08.08.21 13:27;1999;-48,34;19;0,03
08.08.21 14:45;2038;-48,29;20;0,03
08.08.21 15:24;1995;-48,26;19;0,03
08.08.21 16:02;1998;-48,23;19;0,03
08.08.21 17:20;2038;-48,15;4;0,03
08.08.21 17:58;2046;-48,10;4;0,03
08.08.21 18:37;2047;-48,16;4;0,03
08.08.21 19:16;2015;-48,22;4;0,03
08.08.21 20:33;2047;-48,26;4;0,01
08.08.21 21:12;2038;-48,38;4;0,01
08.08.21 21:51;2064;-48,24;4;0,01
08.08.21 22:30;2042;-48,39;4;0,01
08.08.21 23:47;2072;-48,38;2;0,01
09.08.21 00:26;2036;-48,34;2;0,01
09.08.21 01:04;2068;-48,65;2;0,01
09.08.21 01:43;2048;-48,51;2;0,01
09.08.21 03:01;2045;-48,37;9;0,00
09.08.21 03:39;2071;-48,40;9;0,00
09.08.21 04:18;2081;-48,47;9;0,00
09.08.21 04:57;2079;-48,35;9;0,00
09.08.21 06:14;2053;-48,34;2;0,09
09.08.21 06:53;2048;-48,34;2;0,09
09.08.21 07:32;2030;-48,35;2;0,09
09.08.21 08:10;2069;-48,39;2;0,09
09.08.21 09:28;2019;-48,27;10;0,17
09.08.21 10:07;2007;-48,24;10;0,17
09.08.21 11:24;2011;-48,40;10;0,17
09.08.21 12:03;1994;-48,27;9;0,17
09.08.21 12:41;1988;-48,14;9;0,17
09.08.21 13:59;1985;-48,10;4;0,14
09.08.21 14:38;1991;-48,19;4;0,14
09.08.21 15:16;2022;-48,11;4;0,14
09.08.21 15:55;1985;-48,27;4;0,14
09.08.21 17:13;1988;-48,34;4;0,02
09.08.21 17:51;2022;-48,14;4;0,02
09.08.21 18:30;2015;-48,23;4;0,02
09.08.21 19:09;1968;-48,11;4;0,02
09.08.21 20:26;2004;-48,13;5;0,18
09.08.21 21:05;2011;-48,37;5;0,18
09.08.21 21:44;2061;-48,30;5;0,18
09.08.21 22:22;2049;-48,25;5;0,18
09.08.21 23:40;3078;-52,25;8;0,10
10.08.21 00:18;2763;-51,50;7;0,10
10.08.21 00:57;2175;-49,13;6;0,10
10.08.21 01:36;2128;-48,71;6;0,10
10.08.21 02:53;2072;-48,70;3;0,01
10.08.21 03:32;2074;-48,72;3;0,01
10.08.21 04:11;2106;-48,59;3;0,01
10.08.21 04:50;2065;-48,42;3;0,01
10.08.21 06:07;2043;-48,48;10;0,04
10.08.21 06:46;2113;-48,95;10;0,04
10.08.21 08:03;2049;-48,61;10;0,04
10.08.21 08:42;2044;-48,62;10;0,04
10.08.21 09:21;2025;-48,64;10;0,04
10.08.21 10:38;2028;-48,50;6;0,12
10.08.21 11:17;2006;-48,59;6;0,12
10.08.21 11:55;2035;-48,83;6;0,12
10.08.21 12:34;1996;-48,59;6;0,12
10.08.21 13:52;2029;-48,55;28;0,00
10.08.21 14:30;1980;-48,39;27;0,00
10.08.21 15:09;1991;-48,56;27;0,00
10.08.21 15:48;2016;-48,51;27;0,00
10.08.21 17:05;2023;-48,42;4;0,02
10.08.21 17:44;2035;-48,37;4;0,02
10.08.21 18:23;2034;-48,49;4;0,02
10.08.21 19:01;2049;-48,66;4;0,02
10.08.21 20:19;2129;-48,48;4;0,07
10.08.21 20:58;2116;-48,82;4;0,07
10.08.21 21:36;2131;-48,78;4;0,07
10.08.21 22:15;2143;-48,99;4;0,07
10.08.21 23:32;2198;-48,79;1;0,09
11.08.21 00:11;2195;-48,95;1;0,09
11.08.21 00:50;2254;-49,36;1;0,09
11.08.21 01:29;2246;-49,11;1;0,09
11.08.21 02:46;2261;-49,26;6;0,02
11.08.21 03:25;2228;-49,30;6;0,02
11.08.21 04:42;2262;-49,21;6;0,02
11.08.21 05:21;2248;-49,30;6;0,02
11.08.21 06:00;2210;-49,55;6;0,02
11.08.21 07:17;2116;-48,86;17;0,11
11.08.21 07:56;2120;-48,72;17;0,11
11.08.21 08:35;2114;-48,69;17;0,11
11.08.21 09:13;2022;-48,48;17;0,11
11.08.21 10:31;2049;-48,40;4;0,07
11.08.21 11:10;2057;-48,41;4;0,07
11.08.21 11:48;2033;-48,60;4;0,07
11.08.21 12:27;2024;-48,63;4;0,07
11.08.21 13:44;2086;-48,44;7;0,13
11.08.21 14:23;2076;-48,50;7;0,13
11.08.21 15:02;2049;-48,33;7;0,13
11.08.21 15:41;2018;-48,49;7;0,13
11.08.21 16:58;2035;-48,48;3;0,06
11.08.21 17:37;2065;-48,29;3;0,06
11.08.21 18:15;2056;-48,39;3;0,06
11.08.21 18:54;2038;-48,41;3;0,06
11.08.21 20:12;2091;-48,42;9;0,09
11.08.21 20:50;2114;-48,55;9;0,09
11.08.21 21:29;2112;-48,48;9;0,09
11.08.21 22:08;2065;-48,72;9;0,09
11.08.21 23:25;2087;-48,60;20;0,08
12.08.21 00:04;2215;-48,90;22;0,08
12.08.21 01:21;4155;-54,73;41;0,08
12.08.21 02:00;3056;-52,66;30;0,08
12.08.21 02:39;2309;-49,73;23;0,08
12.08.21 03:56;2241;-49,40;2;0,03
12.08.21 04:35;2135;-49,29;2;0,03
12.08.21 05:14;2109;-49,02;2;0,03
12.08.21 05:52;2158;-49,22;2;0,03
12.08.21 07:10;2128;-48,96;15;0,07
12.08.21 07:49;2080;-48,96;15;0,07
12.08.21 08:27;2050;-48,97;15;0,07
12.08.21 09:16;2030;-48,94;14;0,07
12.08.21 09:54;1988;-48,62;14;0,07
12.08.21 10:33;2004;-48,55;14;0,07
12.08.21 11:50;1969;-48,44;13;0,04
12.08.21 12:29;1987;-48,50;13;0,04
12.08.21 13:08;2045;-48,90;13;0,04
12.08.21 13:47;2057;-48,67;13;0,04
12.08.21 15:04;2013;-48,18;15;0,09
12.08.21 15:43;1976;-48,25;15;0,09
12.08.21 16:21;1981;-48,32;15;0,09
12.08.21 17:00;2030;-48,33;15;0,09
12.08.21 18:18;2037;-48,48;25;0,07
12.08.21 18:56;2046;-48,51;26;0,07
12.08.21 19:35;2057;-48,72;26;0,07
12.08.21 20:14;2124;-48,78;27;0,07
12.08.21 21:31;2164;-48,85;27;0,02
12.08.21 22:10;2182;-49,17;27;0,02
12.08.21 22:49;2206;-49,06;27;0,02
12.08.21 23:27;2188;-49,31;27;0,02
13.08.21 00:45;2139;-49,32;6;0,05
13.08.21 01:23;2337;-49,89;7;0,05
13.08.21 02:02;4120;-54,79;12;0,05
13.08.21 02:41;2724;-51,55;8;0,05
13.08.21 03:58;2232;-49,12;18;0,04
13.08.21 04:37;2218;-49,21;18;0,04
13.08.21 05:54;2314;-49,90;19;0,04
13.08.21 06:33;2250;-49,61;18;0,04
13.08.21 07:12;2199;-49,18;18;0,04
13.08.21 08:29;2158;-49,46;3;0,02
13.08.21 09:08;2153;-49,51;3;0,02
13.08.21 09:47;2118;-49,30;3;0,02
13.08.21 10:25;2130;-49,01;3;0,02
13.08.21 11:43;2061;-48,71;33;0,10
13.08.21 12:21;2086;-48,79;34;0,10
13.08.21 13:00;2101;-48,90;34;0,10
13.08.21 13:39;2171;-48,89;35;0,10
13.08.21 14:56;2116;-48,99;19;0,02
13.08.21 15:35;2057;-48,83;18;0,02
13.08.21 16:14;2068;-48,65;19;0,02
13.08.21 16:52;2037;-48,22;18;0,02
13.08.21 18:10;1962;-48,18;1;0,04
13.08.21 18:49;1962;-48,35;1;0,04
13.08.21 19:27;1963;-48,36;1;0,04
13.08.21 20:06;1984;-48,32;1;0,04
13.08.21 21:23;1988;-48,17;1;0,03
13.08.21 22:02;1990;-48,18;1;0,03
13.08.21 22:41;1952;-48,26;1;0,03
13.08.21 23:19;2018;-48,31;1;0,03
14.08.21 00:37;2041;-48,64;41;0,08
14.08.21 01:16;2120;-49,02;42;0,08
14.08.21 02:33;2125;-48,98;43;0,08
14.08.21 03:12;2138;-48,86;43;0,08
14.08.21 03:50;2095;-48,63;42;0,08
14.08.21 05:08;2107;-48,74;11;0,04
14.08.21 05:46;2145;-48,53;11;0,04
14.08.21 06:25;2124;-48,47;11;0,04
14.08.21 07:04;2102;-48,78;11;0,04
14.08.21 08:21;2065;-48,67;23;0,04
14.08.21 09:00;2046;-48,45;23;0,04
14.08.21 09:39;2039;-48,64;23;0,04
14.08.21 10:17;2010;-48,65;23;0,04
14.08.21 11:35;1994;-48,64;15;0,02
14.08.21 12:13;1977;-48,37;15;0,02
14.08.21 12:52;1968;-48,76;15;0,02
14.08.21 13:31;1974;-48,72;15;0,02
14.08.21 14:48;2007;-48,72;3;0,05
14.08.21 15:27;2009;-48,72;3;0,05
14.08.21 16:06;2016;-48,87;3;0,05
14.08.21 16:44;2015;-48,57;3;0,05
14.08.21 18:02;1985;-48,31;7;0,07
14.08.21 18:40;1954;-48,36;7;0,07
14.08.21 19:19;1952;-48,37;7;0,07
14.08.21 19:58;1967;-48,27;7;0,07
14.08.21 21:15;2043;-48,13;41;0,08
14.08.21 21:54;2015;-48,26;41;0,08
14.08.21 23:11;2088;-48,42;42;0,08
14.08.21 23:50;2113;-48,47;43;0,08
15.08.21 00:29;2117;-48,81;43;0,08
15.08.21 01:46;2108;-49,00;3;0,02
15.08.21 02:25;2119;-49,02;3;0,02
15.08.21 03:04;2161;-48,90;3;0,02
15.08.21 03:42;2157;-49,17;3;0,02
15.08.21 05:00;2083;-49,05;24;0,13
15.08.21 05:38;2090;-49,12;24;0,13
15.08.21 06:17;2133;-48,84;25;0,13
15.08.21 06:56;2037;-48,30;24;0,13
15.08.21 08:13;2056;-48,80;38;0,10
15.08.21 08:52;2069;-48,88;38;0,10
15.08.21 09:31;2125;-49,49;39;0,10
15.08.21 10:09;2186;-49,46;40;0,10
15.08.21 11:27;2254;-49,18;27;0,04
15.08.21 12:05;2225;-49,16;27;0,04
15.08.21 12:44;2206;-49,01;26;0,04
15.08.21 13:23;2163;-49,17;26;0,04
15.08.21 14:40;2238;-49,09;0;0,13
15.08.21 15:19;2498;-50,60;0;0,13
15.08.21 15:58;2101;-48,52;0;0,13
15.08.21 16:36;2048;-48,37;0;0,13
15.08.21 17:54;2140;-49,32;6;0,08
15.08.21 18:32;2097;-48,54;6;0,08
15.08.21 19:50;2075;-48,99;5;0,08
15.08.21 20:29;2066;-48,79;5;0,08
15.08.21 21:07;2090;-48,55;5;0,08
15.08.21 22:25;2146;-48,74;7;0,00
15.08.21 23:03;2086;-48,72;7;0,00
15.08.21 23:42;2015;-48,56;6;0,00
16.08.21 00:21;2009;-48,51;6;0,00
16.08.21 01:38;2059;-48,55;9;0,01
16.08.21 02:17;2076;-48,94;9;0,01
16.08.21 02:56;2092;-48,92;9;0,01
16.08.21 03:34;2407;-50,36;10;0,01
16.08.21 04:52;2107;-48,81;5;0,07
16.08.21 05:30;2077;-49,07;5;0,07
16.08.21 06:09;2088;-48,97;5;0,07
16.08.21 06:48;2068;-49,16;5;0,07
16.08.21 08:05;2082;-48,63;41;0,07
16.08.21 08:44;2073;-48,47;41;0,07
16.08.21 09:23;2109;-48,63;42;0,07
16.08.21 10:01;2072;-48,72;41;0,07
16.08.21 13:53;2051;-48,17;79;0,70
16.08.21 14:32;2041;-48,44;79;0,70
16.08.21 15:50;2046;-48,75;81;0,57
16.08.21 16:28;1994;-48,50;79;0,57
16.08.21 17:07;1944;-48,48;78;0,57
16.08.21 17:46;1952;-48,44;79;0,57
16.08.21 19:03;1989;-48,47;40;0,22
16.08.21 19:42;1970;-48,30;40;0,22
16.08.21 20:20;1980;-48,35;41;0,22
16.08.21 20:59;2000;-48,20;42;0,22
16.08.21 22:17;2006;-48,43;9;0,07
16.08.21 22:55;1970;-48,29;9;0,07
16.08.21 23:34;1976;-48,28;9;0,07
17.08.21 00:13;1994;-48,54;9;0,07
17.08.21 01:30;1967;-48,37;38;0,04
17.08.21 02:09;1953;-48,30;38;0,04
17.08.21 02:48;1987;-48,27;38;0,04
17.08.21 03:26;1978;-48,26;38;0,04
17.08.21 04:44;1982;-48,21;7;0,05
17.08.21 05:22;1990;-48,21;7;0,05
17.08.21 06:01;2018;-48,36;7;0,05
17.08.21 06:40;1987;-48,29;7;0,05
17.08.21 07:57;1959;-48,28;8;0,13
17.08.21 08:36;1956;-48,43;8;0,13
17.08.21 09:53;1981;-48,23;8;0,13
17.08.21 10:32;2000;-48,19;8;0,13
17.08.21 11:11;1951;-48,23;8;0,13
17.08.21 12:28;;;;
17.08.21 13:07;2031;-48,03;19;0,00
17.08.21 13:46;1984;-48,17;19;0,00
17.08.21 14:24;1997;-48,12;19;0,00
17.08.21 15:42;1969;-48,05;16;0,16
17.08.21 16:20;1973;-48,32;16;0,16
17.08.21 16:59;1943;-48,25;16;0,16
17.08.21 17:38;1935;-48,26;16;0,16
17.08.21 18:55;1990;-48,24;8;0,03
17.08.21 19:34;1987;-48,09;8;0,03
17.08.21 20:13;1961;-48,42;8;0,03
17.08.21 20:51;1969;-48,44;8;0,03
17.08.21 22:09;2033;-48,38;29;0,01
17.08.21 22:47;2055;-48,51;30;0,01
17.08.21 23:26;2077;-48,52;30;0,01
18.08.21 00:05;2054;-48,81;30;0,01
18.08.21 01:22;2105;-48,74;11;0,01
18.08.21 02:01;2099;-48,82;11;0,01
18.08.21 02:40;2073;-48,71;11;0,01
18.08.21 03:18;2060;-48,86;11;0,01
18.08.21 04:35;;;;
18.08.21 05:13;;;;
18.08.21 06:32;2103;-48,82;35;0,05
18.08.21 07:11;2082;-48,67;34;0,05
18.08.21 07:49;2068;-48,67;34;0,05
18.08.21 09:07;2036;-48,55;10;0,01
18.08.21 09:45;2051;-48,42;10;0,01
18.08.21 10:24;2035;-48,36;10;0,01
18.08.21 11:03;2020;-48,21;10;0,01
18.08.21 12:20;2019;-48,13;1;0,02
18.08.21 12:59;2014;-48,23;1;0,02
18.08.21 13:38;2024;-48,22;1;0,02
18.08.21 14:16;2028;-48,13;1;0,02
18.08.21 15:34;2037;-47,94;2;0,06
18.08.21 16:13;2031;-48,09;2;0,06
18.08.21 16:51;2017;-48,04;2;0,06
18.08.21 17:30;2020;-48,19;2;0,06
18.08.21 18:47;2049;-48,30;2;0,06
18.08.21 19:26;2049;-48,39;2;0,06
18.08.21 20:05;2003;-48,81;2;0,06
18.08.21 20:43;2017;-48,65;2;0,06
18.08.21 22:01;2045;-48,45;12;0,05
18.08.21 22:40;2045;-48,54;12;0,05
18.08.21 23:18;2013;-48,57;12;0,05
18.08.21 23:57;1997;-48,52;12;0,05
19.08.21 01:14;2046;-48,26;38;0,21
19.08.21 01:53;2025;-48,43;37;0,21
19.08.21 03:11;2043;-48,31;38;0,21
19.08.21 03:49;2001;-48,34;37;0,21
19.08.21 04:28;2023;-48,70;37;0,21
19.08.21 05:45;2096;-48,60;19;0,12
19.08.21 06:24;2075;-48,45;19;0,12
19.08.21 07:03;2070;-48,56;19;0,12
19.08.21 07:41;2071;-48,58;19;0,12
19.08.21 08:59;2013;-48,32;1;0,10
19.08.21 09:38;1999;-48,34;1;0,10
19.08.21 10:16;1983;-48,41;1;0,10
19.08.21 10:55;1956;-48,21;1;0,10
19.08.21 12:12;1965;-48,22;35;0,13
19.08.21 12:51;2007;-48,01;35;0,13
19.08.21 13:30;2002;-48,08;35;0,13
19.08.21 14:09;2031;-48,31;36;0,13
19.08.21 15:26;2026;-48,13;25;0,04
19.08.21 16:05;;;;
19.08.21 16:43;1963;-48,11;25;0,04
19.08.21 17:22;1986;-47,99;25;0,04
19.08.21 18:39;1982;-48,26;8;0,02
19.08.21 19:18;1985;-48,26;8;0,02
19.08.21 19:57;1996;-48,29;8;0,02
19.08.21 20:36;1992;-48,30;8;0,02
19.08.21 21:53;1996;-48,54;11;0,02
19.08.21 22:32;2018;-48,22;11;0,02
19.08.21 23:49;2058;-48,52;11;0,02
20.08.21 00:28;2051;-48,92;11;0,02
20.08.21 01:07;2118;-48,93;12;0,02
20.08.21 02:24;2119;-49,03;3;0,01
20.08.21 03:03;2110;-48,89;3;0,01
20.08.21 03:41;2079;-48,87;3;0,01
20.08.21 04:20;2038;-48,82;3;0,01
20.08.21 05:37;2068;-48,40;23;0,23
20.08.21 06:16;2007;-48,24;22;0,23
20.08.21 06:55;2036;-48,42;22;0,23
20.08.21 07:34;2219;-49,22;24;0,23
20.08.21 08:51;2588;-51,56;14;0,09
20.08.21 09:30;2137;-48,64;12;0,09
20.08.21 10:08;2080;-48,55;11;0,09
20.08.21 10:47;2082;-48,56;11;0,09
20.08.21 12:05;2060;-48,49;28;0,10
20.08.21 12:43;2024;-48,53;27;0,10
20.08.21 13:22;2034;-48,47;27;0,10
20.08.21 14:01;2012;-48,45;27;0,10
20.08.21 15:18;1988;-48,25;4;0,03
20.08.21 15:57;2015;-48,15;4;0,03
20.08.21 16:35;1986;-48,23;4;0,03
20.08.21 17:14;1966;-48,35;4;0,03
20.08.21 18:32;1998;-47,96;30;0,14
20.08.21 19:10;2002;-48,00;30;0,14
20.08.21 20:28;1990;-48,28;30;0,14
20.08.21 21:06;2070;-48,02;31;0,14
20.08.21 21:45;2104;-48,11;31;0,14
20.08.21 23:03;2111;-48,83;26;0,14
20.08.21 23:41;2140;-48,78;26;0,14
21.08.21 00:20;2088;-48,89;26;0,14
21.08.21 00:59;2113;-48,72;26;0,14
21.08.21 02:16;2132;-48,67;10;0,04
21.08.21 02:55;2104;-48,56;10;0,04
21.08.21 03:34;2052;-48,43;10;0,04
21.08.21 04:12;2085;-48,55;10;0,04
21.08.21 05:30;2071;-48,45;19;0,01
21.08.21 06:08;2048;-48,38;19;0,01
21.08.21 06:47;2050;-48,45;19;0,01
21.08.21 07:26;2047;-48,46;19;0,01
21.08.21 08:43;2056;-48,87;15;0,02
21.08.21 09:22;2077;-48,91;15;0,02
21.08.21 10:01;2123;-49,07;15;0,02
21.08.21 10:39;2069;-48,70;15;0,02
21.08.21 11:57;1998;-48,42;14;0,12
21.08.21 12:35;1984;-48,38;14;0,12
21.08.21 13:14;1989;-48,19;14;0,12
21.08.21 13:53;1972;-48,22;14;0,12
21.08.21 15:10;1964;-48,14;8;0,02
21.08.21 15:49;1975;-48,38;8;0,02
21.08.21 17:06;1989;-48,15;8;0,02
21.08.21 17:45;1996;-48,26;8;0,02
21.08.21 18:24;1967;-48,35;8;0,02
21.08.21 19:02;;;;
22.08.21 08:35;1990;-48,58;14;0,02
22.08.21 09:14;1987;-48,46;14;0,02
22.08.21 09:53;2024;-48,17;14;0,02
22.08.21 10:31;2029;-48,36;14;0,02
22.08.21 11:49;2007;-48,48;2;0,11
22.08.21 12:28;2037;-48,33;2;0,11
22.08.21 13:45;2019;-48,25;2;0,11
22.08.21 14:24;2016;-48,27;2;0,11
22.08.21 15:02;1995;-48,49;2;0,11
22.08.21 16:20;2003;-48,38;17;0,15
22.08.21 16:58;1987;-48,28;17;0,15
22.08.21 17:37;1990;-48,38;17;0,15
22.08.21 18:16;1975;-48,71;17;0,15
22.08.21 19:33;2020;-48,30;12;0,02
22.08.21 20:12;2009;-48,38;12;0,02
22.08.21 20:51;1994;-48,39;11;0,02
22.08.21 21:29;2007;-48,39;12;0,02
22.08.21 22:47;2000;-48,27;4;0,04
22.08.21 23:26;2010;-48,45;4;0,04
23.08.21 00:04;2018;-48,45;4;0,04
23.08.21 00:43;2014;-48,59;4;0,04
23.08.21 02:00;2045;-48,55;3;0,02
23.08.21 02:39;2028;-48,33;3;0,02
23.08.21 03:18;2004;-48,71;3;0,02
23.08.21 03:56;2026;-48,26;3;0,02
23.08.21 05:14;2034;-48,44;14;0,11
23.08.21 05:53;2003;-48,76;14;0,11
23.08.21 06:31;2009;-48,41;14;0,11
23.08.21 07:10;1993;-48,43;14;0,11
23.08.21 08:27;1965;-48,55;3;0,02
23.08.21 09:06;1977;-48,38;3;0,02
23.08.21 10:24;1976;-48,42;3;0,02
23.08.21 11:02;1945;-48,61;3;0,02
23.08.21 11:41;1969;-48,34;3;0,02
23.08.21 12:58;1973;-48,28;;
23.08.21 13:37;1946;-48,64;;
23.08.21 14:16;1974;-48,46;;
23.08.21 14:55;;;;
23.08.21 16:12;;;;
23.08.21 16:51;;;;
23.08.21 17:29;;;;
23.08.21 18:08;;;;
23.08.21 22:39;;;;
23.08.21 23:18;;;;
23.08.21 23:56;2028;-48,75;18;0,12
24.08.21 00:35;2062;-48,44;18;0,12
24.08.21 01:53;2070;-48,23;18;0,12
24.08.21 02:31;2039;-48,23;18;0,12
24.08.21 03:10;1970;-48,47;17;0,12
24.08.21 03:49;1984;-48,54;17;0,12
24.08.21 05:06;2063;-48,60;18;0,12
24.08.21 05:45;2063;-48,87;18;0,12
24.08.21 07:02;;;;
24.08.21 07:41;;;;
24.08.21 08:20;;;;
26.08.21 22:58;;;;
26.08.21 23:37;2063;-48,65;12;0,12
27.08.21 00:16;2050;-48,70;12;0,12
27.08.21 00:55;2062;-48,76;12;0,12
27.08.21 02:12;2078;-48,88;12;0,12
27.08.21 02:51;2071;-49,07;12;0,12
27.08.21 03:30;2079;-49,23;12;0,12
27.08.21 04:08;2065;-48,76;12;0,12
27.08.21 05:26;2059;-48,78;17;0,16
27.08.21 06:04;2051;-49,00;17;0,16
27.08.21 06:43;2048;-48,87;17;0,16
27.08.21 07:22;2021;-48,87;16;0,16
27.08.21 08:39;2032;-48,48;19;0,09
27.08.21 09:18;2016;-48,70;18;0,09
27.08.21 09:57;1999;-48,71;18;0,09
27.08.21 10:35;1997;-48,73;18;0,09
27.08.21 11:53;1993;-48,38;15;0,15
27.08.21 12:31;1976;-48,72;15;0,15
27.08.21 13:10;1979;-48,61;15;0,15
27.08.21 13:49;1987;-48,40;15;0,15
27.08.21 15:06;1987;-48,73;4;0,00
27.08.21 15:45;1979;-48,72;4;0,00
27.08.21 16:24;1983;-48,86;4;0,00
27.08.21 17:02;1978;-48,96;4;0,00
27.08.21 18:20;1992;-48,48;9;0,20
27.08.21 18:58;2010;-48,69;9;0,20
27.08.21 20:16;2028;-48,47;10;0,20
27.08.21 20:55;2028;-48,40;10;0,20
27.08.21 21:33;2040;-48,45;10;0,20
27.08.21 22:51;2094;-48,86;11;0,00
27.08.21 23:29;2092;-48,60;11;0,00
28.08.21 00:08;2115;-48,66;11;0,00
28.08.21 00:47;2109;-48,72;11;0,00
28.08.21 02:04;2072;-48,50;9;0,17
28.08.21 02:43;2025;-48,30;9;0,17
28.08.21 03:22;2063;-48,37;9;0,17
28.08.21 04:00;2059;-48,44;9;0,17
28.08.21 05:18;2067;-48,16;5;0,06
28.08.21 05:56;2072;-48,43;5;0,06
28.08.21 06:35;2057;-48,34;5;0,06
28.08.21 07:14;2058;-48,38;5;0,06
28.08.21 08:31;2058;-48,57;3;0,07
28.08.21 09:10;2063;-48,53;3;0,07
28.08.21 09:49;2051;-48,56;3;0,07
28.08.21 10:27;2038;-48,64;3;0,07
28.08.21 11:45;2044;-48,79;3;0,07
28.08.21 12:23;2034;-48,92;3;0,07
28.08.21 13:02;2044;-48,68;3;0,07
28.08.21 13:41;2040;-48,74;3;0,07
28.08.21 14:58;2020;-48,74;4;0,05
28.08.21 15:37;2042;-48,53;4;0,05
28.08.21 16:54;2027;-48,65;4;0,05
28.08.21 17:33;2029;-48,82;4;0,05
28.08.21 18:12;2032;-48,82;4;0,05
28.08.21 19:29;2043;-48,72;6;0,05
28.08.21 20:08;2027;-48,76;6;0,05
28.08.21 20:46;2025;-48,82;6;0,05
28.08.21 21:25;2031;-48,88;6;0,05
28.08.21 22:43;2093;-48,98;12;0,03
28.08.21 23:21;2080;-48,80;12;0,03
29.08.21 00:00;2049;-48,96;12;0,03
29.08.21 00:39;2051;-48,91;12;0,03
29.08.21 01:56;2059;-48,80;8;0,09
29.08.21 02:35;2061;-48,86;8;0,09
29.08.21 03:13;2063;-48,85;8;0,09
29.08.21 03:52;2081;-48,81;8;0,09
29.08.21 05:10;2080;-48,88;2;0,08
29.08.21 05:48;2077;-49,03;2;0,08
29.08.21 06:27;2096;-48,98;2;0,08
29.08.21 07:06;2084;-49,05;2;0,08
29.08.21 08:23;2071;-49,06;3;0,04
29.08.21 09:02;2082;-48,82;3;0,04
29.08.21 09:40;2077;-48,83;3;0,04
29.08.21 10:19;2059;-48,74;2;0,04
29.08.21 11:37;2020;-48,73;1;0,08
29.08.21 12:15;2033;-48,71;1;0,08
29.08.21 13:33;2047;-48,77;1;0,08
29.08.21 14:11;2032;-48,77;1;0,08
29.08.21 14:50;2060;-48,40;1;0,08
29.08.21 16:07;;;;
29.08.21 16:46;2029;-48,58;1;0,13
29.08.21 17:25;2020;-48,80;1;0,13
29.08.21 18:04;;;;
29.08.21 19:21;;;;
29.08.21 20:00;2043;-48,65;32;0,26
29.08.21 20:38;2025;-48,78;32;0,26
29.08.21 21:17;2033;-48,88;32;0,26
29.08.21 22:34;2058;-48,74;2;0,00
29.08.21 23:13;2060;-48,76;2;0,00
29.08.21 23:52;2050;-48,84;2;0,00
30.08.21 00:31;2065;-48,81;2;0,00
30.08.21 01:48;2083;-48,81;3;0,04
30.08.21 02:27;2084;-48,79;3;0,04
30.08.21 03:05;2076;-48,77;3;0,04
30.08.21 03:44;2080;-48,61;3;0,04
30.08.21 05:01;2085;-48,74;5;0,01
30.08.21 05:40;;;;
30.08.21 06:19;;;;
30.08.21 06:58;2072;-48,67;5;0,01
30.08.21 08:15;2012;-48,71;13;0,23
30.08.21 08:54;;;;
30.08.21 10:11;2077;-48,21;14;0,23
30.08.21 10:50;2053;-48,36;13;0,23
30.08.21 11:28;2062;-48,35;13;0,23
30.08.21 12:46;2043;-48,43;13;0,23
30.08.21 13:25;2041;-48,53;13;0,23
30.08.21 14:03;2030;-48,60;13;0,23
30.08.21 14:42;2032;-48,48;13;0,23
30.08.21 15:59;2013;-48,59;7;0,15
30.08.21 16:38;2012;-48,72;7;0,15
30.08.21 17:17;2021;-48,46;7;0,15
30.08.21 17:55;2016;-48,67;7;0,15
30.08.21 19:13;2025;-48,73;4;0,05
30.08.21 19:52;2052;-48,65;4;0,05
30.08.21 20:30;2064;-48,64;4;0,05
30.08.21 21:09;2101;-48,55;5;0,05
30.08.21 22:26;2070;-48,69;2;0,09
30.08.21 23:05;2079;-48,65;2;0,09
30.08.21 23:44;2103;-48,67;2;0,09
31.08.21 00:22;2144;-48,66;2;0,09
31.08.21 01:40;2158;-49,22;37;0,37
31.08.21 02:19;2151;-49,40;37;0,37
31.08.21 02:57;2156;-49,36;37;0,37
31.08.21 03:36;2202;-49,41;38;0,37
;;;;
;;;;
;;;;
;;;;
;;;;
;;;;
;;;;
;;;;
;;;;
;;;;
;;;;
;;;;
;;;;
;;;;
31.08.21 16:51;;;;
31.08.21 17:29;;;;
31.08.21 18:47;2013;-48,48;46;0,38
31.08.21 19:26;2005;-48,48;46;0,38
31.08.21 20:04;1995;-48,47;46;0,38
31.08.21 20:43;1984;-48,50;46;0,38
31.08.21 22:00;2025;-48,30;30;0,17
31.08.21 22:39;2002;-48,22;30;0,17
31.08.21 23:18;2004;-48,34;30;0,17
31.08.21 23:57;1994;-48,44;30;0,17
01.09.21 01:14;2008;-48,37;21;0,02
01.09.21 01:53;2006;-48,30;21;0,02
01.09.21 02:31;2010;-48,40;21;0,02
01.09.21 03:10;2007;-48,48;21;0,02
01.09.21 04:27;2032;-48,74;1;0,08
01.09.21 05:06;2057;-48,53;1;0,08
01.09.21 05:45;2068;-48,62;1;0,08
01.09.21 06:24;2070;-49,00;1;0,08
01.09.21 07:41;2059;-48,83;12;0,04
01.09.21 08:20;2081;-49,13;12;0,04
01.09.21 08:58;2091;-49,09;12;0,04
01.09.21 09:37;2045;-48,86;12;0,04
01.09.21 10:55;2024;-48,64;12;0,06
01.09.21 11:33;2037;-48,63;13;0,06
01.09.21 12:51;2027;-48,62;12;0,06
01.09.21 13:29;2023;-48,63;12;0,06
01.09.21 14:08;2027;-48,43;12;0,06
01.09.21 15:26;2003;-48,54;18;0,04
01.09.21 16:04;2015;-48,44;18;0,04
01.09.21 16:43;2013;-48,48;18;0,04
01.09.21 17:22;2016;-48,47;18;0,04
01.09.21 18:39;1987;-48,38;15;0,10
01.09.21 19:18;2000;-48,25;15;0,10
01.09.21 19:56;1996;-48,31;15;0,10
01.09.21 20:35;2013;-48,46;15;0,10
01.09.21 21:53;2015;-48,33;8;0,06
01.09.21 22:31;2009;-48,55;8;0,06
01.09.21 23:10;2032;-48,50;8;0,06
01.09.21 23:49;2043;-48,48;8;0,06
02.09.21 01:06;2062;-48,53;2;0,07
02.09.21 01:45;2083;-48,60;2;0,07
02.09.21 02:24;2130;-48,83;2;0,07
02.09.21 03:02;2114;-48,75;2;0,07
02.09.21 04:20;2117;-48,77;10;0,06
02.09.21 04:58;2151;-48,93;10;0,06
02.09.21 05:37;2218;-49,30;11;0,06
02.09.21 06:16;2271;-49,54;11;0,06
02.09.21 07:33;2289;-49,83;10;0,10
02.09.21 08:12;2147;-48,98;9;0,10
02.09.21 09:29;2026;-48,40;9;0,10
02.09.21 10:08;2031;-48,51;9;0,10
02.09.21 10:47;2031;-48,57;9;0,10
02.09.21 12:04;2031;-48,56;1;0,10
02.09.21 12:43;2040;-48,55;1;0,10
02.09.21 13:22;2049;-48,61;1;0,10
02.09.21 14:00;2048;-48,54;1;0,10
02.09.21 15:18;2039;-48,66;0;0,03
02.09.21 15:56;2029;-48,53;0;0,03
02.09.21 16:35;2028;-48,44;0;0,03
02.09.21 17:14;2004;-48,44;0;0,03
02.09.21 18:31;1993;-48,35;5;0,01
02.09.21 19:10;1983;-48,34;5;0,01
02.09.21 19:49;1995;-48,23;5;0,01
02.09.21 20:27;1991;-48,30;5;0,01
02.09.21 21:45;2025;-48,24;17;0,09
02.09.21 22:23;2036;-48,45;17;0,09
02.09.21 23:02;2025;-48,36;17;0,09
02.09.21 23:41;2021;-48,44;17;0,09
03.09.21 00:58;2070;-48,37;8;0,07
03.09.21 01:37;2111;-48,70;8;0,07
03.09.21 02:16;2127;-48,91;8;0,07
03.09.21 02:54;2127;-49,00;8;0,07
03.09.21 04:12;2152;-49,01;5;0,05
03.09.21 04:50;2178;-49,02;5;0,05
03.09.21 06:08;2104;-48,84;4;0,05
03.09.21 06:47;2063;-48,67;4;0,05
03.09.21 07:25;2071;-48,91;4;0,05
03.09.21 08:43;1967;-47,89;12;0,05
03.09.21 09:21;1958;-47,80;12;0,05
03.09.21 10:00;1964;-48,19;12;0,05
03.09.21 10:39;1949;-48,24;12;0,05
03.09.21 11:56;1947;-47,91;4;0,04
03.09.21 12:35;1992;-47,76;4;0,04
03.09.21 13:14;1981;-48,03;4;0,04
03.09.21 13:52;1975;-47,92;4;0,04
03.09.21 15:10;;;;
03.09.21 15:48;;;;
03.09.21 16:27;;;;
03.09.21 17:06;;;;
03.09.21 18:23;;;;
03.09.21 19:02;2021;-47,83;;
03.09.21 19:41;2022;-47,99;;
03.09.21 20:19;1980;-48,03;;
03.09.21 21:37;2016;-48,04;16;0,04
03.09.21 22:16;2017;-48,08;16;0,04
03.09.21 22:54;1989;-48,27;15;0,04
03.09.21 23:33;1986;-48,39;15;0,04
04.09.21 00:50;2009;-48,27;1;0,05
04.09.21 01:29;2004;-48,38;1;0,05
04.09.21 02:46;2014;-48,15;1;0,05
04.09.21 03:25;1992;-48,40;1;0,05
04.09.21 04:04;1983;-48,22;1;0,05
04.09.21 05:21;1964;-48,24;6;0,05
04.09.21 06:00;2030;-47,77;6;0,05
04.09.21 06:39;1980;-47,97;6;0,05
04.09.21 07:17;1966;-48,07;6;0,05
04.09.21 08:35;1959;-48,04;2;0,02
04.09.21 09:14;1970;-48,20;2;0,02
04.09.21 09:52;1956;-48,20;2;0,02
04.09.21 10:31;1985;-48,20;2;0,02
04.09.21 11:48;1972;-48,22;10;0,02
04.09.21 12:27;2022;-48,02;10;0,02
04.09.21 13:06;1979;-48,15;10;0,02
04.09.21 13:45;1991;-48,12;10;0,02
04.09.21 15:02;1977;-48,29;5;0,02
04.09.21 15:41;1966;-48,23;5;0,02
04.09.21 16:19;1978;-48,14;5;0,02
04.09.21 16:58;1977;-48,08;5;0,02
04.09.21 18:15;1974;-48,20;9;0,07
04.09.21 18:54;1985;-48,16;9;0,07
04.09.21 19:33;1972;-48,08;9;0,07
04.09.21 20:12;1988;-48,16;9;0,07
04.09.21 21:29;1988;-48,34;13;0,01
04.09.21 22:08;1984;-48,17;13;0,01
04.09.21 23:25;1994;-48,27;13;0,01
05.09.21 00:04;1990;-48,21;13;0,01
05.09.21 00:43;2005;-48,20;13;0,01
05.09.21 02:00;2000;-48,24;2;0,00
05.09.21 02:39;2009;-48,13;2;0,00
05.09.21 03:17;2007;-48,38;2;0,00
05.09.21 03:56;1997;-48,33;2;0,00
05.09.21 05:13;2002;-48,29;3;0,04
05.09.21 05:52;2021;-48,25;3;0,04
05.09.21 06:31;2019;-48,34;3;0,04
05.09.21 07:10;2016;-48,38;3;0,04
05.09.21 08:27;1992;-48,26;1;0,05
05.09.21 09:06;2011;-48,39;1;0,05
05.09.21 09:44;2008;-48,35;1;0,05
05.09.21 10:23;2011;-48,28;1;0,05
05.09.21 11:41;2012;-48,27;12;0,04
05.09.21 12:19;2010;-48,24;12;0,04
05.09.21 12:58;2007;-48,18;12;0,04
05.09.21 13:37;2002;-48,17;12;0,04
05.09.21 14:54;2018;-48,26;8;0,12
05.09.21 15:33;2023;-48,27;8;0,12
05.09.21 16:12;2016;-48,31;8;0,12
05.09.21 16:50;2012;-48,29;8;0,12
05.09.21 18:08;2025;-48,30;4;0,06
05.09.21 18:46;2031;-48,36;4;0,06
05.09.21 20:04;2034;-48,36;4;0,06
05.09.21 20:42;2049;-48,58;4;0,06
05.09.21 21:21;2078;-48,42;5;0,06
05.09.21 22:39;2077;-48,42;2;0,01
05.09.21 23:17;2097;-48,39;2;0,01
05.09.21 23:56;2075;-48,40;2;0,01
06.09.21 00:35;2050;-48,30;2;0,01
06.09.21 01:52;2085;-48,33;3;0,07
06.09.21 02:31;2088;-48,50;3;0,07
06.09.21 03:10;2250;-48,16;3;0,07
06.09.21 03:48;2176;-48,09;3;0,07
06.09.21 05:06;2290;-48,30;24;0,08
06.09.21 05:44;2296;-48,14;24;0,08
06.09.21 06:23;2227;-48,72;23;0,08
06.09.21 07:02;2229;-48,66;23;0,08
06.09.21 08:19;2108;-48,44;23;0,07
06.09.21 08:58;2062;-48,72;22;0,07
06.09.21 09:37;2072;-48,59;22;0,07
06.09.21 10:15;2040;-48,50;22;0,07
06.09.21 11:33;2024;-48,42;12;0,07
06.09.21 12:11;2021;-48,30;12;0,07
06.09.21 12:50;2057;-48,60;12;0,07
06.09.21 13:29;2092;-48,60;12;0,07
06.09.21 14:46;2086;-48,59;4;0,03
06.09.21 15:25;2098;-48,68;4;0,03
06.09.21 16:42;2130;-49,01;4;0,03
06.09.21 17:21;2095;-48,89;4;0,03
06.09.21 18:00;2085;-48,67;4;0,03
06.09.21 19:17;2119;-48,63;8;0,04
06.09.21 19:56;2143;-48,66;8;0,04
06.09.21 20:35;2124;-48,78;8;0,04
06.09.21 21:13;2112;-48,85;8;0,04
06.09.21 22:31;2131;-48,72;2;0,05
06.09.21 23:09;2148;-48,69;2;0,05
06.09.21 23:48;2178;-48,68;2;0,05
07.09.21 00:27;2155;-48,75;2;0,05
07.09.21 01:44;2155;-48,88;7;0,11
07.09.21 02:23;2153;-49,12;7;0,11
07.09.21 03:02;2159;-49,09;7;0,11
07.09.21 03:40;2210;-48,95;7;0,11
07.09.21 04:58;2207;-48,93;14;0,14
07.09.21 05:36;2184;-49,06;13;0,14
07.09.21 06:15;2186;-48,91;13;0,14
07.09.21 06:54;2116;-48,63;13;0,14
07.09.21 08:11;2045;-48,38;7;0,03
07.09.21 08:50;2047;-48,26;7;0,03
07.09.21 09:29;2042;-48,32;7;0,03
07.09.21 10:07;2021;-48,23;7;0,03
07.09.21 11:25;2016;-48,26;3;0,03
07.09.21 12:04;2013;-48,20;3;0,03
07.09.21 13:21;2005;-48,33;3;0,03
07.09.21 14:00;2011;-48,26;3;0,03
07.09.21 14:38;2009;-48,23;3;0,03
07.09.21 15:56;2025;-48,34;7;0,04
07.09.21 16:34;2059;-48,66;7;0,04
07.09.21 17:13;2073;-48,54;7;0,04
07.09.21 17:52;2086;-48,58;7;0,04
07.09.21 19:09;2097;-48,67;2;0,05
07.09.21 19:48;2083;-48,64;2;0,05
07.09.21 20:27;2046;-48,88;2;0,05
07.09.21 21:05;2106;-48,77;2;0,05
07.09.21 22:23;2218;-49,25;9;0,03
07.09.21 23:02;2273;-49,75;9;0,03
07.09.21 23:40;2693;-51,57;11;0,03
08.09.21 00:19;4487;-56,07;18;0,03
08.09.21 01:36;2544;-50,66;18;0,08
08.09.21 02:15;2417;-50,02;17;0,08
08.09.21 02:54;2324;-49,57;17;0,08
08.09.21 03:32;2216;-49,15;16;0,08
08.09.21 04:50;2299;-49,25;0;0,03
08.09.21 05:29;2300;-49,39;0;0,03
08.09.21 06:07;2277;-49,28;0;0,03
08.09.21 06:46;2235;-49,07;0;0,03
08.09.21 08:03;2158;-48,89;0;0,05
08.09.21 08:42;2132;-48,96;0;0,05
08.09.21 10:00;2086;-48,88;0;0,05
08.09.21 10:38;2099;-48,74;0;0,05
08.09.21 11:17;2097;-48,78;0;0,05
08.09.21 12:34;2068;-48,82;15;0,03
08.09.21 13:13;2041;-48,67;15;0,03
08.09.21 13:52;2019;-48,47;14;0,03
08.09.21 14:31;1996;-48,37;14;0,03
08.09.21 15:48;2041;-48,39;17;0,15
08.09.21 16:27;2018;-48,40;17;0,15
08.09.21 17:05;2008;-48,42;17;0,15
08.09.21 17:44;2022;-48,47;17;0,15
08.09.21 19:01;2059;-48,39;10;0,14
08.09.21 19:40;2049;-48,38;10;0,14
08.09.21 20:19;2042;-48,44;10;0,14
08.09.21 20:58;2050;-48,49;10;0,14
08.09.21 22:15;2055;-48,46;8;0,04
08.09.21 22:54;2071;-48,57;8;0,04
08.09.21 23:32;2052;-48,67;8;0,04
09.09.21 00:11;2074;-48,69;9;0,04
09.09.21 01:29;2093;-48,60;1;0,04
09.09.21 02:07;2097;-48,55;1;0,04
09.09.21 02:46;2119;-48,58;1;0,04
09.09.21 03:25;2134;-48,64;1;0,04
09.09.21 04:42;2153;-48,77;7;0,05
09.09.21 05:21;2147;-48,70;7;0,05
09.09.21 06:38;2150;-48,79;7;0,05
09.09.21 07:17;2138;-48,73;7;0,05
09.09.21 07:56;2132;-48,81;7;0,05
09.09.21 09:13;2095;-48,54;7;0,03
09.09.21 09:52;2080;-48,60;7;0,03
09.09.21 10:30;2067;-48,50;7;0,03
09.09.21 11:09;2059;-48,65;7;0,03
09.09.21 12:27;2118;-48,76;4;0,00
09.09.21 13:05;2044;-48,55;4;0,00
09.09.21 13:44;2016;-48,39;4;0,00
09.09.21 14:23;2004;-48,24;4;0,00
09.09.21 15:40;2035;-48,30;10;0,01
09.09.21 16:19;2028;-48,37;10;0,01
09.09.21 16:57;2029;-48,29;10;0,01
09.09.21 17:36;2045;-48,31;10;0,01
09.09.21 18:54;2055;-48,48;4;0,04
09.09.21 19:32;2059;-48,32;4;0,04
09.09.21 20:11;2063;-48,39;4;0,04
09.09.21 20:50;2090;-48,37;4;0,04
09.09.21 22:07;2134;-48,63;1;0,04
09.09.21 22:46;2158;-48,85;1;0,04
09.09.21 23:25;2209;-49,13;1;0,04
10.09.21 00:03;2219;-49,28;1;0,04
10.09.21 01:21;2794;-51,87;6;0,08
10.09.21 01:59;2602;-50,67;6;0,08
10.09.21 03:17;2489;-50,37;5;0,08
10.09.21 03:55;2366;-50,00;5;0,08
10.09.21 04:34;2405;-50,30;5;0,08
10.09.21 05:52;2348;-49,55;7;0,06
10.09.21 06:30;2434;-50,18;7;0,06
10.09.21 07:09;2332;-49,90;7;0,06
10.09.21 07:48;2355;-49,75;7;0,06
10.09.21 09:05;2197;-49,25;1;0,01
10.09.21 09:44;2129;-48,90;1;0,01
10.09.21 10:23;2077;-48,72;1;0,01
10.09.21 11:01;2085;-48,67;1;0,01
10.09.21 12:19;2129;-48,84;8;0,03
10.09.21 12:57;2081;-48,76;8;0,03
10.09.21 13:36;2096;-49,05;8;0,03
10.09.21 14:15;2094;-48,72;8;0,03
10.09.21 15:32;2086;-48,68;13;0,02
10.09.21 16:11;2102;-48,64;13;0,02
10.09.21 16:50;2096;-48,85;13;0,02
10.09.21 17:28;2105;-48,66;13;0,02
10.09.21 18:46;2080;-48,62;13;0,10
10.09.21 19:24;2028;-48,53;12;0,10
10.09.21 20:03;1968;-48,13;12;0,10
10.09.21 20:42;2266;-50,13;14;0,10
10.09.21 21:59;2002;-48,38;2;0,00
10.09.21 22:38;2008;-48,28;2;0,00
10.09.21 23:55;2128;-48,67;2;0,00
11.09.21 00:34;2049;-48,58;2;0,00
11.09.21 01:13;2132;-49,04;2;0,00
11.09.21 02:30;2153;-49,05;3;0,03
11.09.21 03:09;2159;-49,08;3;0,03
11.09.21 03:48;2134;-49,13;3;0,03
11.09.21 04:26;2150;-49,07;3;0,03
11.09.21 05:44;2136;-49,11;0;0,02
11.09.21 06:22;2127;-49,06;0;0,02
11.09.21 07:01;2106;-48,86;0;0,02
11.09.21 07:40;2115;-48,91;0;0,02
11.09.21 08:57;2111;-48,79;4;0,07
11.09.21 09:36;2137;-48,89;4;0,07
11.09.21 10:15;2158;-49,08;4;0,07
11.09.21 10:53;2154;-49,12;4;0,07
11.09.21 12:11;2202;-49,69;5;0,12
11.09.21 12:50;2141;-49,27;5;0,12
11.09.21 13:28;2123;-49,29;5;0,12
11.09.21 14:07;2087;-48,82;5;0,12
11.09.21 15:24;2077;-48,73;3;0,01
11.09.21 16:03;2080;-48,97;3;0,01
11.09.21 16:42;2109;-49,04;3;0,01
11.09.21 17:20;2104;-49,08;3;0,01
11.09.21 18:38;2123;-48,96;8;0,11
11.09.21 19:17;2125;-48,98;8;0,11
11.09.21 20:34;2116;-49,17;8;0,11
11.09.21 21:13;2125;-49,14;8;0,11
11.09.21 21:51;2158;-49,38;8;0,11
11.09.21 23:09;2132;-49,02;6;0,04
11.09.21 23:48;2111;-49,02;6;0,04
12.09.21 00:26;2091;-48,92;6;0,04
12.09.21 01:05;2097;-49,06;6;0,04
12.09.21 02:22;2146;-49,32;4;0,05
12.09.21 03:01;2142;-49,37;4;0,05
12.09.21 03:40;2126;-48,94;4;0,05
12.09.21 04:18;2155;-49,32;4;0,05
12.09.21 05:36;2134;-49,30;7;0,05
12.09.21 06:15;2131;-49,25;7;0,05
12.09.21 06:53;2143;-49,44;7;0,05
12.09.21 07:32;2128;-49,39;7;0,05
12.09.21 08:49;2103;-48,99;0;0,16
12.09.21 09:28;2086;-49,06;0;0,16
12.09.21 10:07;2049;-48,72;0;0,16
12.09.21 10:46;2048;-48,82;0;0,16
12.09.21 12:03;2043;-48,75;19;0,04
12.09.21 12:42;2044;-48,86;19;0,04
12.09.21 13:20;2028;-48,82;19;0,04
12.09.21 13:59;2034;-48,75;19;0,04
12.09.21 15:17;1976;-48,26;11;0,07
12.09.21 15:55;1967;-48,26;11;0,07
12.09.21 17:13;1999;-48,30;11;0,07
12.09.21 17:51;2011;-48,37;11;0,07
12.09.21 18:30;2015;-48,45;11;0,07
12.09.21 19:47;2054;-48,80;3;0,31
12.09.21 20:26;;;;
13.09.21 09:51;;;;
13.09.21 10:30;1979;-48,19;;
13.09.21 11:09;1985;-48,16;;
13.09.21 11:47;1993;-47,97;;
13.09.21 12:26;;;;
13.09.21 14:22;2003;-47,91;0;0,00
13.09.21 15:12;;;;
13.09.21 15:51;2028;-48,10;0;0,02
13.09.21 16:29;1995;-48,13;0;0,02
13.09.21 17:08;1992;-48,16;0;0,02
13.09.21 18:25;2008;-48,11;0;0,02
13.09.21 19:04;2036;-48,09;0;0,02
13.09.21 19:43;2038;-48,00;0;0,02
13.09.21 20:22;2042;-48,05;0;0,02
13.09.21 21:39;;;;
;;;;
;;;;
;;;;
;;;;
;;;;
;;;;
;;;;
;;;;
;;;;
;;;;
14.09.21 07:56;2073;-48,95;#DIV/0!;#DIV/0!
14.09.21 08:35;2024;-48,34;#DIV/0!;#DIV/0!
14.09.21 09:14;2060;-48,67;#DIV/0!;#DIV/0!
14.09.21 10:31;2064;-48,62;16;0,01
14.09.21 11:10;2055;-48,47;15;0,01
14.09.21 11:49;2012;-48,41;15;0,01
14.09.21 12:27;2024;-48,31;15;0,01
14.09.21 13:45;2033;-48,40;6;0,00
14.09.21 14:23;2041;-48,40;6;0,00
14.09.21 15:02;2031;-48,43;6;0,00
14.09.21 15:41;2093;-48,36;7;0,00
14.09.21 16:58;2022;-48,34;0;0,01
14.09.21 17:37;2028;-48,34;0;0,01
14.09.21 18:16;2034;-48,53;0;0,01
14.09.21 18:54;2047;-48,48;0;0,01
14.09.21 20:12;2061;-48,55;24;0,04
14.09.21 20:50;2063;-48,46;24;0,04
14.09.21 21:29;2059;-48,56;24;0,04
14.09.21 22:08;2021;-47,83;23;0,04
14.09.21 23:25;;;;
;;;;
;;;;
;;;;
;;;;
;;;;
;;;;
;;;;
;;;;
15.09.21 07:58;2143;-48,84;#DIV/0!;#DIV/0!
15.09.21 08:37;2125;-48,84;#DIV/0!;#DIV/0!
15.09.21 09:15;2115;-48,69;#DIV/0!;#DIV/0!
15.09.21 10:33;2094;-48,61;5;0,01
15.09.21 11:12;2107;-48,67;5;0,01
15.09.21 11:50;2106;-48,76;5;0,01
15.09.21 12:29;2104;-48,72;5;0,01
15.09.21 13:46;2118;-48,71;9;0,04
15.09.21 14:25;2104;-48,64;9;0,04
15.09.21 15:04;2130;-48,81;9;0,04
15.09.21 15:42;2117;-48,66;9;0,04
15.09.21 17:00;2259;-49,46;1;0,00
15.09.21 17:39;2181;-49,20;1;0,00
15.09.21 18:17;2200;-49,01;1;0,00
15.09.21 18:56;2270;-48,86;1;0,00
15.09.21 20:13;2154;-48,77;9;0,07
15.09.21 20:52;2166;-48,96;9;0,07
15.09.21 21:31;2192;-49,17;9;0,07
15.09.21 22:09;2147;-49,03;9;0,07
15.09.21 23:27;2067;-48,75;12;0,01
16.09.21 00:06;2074;-48,74;12;0,01
16.09.21 00:44;2073;-48,81;12;0,01
16.09.21 01:23;2079;-48,74;12;0,01
16.09.21 02:40;2056;-48,60;1;0,02
16.09.21 03:19;2051;-48,63;1;0,02
16.09.21 04:36;2039;-48,82;1;0,02
16.09.21 05:15;2052;-48,71;1;0,02
16.09.21 05:54;2060;-48,71;1;0,02
16.09.21 07:11;2093;-48,88;9;0,09
16.09.21 07:50;2101;-48,81;9;0,09
16.09.21 08:29;2100;-48,75;9;0,09
16.09.21 09:07;2071;-48,58;9;0,09
16.09.21 10:25;2044;-48,58;17;0,09
16.09.21 11:04;2032;-48,43;16;0,09
16.09.21 11:42;2026;-48,36;16;0,09
16.09.21 12:21;2008;-48,30;16;0,09
16.09.21 13:38;1998;-48,23;14;0,01
16.09.21 14:17;1984;-48,37;14;0,01
16.09.21 14:56;1975;-48,46;14;0,01
16.09.21 15:34;1997;-48,41;14;0,01
16.09.21 16:52;2004;-48,37;2;0,04
16.09.21 17:31;2001;-48,27;2;0,04
16.09.21 18:09;2005;-48,37;2;0,04
16.09.21 18:48;2015;-48,39;2;0,04
16.09.21 20:05;2001;-48,50;3;0,01
16.09.21 20:44;2002;-48,51;3;0,01
16.09.21 21:23;2011;-48,41;3;0,01
16.09.21 22:01;2013;-48,47;3;0,01
16.09.21 23:19;2003;-48,35;3;0,02
16.09.21 23:58;2000;-48,54;3;0,02
17.09.21 01:15;1998;-48,63;3;0,02
17.09.21 01:54;1999;-48,50;3;0,02
17.09.21 02:32;2005;-48,45;3;0,02
17.09.21 03:50;2009;-48,47;2;0,08
17.09.21 04:28;2005;-48,52;2;0,08
17.09.21 05:07;2005;-48,44;2;0,08
17.09.21 05:46;2006;-48,48;2;0,08
;;;;
;;;;
;;;;
;;;;
;;;;
;;;;
;;;;
;;;;
;;;;
;;;;
;;;;
;;;;
;;;;
;;;;
;;;;
;;;;
;;;;
;;;;
;;;;
;;;;
;;;;
;;;;
;;;;
;;;;
;;;;
;;;;
;;;;
;;;;
;;;;
;;;;
;;;;
;;;;
;;;;
;;;;
;;;;
;;;;
;;;;
;;;;
;;;;
;;;;
;;;;
;;;;
;;;;
;;;;
;;;;
;;;;
;;;;
;;;;
;;;;
;;;;
;;;;
;;;;
;;;;
;;;;
;;;;
;;;;
;;;;
;;;;
;;;;
;;;;
;;;;
;;;;
;;;;
;;;;
;;;;
;;;;
;;;;
;;;;
;;;;
;;;;
;;;;
;;;;
;;;;
;;;;
;;;;
;;;;
;;;;
;;;;
;;;;
;;;;
;;;;
;;;;
;;;;
;;;;
;;;;
;;;;
;;;;
;;;;
;;;;
;;;;
;;;;
;;;;
;;;;
;;;;
;;;;
;;;;
;;;;
;;;;
;;;;
;;;;
;;;;
;;;;
;;;;
;;;;
;;;;
;;;;
;;;;
;;;;
;;;;
;;;;
;;;;
;;;;
;;;;
;;;;
;;;;
;;;;
;;;;
;;;;
;;;;
;;;;
;;;;
;;;;
;;;;
;;;;
;;;;
;;;;
;;;;
;;;;
;;;;
;;;;
;;;;
;;;;
;;;;
;;;;
;;;;
;;;;
;;;;
;;;;
;;;;
;;;;
;;;;
;;;;
;;;;
;;;;
;;;;
;;;;
;;;;
;;;;
;;;;
;;;;
;;;;
;;;;
;;;;
;;;;
;;;;
;;;;
;;;;
;;;;
;;;;
;;;;
;;;;
;;;;
;;;;
;;;;
;;;;
;;;;
;;;;
;;;;
;;;;
;;;;
;;;;
;;;;
;;;;
;;;;
;;;;
;;;;
;;;;
;;;;
;;;;
;;;;
;;;;
;;;;
;;;;
;;;;
;;;;
;;;;
;;;;
;;;;
;;;;
;;;;
;;;;
;;;;
;;;;
;;;;
;;;;
;;;;
;;;;
;;;;
;;;;
;;;;
;;;;
;;;;
;;;;
;;;;
;;;;
;;;;
;;;;
;;;;
;;;;
;;;;
;;;;
;;;;
;;;;
;;;;
;;;;
;;;;
;;;;
;;;;
;;;;
;;;;
;;;;
;;;;
;;;;
;;;;
;;;;
;;;;
;;;;
;;;;
;;;;
;;;;
;;;;
;;;;
;;;;
;;;;
;;;;
;;;;
;;;;
;;;;
;;;;
;;;;
;;;;
;;;;
;;;;
;;;;
;;;;
;;;;
;;;;
;;;;
;;;;
;;;;
;;;;
;;;;
;;;;
;;;;
;;;;
;;;;
;;;;
;;;;
;;;;
;;;;
;;;;
;;;;
;;;;
;;;;
;;;;
;;;;
;;;;
;;;;
;;;;
;;;;
;;;;
;;;;
;;;;
;;;;
;;;;
;;;;
;;;;
;;;;
;;;;
;;;;
;;;;
;;;;
;;;;
;;;;
;;;;
;;;;
;;;;
;;;;
;;;;
;;;;
;;;;
;;;;
;;;;
;;;;
;;;;
;;;;
;;;;
;;;;
;;;;
;;;;
;;;;
;;;;
;;;;
;;;;
;;;;
;;;;
;;;;
;;;;
;;;;
;;;;
;;;;
;;;;
;;;;
;;;;
;;;;
;;;;
;;;;
;;;;
;;;;
;;;;
;;;;
;;;;
;;;;
;;;;
;;;;
;;;;
;;;;
;;;;
;;;;
;;;;
;;;;
;;;;
;;;;
;;;;
;;;;
;;;;
;;;;
;;;;
;;;;
;;;;
;;;;
;;;;
;;;;
;;;;
;;;;
;;;;
;;;;
;;;;
;;;;
;;;;
;;;;
;;;;
;;;;
;;;;
;;;;
;;;;
;;;;
;;;;
;;;;
;;;;
;;;;
;;;;
;;;;
;;;;
;;;;
;;;;
;;;;
;;;;
;;;;
;;;;
;;;;
;;;;
;;;;
;;;;
;;;;
;;;;
;;;;
;;;;
;;;;
;;;;
;;;;
;;;;
;;;;
;;;;
;;;;
;;;;
;;;;
;;;;
;;;;
;;;;
;;;;
;;;;
;;;;
;;;;
;;;;
;;;;
;;;;
;;;;
;;;;