fill time utc;[CH4]
01.08.21 22:03;2000
01.08.21 22:42;2006
01.08.21 23:01;2008
01.08.21 23:20;2017
01.08.21 23:40;2067
02.08.21 00:38;2080
02.08.21 00:57;2080
02.08.21 01:16;2065
02.08.21 01:55;2038
02.08.21 02:14;2061
02.08.21 02:34;2030
02.08.21 02:53;2051
02.08.21 03:51;2069
02.08.21 04:11;2073
02.08.21 04:30;2054
02.08.21 05:09;2058
02.08.21 05:28;2085
02.08.21 05:47;2061
02.08.21 06:07;2081
02.08.21 07:05;2071
02.08.21 07:24;2093
02.08.21 07:44;2034
02.08.21 08:22;2004
02.08.21 08:42;2004
02.08.21 09:01;1980
02.08.21 09:20;2005
02.08.21 10:19;1968
02.08.21 10:38;1973
02.08.21 10:57;1934
02.08.21 11:36;1945
02.08.21 11:55;1972
02.08.21 12:15;1947
02.08.21 12:34;1971
02.08.21 13:32;1983
02.08.21 13:52;1987
02.08.21 14:11;1951
02.08.21 14:50;1951
02.08.21 15:09;1972
02.08.21 15:28;1962
02.08.21 15:48;1959
02.08.21 16:46;1945
02.08.21 17:05;1957
02.08.21 18:03;1947
02.08.21 18:42;1938
02.08.21 19:00;1972
02.08.21 19:21;1960
02.08.21 19:39;1963
02.08.21 20:38;1965
02.08.21 20:57;1973
02.08.21 21:17;1985
02.08.21 21:56;1983
02.08.21 22:14;1994
02.08.21 22:34;2013
02.08.21 22:53;2008
02.08.21 23:52;2016
03.08.21 00:10;1980
03.08.21 00:30;2032
03.08.21 01:09;2093
03.08.21 01:28;2086
03.08.21 01:48;2119
03.08.21 02:06;2108
03.08.21 03:05;2155
03.08.21 03:24;2145
03.08.21 03:44;2157
03.08.21 04:23;2123
03.08.21 04:41;2025
03.08.21 05:02;1995
03.08.21 05:20;1990
03.08.21 06:19;3077
03.08.21 06:37;2545
03.08.21 06:58;2374
03.08.21 07:36;2175
03.08.21 07:56;2028
03.08.21 08:15;2006
03.08.21 08:34;1977
03.08.21 09:33;1976
03.08.21 09:52;1973
03.08.21 10:11;1976
03.08.21 10:50;1993
03.08.21 11:09;1976
03.08.21 11:29;2007
03.08.21 11:48;1993
03.08.21 12:46;1995
03.08.21 13:06;1989
03.08.21 14:04;2008
03.08.21 14:42;2002
03.08.21 15:02;1973
03.08.21 15:21;1973
03.08.21 15:40;1973
03.08.21 16:39;2002
03.08.21 16:58;1973
03.08.21 17:17;2004
03.08.21 17:56;1975
03.08.21 18:15;1970
03.08.21 18:35;1981
03.08.21 18:54;1974
03.08.21 19:52;2051
03.08.21 20:12;2013
03.08.21 20:31;2031
03.08.21 21:10;2034
03.08.21 21:29;2043
03.08.21 21:48;2028
03.08.21 22:08;2029
03.08.21 23:06;2069
03.08.21 23:25;2061
03.08.21 23:45;2087
04.08.21 00:23;2070
04.08.21 00:43;2076
04.08.21 01:02;2080
04.08.21 01:21;2086
04.08.21 02:19;2159
04.08.21 02:39;2142
04.08.21 02:58;2198
04.08.21 03:37;2174
04.08.21 03:56;2182
04.08.21 04:16;2183
04.08.21 04:35;2162
04.08.21 05:33;2099
04.08.21 05:52;2106
04.08.21 06:12;2100
04.08.21 06:50;2083
04.08.21 07:10;2065
04.08.21 07:29;2045
04.08.21 07:49;2061
04.08.21 08:27;2067
04.08.21 08:47;2064
04.08.21 10:04;2004
04.08.21 10:43;1989
04.08.21 11:02;2007
04.08.21 11:22;1979
04.08.21 11:41;1989
04.08.21 12:20;1968
04.08.21 12:39;2009
04.08.21 12:58;1978
04.08.21 13:18;2000
04.08.21 13:56;1967
04.08.21 14:16;2007
04.08.21 14:35;1982
04.08.21 14:54;2015
04.08.21 15:33;2009
04.08.21 15:53;2011
04.08.21 16:12;1978
04.08.21 16:31;1997
04.08.21 17:10;1976
04.08.21 17:29;1975
04.08.21 17:49;1976
04.08.21 18:08;1981
04.08.21 18:47;2000
04.08.21 19:06;2012
04.08.21 19:26;2020
04.08.21 19:45;2057
04.08.21 20:24;2030
04.08.21 20:43;2052
04.08.21 21:02;2027
04.08.21 21:22;2033
04.08.21 22:00;2044
04.08.21 22:20;2071
04.08.21 22:39;2045
04.08.21 22:59;2098
04.08.21 23:37;2062
04.08.21 23:57;2071
05.08.21 00:16;2061
05.08.21 00:35;2059
05.08.21 01:14;2040
05.08.21 01:33;2063
05.08.21 01:53;2028
05.08.21 02:12;2079
05.08.21 02:51;2048
05.08.21 03:10;2032
05.08.21 03:30;2042
05.08.21 03:49;2030
05.08.21 04:28;2027
05.08.21 04:47;2043
05.08.21 05:06;2020
05.08.21 06:04;2058
05.08.21 06:43;2029
05.08.21 07:03;2024
05.08.21 07:22;2030
05.08.21 07:41;2022
05.08.21 08:20;2045
05.08.21 08:39;2115
05.08.21 08:59;2032
05.08.21 09:18;2034
05.08.21 09:57;2012
05.08.21 10:16;1995
05.08.21 10:36;1990
05.08.21 10:55;1988
05.08.21 11:34;1976
05.08.21 11:53;2002
05.08.21 12:12;1988
05.08.21 12:32;2022
05.08.21 13:10;1992
05.08.21 13:30;1999
05.08.21 13:49;2009
05.08.21 14:09;2013
05.08.21 14:47;2006
05.08.21 15:07;1977
05.08.21 15:26;1994
05.08.21 15:45;1974
05.08.21 16:24;1975
05.08.21 16:43;1996
05.08.21 17:03;1960
05.08.21 17:22;2001
05.08.21 18:01;2019
05.08.21 18:20;2015
05.08.21 18:40;2038
05.08.21 18:59;2010
05.08.21 19:38;1976
05.08.21 19:57;1975
05.08.21 20:16;1963
05.08.21 20:36;1989
05.08.21 21:14;2000
05.08.21 21:34;2048
05.08.21 21:53;2016
05.08.21 22:13;2013
05.08.21 22:51;2024
05.08.21 23:11;2034
05.08.21 23:30;2069
05.08.21 23:49;2026
06.08.21 00:28;2053
06.08.21 00:47;2075
06.08.21 01:07;2026
06.08.21 02:05;2059
06.08.21 02:44;2068
06.08.21 03:03;2099
06.08.21 03:22;2117
06.08.21 03:42;2085
06.08.21 04:20;2063
06.08.21 04:40;2068
06.08.21 04:59;2065
06.08.21 05:19;2059
06.08.21 05:57;2081
06.08.21 06:17;2052
06.08.21 06:36;2049
06.08.21 06:55;2046
06.08.21 07:34;2050
06.08.21 07:53;2083
06.08.21 08:13;2102
06.08.21 08:32;2071
06.08.21 09:11;2064
06.08.21 09:30;2024
06.08.21 09:50;2015
06.08.21 10:09;2032
06.08.21 10:48;2014
06.08.21 11:07;2007
06.08.21 11:26;2002
06.08.21 11:46;2004
06.08.21 12:24;2029
06.08.21 12:44;2007
06.08.21 13:03;1989
06.08.21 13:23;2004
06.08.21 14:01;2021
06.08.21 14:21;2003
06.08.21 14:40;2018
06.08.21 14:59;2023
06.08.21 15:38;1997
06.08.21 15:57;2022
06.08.21 16:17;2004
06.08.21 16:36;2016
06.08.21 17:15;2009
06.08.21 17:34;2011
06.08.21 17:54;2020
06.08.21 18:13;2021
06.08.21 18:52;1999
06.08.21 19:11;2035
06.08.21 19:30;1999
06.08.21 19:50;2024
06.08.21 20:28;2005
06.08.21 20:48;1981
06.08.21 21:07;2013
06.08.21 22:05;2254
06.08.21 22:44;2063
06.08.21 23:03;2069
06.08.21 23:23;2047
06.08.21 23:42;2050
07.08.21 00:21;2112
07.08.21 00:40;2097
07.08.21 01:00;2127
07.08.21 01:19;2092
07.08.21 01:58;2054
07.08.21 02:17;2111
07.08.21 02:36;2066
07.08.21 02:56;2094
07.08.21 03:34;2125
07.08.21 03:54;2084
07.08.21 04:13;2113
07.08.21 04:33;2097
07.08.21 05:11;2071
07.08.21 05:31;2082
07.08.21 05:50;2054
07.08.21 06:09;2104
07.08.21 06:48;2110
07.08.21 07:07;2096
07.08.21 07:27;2068
07.08.21 07:46;2089
07.08.21 08:25;2059
07.08.21 08:44;2130
07.08.21 09:04;2105
07.08.21 09:23;2204
07.08.21 10:02;2112
07.08.21 10:21;2009
07.08.21 10:40;2024
07.08.21 11:00;2055
07.08.21 11:39;1975
07.08.21 11:58;2017
07.08.21 12:17;1959
07.08.21 12:37;2010
07.08.21 13:15;2004
07.08.21 13:35;2037
07.08.21 13:54;1996
07.08.21 14:13;1995
07.08.21 14:52;1994
07.08.21 15:11;2000
07.08.21 15:31;1971
07.08.21 15:50;1987
07.08.21 16:29;1965
07.08.21 16:48;2016
07.08.21 17:08;1973
07.08.21 18:06;1996
07.08.21 18:44;2004
07.08.21 19:04;2026
07.08.21 19:23;2057
07.08.21 19:43;1999
07.08.21 20:21;2052
07.08.21 20:41;2184
07.08.21 21:00;2316
07.08.21 21:19;2440
07.08.21 21:58;2542
07.08.21 22:17;2991
07.08.21 22:37;2519
07.08.21 22:56;2304
07.08.21 23:35;2107
07.08.21 23:54;2045
08.08.21 00:14;2027
08.08.21 00:33;2011
08.08.21 01:12;2041
08.08.21 01:31;2097
08.08.21 01:50;2111
08.08.21 02:10;2072
08.08.21 02:48;2064
08.08.21 03:08;2034
08.08.21 03:27;2074
08.08.21 03:47;2047
08.08.21 04:25;2073
08.08.21 04:45;2075
08.08.21 05:04;2069
08.08.21 05:23;2037
08.08.21 06:02;2023
08.08.21 06:21;1996
08.08.21 06:41;2026
08.08.21 07:00;2000
08.08.21 07:39;2052
08.08.21 07:58;2098
08.08.21 08:18;2024
08.08.21 08:37;2043
08.08.21 09:16;2043
08.08.21 09:35;2023
08.08.21 09:54;2041
08.08.21 10:14;2050
08.08.21 10:53;2009
08.08.21 11:12;2017
08.08.21 11:31;1996
08.08.21 11:51;2025
08.08.21 12:29;2007
08.08.21 12:49;2006
08.08.21 13:08;1999
08.08.21 13:27;1999
08.08.21 14:25;2006
08.08.21 14:45;2038
08.08.21 15:24;1995
08.08.21 15:43;2008
08.08.21 16:02;1998
08.08.21 16:22;2003
08.08.21 17:00;2010
08.08.21 17:20;2038
08.08.21 17:39;2002
08.08.21 17:58;2046
08.08.21 18:37;2047
08.08.21 18:57;2023
08.08.21 19:16;2015
08.08.21 19:35;2027
08.08.21 20:14;2023
08.08.21 20:33;2047
08.08.21 20:53;2041
08.08.21 21:12;2038
08.08.21 21:51;2064
08.08.21 22:10;2020
08.08.21 22:30;2042
08.08.21 22:49;2098
08.08.21 23:28;2022
08.08.21 23:47;2072
09.08.21 00:06;2028
09.08.21 00:26;2036
09.08.21 01:04;2068
09.08.21 01:43;2048
09.08.21 02:03;2033
09.08.21 02:41;2024
09.08.21 03:01;2045
09.08.21 03:20;2035
09.08.21 03:39;2071
09.08.21 04:18;2081
09.08.21 04:37;2062
09.08.21 04:57;2079
09.08.21 05:16;2047
09.08.21 05:55;2029
09.08.21 06:14;2053
09.08.21 06:34;2028
09.08.21 06:53;2048
09.08.21 07:32;2030
09.08.21 07:51;2040
09.08.21 08:10;2069
09.08.21 08:30;2028
09.08.21 09:08;2016
09.08.21 09:28;2019
09.08.21 09:47;2031
09.08.21 10:07;2007
09.08.21 11:05;2026
09.08.21 11:24;2011
09.08.21 12:03;1994
09.08.21 12:22;1988
09.08.21 12:41;1988
09.08.21 13:01;1996
09.08.21 13:40;1988
09.08.21 13:59;1985
09.08.21 14:18;1977
09.08.21 14:38;1991
09.08.21 15:16;2022
09.08.21 15:36;1988
09.08.21 15:55;1985
09.08.21 16:14;1977
09.08.21 16:53;1985
09.08.21 17:13;1988
09.08.21 17:32;1998
09.08.21 17:51;2022
09.08.21 18:30;2015
09.08.21 18:49;1963
09.08.21 19:09;1968
09.08.21 19:28;1981
09.08.21 20:07;1974
09.08.21 20:26;2004
09.08.21 20:45;1967
09.08.21 21:05;2011
09.08.21 21:44;2061
09.08.21 22:03;2002
09.08.21 22:22;2049
09.08.21 22:42;2007
09.08.21 23:20;2643
09.08.21 23:40;3078
09.08.21 23:59;3441
10.08.21 00:18;2763
10.08.21 00:57;2175
10.08.21 01:17;2137
10.08.21 01:36;2128
10.08.21 01:55;2129
10.08.21 02:34;2081
10.08.21 02:53;2072
10.08.21 03:13;2084
10.08.21 03:32;2074
10.08.21 04:11;2106
10.08.21 04:30;2051
10.08.21 04:50;2065
10.08.21 05:09;2052
10.08.21 05:48;2049
10.08.21 06:07;2043
10.08.21 06:26;2088
10.08.21 06:46;2113
10.08.21 07:44;2061
10.08.21 08:03;2049
10.08.21 08:42;2044
10.08.21 09:01;2064
10.08.21 09:21;2025
10.08.21 09:40;2033
10.08.21 10:19;2027
10.08.21 10:38;2028
10.08.21 10:57;2044
10.08.21 11:17;2006
10.08.21 11:55;2035
10.08.21 12:15;2062
10.08.21 12:34;1996
10.08.21 12:54;2044
10.08.21 13:32;2054
10.08.21 13:52;2029
10.08.21 14:11;2017
10.08.21 14:30;1980
10.08.21 15:09;1991
10.08.21 15:28;2022
10.08.21 15:48;2016
10.08.21 16:07;2003
10.08.21 16:46;2024
10.08.21 17:05;2023
10.08.21 17:25;2011
10.08.21 17:44;2035
10.08.21 18:23;2034
10.08.21 18:42;2026
10.08.21 19:01;2049
10.08.21 19:21;2058
10.08.21 20:00;2069
10.08.21 20:19;2129
10.08.21 20:38;2094
10.08.21 20:58;2116
10.08.21 21:36;2131
10.08.21 21:56;2158
10.08.21 22:15;2143
10.08.21 22:34;2146
10.08.21 23:13;2148
10.08.21 23:32;2198
10.08.21 23:52;2204
11.08.21 00:11;2195
11.08.21 00:50;2254
11.08.21 01:09;2257
11.08.21 01:29;2246
11.08.21 01:48;2269
11.08.21 02:27;2228
11.08.21 02:46;2261
11.08.21 03:05;2227
11.08.21 03:25;2228
11.08.21 04:23;2223
11.08.21 04:42;2262
11.08.21 05:21;2248
11.08.21 05:40;2209
11.08.21 06:00;2210
11.08.21 06:19;2206
11.08.21 06:58;2119
11.08.21 07:17;2116
11.08.21 07:37;2072
11.08.21 07:56;2120
11.08.21 08:35;2114
11.08.21 08:54;2092
11.08.21 09:13;2022
11.08.21 09:33;2029
11.08.21 10:11;2004
11.08.21 10:31;2049
11.08.21 10:50;2021
11.08.21 11:10;2057
11.08.21 11:48;2033
11.08.21 12:08;2021
11.08.21 12:27;2024
11.08.21 12:46;2016
11.08.21 13:25;2030
11.08.21 13:44;2086
11.08.21 14:04;2054
11.08.21 14:23;2076
11.08.21 15:02;2049
11.08.21 15:21;2017
11.08.21 15:41;2018
11.08.21 16:00;2022
11.08.21 16:39;2011
11.08.21 16:58;2035
11.08.21 17:17;2028
11.08.21 17:37;2065
11.08.21 18:15;2056
11.08.21 18:35;2051
11.08.21 18:54;2038
11.08.21 19:14;2052
11.08.21 19:52;2067
11.08.21 20:12;2091
11.08.21 20:31;2089
11.08.21 20:50;2114
11.08.21 21:29;2112
11.08.21 21:48;2063
11.08.21 22:08;2065
11.08.21 22:27;2095
11.08.21 23:06;2076
11.08.21 23:25;2087
11.08.21 23:45;2097
12.08.21 00:04;2215
12.08.21 01:02;3690
12.08.21 01:21;4155
12.08.21 02:00;3056
12.08.21 02:20;2276
12.08.21 02:39;2309
12.08.21 02:58;2285
12.08.21 03:37;2251
12.08.21 03:56;2241
12.08.21 04:16;2196
12.08.21 04:35;2135
12.08.21 05:14;2109
12.08.21 05:33;2131
12.08.21 05:52;2158
12.08.21 06:12;2223
12.08.21 06:51;2131
12.08.21 07:10;2128
12.08.21 07:29;2130
12.08.21 07:49;2080
12.08.21 08:27;2050
12.08.21 09:16;2030
12.08.21 09:54;1988
12.08.21 10:14;2015
12.08.21 10:33;2004
12.08.21 10:52;2012
12.08.21 11:31;1992
12.08.21 11:50;1969
12.08.21 12:10;1994
12.08.21 12:29;1987
12.08.21 13:08;2045
12.08.21 13:27;2060
12.08.21 13:47;2057
12.08.21 14:06;2008
12.08.21 14:45;2005
12.08.21 15:04;2013
12.08.21 15:23;1984
12.08.21 15:43;1976
12.08.21 16:21;1981
12.08.21 16:41;2022
12.08.21 17:00;2030
12.08.21 17:20;2037
12.08.21 17:58;2046
12.08.21 18:18;2037
12.08.21 18:37;2061
12.08.21 18:56;2046
12.08.21 19:35;2057
12.08.21 19:54;2086
12.08.21 20:14;2124
12.08.21 20:33;2150
12.08.21 21:12;2150
12.08.21 21:31;2164
12.08.21 21:51;2201
12.08.21 22:10;2182
12.08.21 22:49;2206
12.08.21 23:08;2226
12.08.21 23:27;2188
12.08.21 23:47;2167
13.08.21 00:25;2173
13.08.21 00:45;2139
13.08.21 01:04;2195
13.08.21 01:23;2337
13.08.21 02:02;4120
13.08.21 02:22;3156
13.08.21 02:41;2724
13.08.21 03:00;2386
13.08.21 03:39;2221
13.08.21 03:58;2232
13.08.21 04:18;2207
13.08.21 04:37;2218
13.08.21 05:35;2417
13.08.21 05:54;2314
13.08.21 06:33;2250
13.08.21 06:53;2202
13.08.21 07:12;2199
13.08.21 07:31;2164
13.08.21 08:10;2160
13.08.21 08:29;2158
13.08.21 08:49;2180
13.08.21 09:08;2153
13.08.21 09:47;2118
13.08.21 10:06;2131
13.08.21 10:25;2130
13.08.21 10:45;2079
13.08.21 11:23;2047
13.08.21 11:43;2061
13.08.21 12:02;2074
13.08.21 12:21;2086
13.08.21 13:00;2101
13.08.21 13:20;2142
13.08.21 13:39;2171
13.08.21 13:58;2158
13.08.21 14:37;2123
13.08.21 14:56;2116
13.08.21 15:16;2075
13.08.21 15:35;2057
13.08.21 16:14;2068
13.08.21 16:33;2024
13.08.21 16:52;2037
13.08.21 17:12;2001
13.08.21 17:50;1978
13.08.21 18:10;1962
13.08.21 18:29;2018
13.08.21 18:49;1962
13.08.21 19:27;1963
13.08.21 19:47;2001
13.08.21 20:06;1984
13.08.21 20:25;1992
13.08.21 21:04;2013
13.08.21 21:23;1988
13.08.21 21:43;1993
13.08.21 22:02;1990
13.08.21 22:41;1952
13.08.21 23:00;2029
13.08.21 23:19;2018
13.08.21 23:39;2041
14.08.21 00:17;2049
14.08.21 00:37;2041
14.08.21 00:56;2087
14.08.21 01:16;2120
14.08.21 02:14;2108
14.08.21 02:33;2125
14.08.21 03:12;2138
14.08.21 03:31;2098
14.08.21 03:50;2095
14.08.21 04:10;2088
14.08.21 04:48;2103
14.08.21 05:08;2107
14.08.21 05:27;2081
14.08.21 05:46;2145
14.08.21 06:25;2124
14.08.21 06:44;2092
14.08.21 07:04;2102
14.08.21 07:23;2072
14.08.21 08:02;2054
14.08.21 08:21;2065
14.08.21 08:41;2057
14.08.21 09:00;2046
14.08.21 09:39;2039
14.08.21 09:58;2035
14.08.21 10:17;2010
14.08.21 10:37;2082
14.08.21 11:15;2071
14.08.21 11:35;1994
14.08.21 11:54;2014
14.08.21 12:13;1977
14.08.21 12:52;1968
14.08.21 13:12;2022
14.08.21 13:31;1974
14.08.21 13:50;2025
14.08.21 14:29;2024
14.08.21 14:48;2007
14.08.21 15:08;2047
14.08.21 15:27;2009
14.08.21 16:06;2016
14.08.21 16:25;2017
14.08.21 16:44;2015
14.08.21 17:04;2009
14.08.21 17:42;1994
14.08.21 18:02;1985
14.08.21 18:21;1985
14.08.21 18:40;1954
14.08.21 19:19;1952
14.08.21 19:39;1985
14.08.21 19:58;1967
14.08.21 20:17;1998
14.08.21 20:56;1989
14.08.21 21:15;2043
14.08.21 21:35;2015
14.08.21 21:54;2015
14.08.21 22:52;2035
14.08.21 23:11;2088
14.08.21 23:50;2113
15.08.21 00:09;2096
15.08.21 00:29;2117
15.08.21 00:48;2094
15.08.21 01:27;2098
15.08.21 01:46;2108
15.08.21 02:06;2122
15.08.21 02:25;2119
15.08.21 03:04;2161
15.08.21 03:23;2154
15.08.21 03:42;2157
15.08.21 04:02;2174
15.08.21 04:40;2113
15.08.21 05:00;2083
15.08.21 05:19;2088
15.08.21 05:38;2090
15.08.21 06:17;2133
15.08.21 06:36;2061
15.08.21 06:56;2037
15.08.21 07:15;2030
15.08.21 07:54;2075
15.08.21 08:13;2056
15.08.21 08:33;2051
15.08.21 08:52;2069
15.08.21 09:31;2125
15.08.21 09:50;2207
15.08.21 10:09;2186
15.08.21 10:29;2211
15.08.21 11:07;2198
15.08.21 11:27;2254
15.08.21 11:46;2194
15.08.21 12:05;2225
15.08.21 12:44;2206
15.08.21 13:03;2158
15.08.21 13:23;2163
15.08.21 13:42;2173
15.08.21 14:21;2186
15.08.21 14:40;2238
15.08.21 15:00;2292
15.08.21 15:19;2498
15.08.21 15:58;2101
15.08.21 16:17;2052
15.08.21 16:36;2048
15.08.21 16:56;2051
15.08.21 17:34;2100
15.08.21 17:54;2140
15.08.21 18:13;2121
15.08.21 18:32;2097
15.08.21 19:30;2088
15.08.21 19:50;2075
15.08.21 20:29;2066
15.08.21 20:48;2086
15.08.21 21:07;2090
15.08.21 21:27;2100
15.08.21 22:05;2130
15.08.21 22:25;2146
15.08.21 22:44;2134
15.08.21 23:03;2086
15.08.21 23:42;2015
16.08.21 00:01;2058
16.08.21 00:21;2009
16.08.21 00:40;2014
16.08.21 01:19;2030
16.08.21 01:38;2059
16.08.21 01:57;2074
16.08.21 02:17;2076
16.08.21 02:56;2092
16.08.21 03:15;2194
16.08.21 03:34;2407
16.08.21 03:54;2803
16.08.21 04:32;2092
16.08.21 04:52;2107
16.08.21 05:11;2104
16.08.21 05:30;2077
16.08.21 06:09;2088
16.08.21 06:28;2119
16.08.21 06:48;2068
16.08.21 07:07;2104
16.08.21 07:46;2062
16.08.21 08:05;2082
16.08.21 08:24;2028
16.08.21 08:44;2073
16.08.21 09:23;2109
16.08.21 09:42;2041
16.08.21 10:01;2072
16.08.21 10:21;2041
16.08.21 13:53;2051
16.08.21 14:13;1995
16.08.21 14:32;2041
16.08.21 14:51;2006
16.08.21 15:30;2050
16.08.21 15:50;2046
16.08.21 16:09;1980
16.08.21 16:28;1994
16.08.21 17:07;1944
16.08.21 17:26;1952
16.08.21 17:46;1952
16.08.21 18:05;1962
16.08.21 18:44;1969
16.08.21 19:03;1989
16.08.21 19:22;1972
16.08.21 19:42;1970
16.08.21 20:20;1980
16.08.21 20:40;1999
16.08.21 20:59;2000
16.08.21 21:19;1983
16.08.21 21:57;1994
16.08.21 22:17;2006
16.08.21 22:36;1999
16.08.21 22:55;1970
16.08.21 23:34;1976
16.08.21 23:53;2004
17.08.21 00:13;1994
17.08.21 00:32;1993
17.08.21 01:11;1991
17.08.21 01:30;1967
17.08.21 01:49;1999
17.08.21 02:09;1953
17.08.21 02:48;1987
17.08.21 03:07;1986
17.08.21 03:26;1978
17.08.21 03:46;1975
17.08.21 04:24;1991
17.08.21 04:44;1982
17.08.21 05:03;1969
17.08.21 05:22;1990
17.08.21 06:01;2018
17.08.21 06:20;2006
17.08.21 06:40;1987
17.08.21 06:59;1997
17.08.21 07:38;1985
17.08.21 07:57;1959
17.08.21 08:17;1967
17.08.21 08:36;1956
17.08.21 09:34;2000
17.08.21 09:53;1981
17.08.21 10:32;2000
17.08.21 10:51;1987
17.08.21 11:11;1951
17.08.21 11:30;2001
17.08.21 12:09;1996
17.08.21 12:28;
17.08.21 12:47;1995
17.08.21 13:07;2031
17.08.21 13:46;1984
17.08.21 14:05;1983
17.08.21 14:24;1997
17.08.21 14:44;1999
17.08.21 15:22;1997
17.08.21 15:42;1969
17.08.21 16:01;2005
17.08.21 16:20;1973
17.08.21 16:59;1943
17.08.21 17:18;1980
17.08.21 17:38;1935
17.08.21 17:57;2000
17.08.21 18:36;1985
17.08.21 18:55;1990
17.08.21 19:15;1983
17.08.21 19:34;1987
17.08.21 20:13;1961
17.08.21 20:32;1987
17.08.21 20:51;1969
17.08.21 21:11;2000
17.08.21 21:49;2010
17.08.21 22:09;2033
17.08.21 22:28;2023
17.08.21 22:47;2055
17.08.21 23:26;2077
17.08.21 23:45;2081
18.08.21 00:05;2054
18.08.21 00:24;2099
18.08.21 01:03;2093
18.08.21 01:22;2105
18.08.21 01:42;2095
18.08.21 02:01;2099
18.08.21 02:40;2073
18.08.21 02:59;2115
18.08.21 03:18;2060
18.08.21 03:38;2115
18.08.21 04:16;2124
18.08.21 04:35;
18.08.21 04:56;
18.08.21 05:13;
18.08.21 06:14;2176
18.08.21 06:32;2103
18.08.21 07:11;2082
18.08.21 07:30;2062
18.08.21 07:49;2068
18.08.21 08:09;2065
18.08.21 08:47;2019
18.08.21 09:07;2036
18.08.21 09:26;2030
18.08.21 09:45;2051
18.08.21 10:24;2035
18.08.21 10:44;1997
18.08.21 11:03;2020
18.08.21 11:22;1964
18.08.21 12:01;1990
18.08.21 12:20;2019
18.08.21 12:40;1952
18.08.21 12:59;2014
18.08.21 13:38;2024
18.08.21 13:57;1983
18.08.21 14:16;2028
18.08.21 14:36;1960
18.08.21 15:14;1975
18.08.21 15:34;2037
18.08.21 15:53;
18.08.21 16:13;2031
18.08.21 16:51;2017
18.08.21 17:11;2015
18.08.21 17:30;2020
18.08.21 17:49;2041
18.08.21 18:28;2034
18.08.21 18:47;2049
18.08.21 19:07;2042
18.08.21 19:26;2049
18.08.21 20:05;2003
18.08.21 20:24;2049
18.08.21 20:43;2017
18.08.21 21:03;2042
18.08.21 21:42;2039
18.08.21 22:01;2045
18.08.21 22:20;2041
18.08.21 22:40;2045
18.08.21 23:18;2013
18.08.21 23:38;2029
18.08.21 23:57;1997
19.08.21 00:16;2027
19.08.21 00:55;2011
19.08.21 01:14;2046
19.08.21 01:34;2034
19.08.21 01:53;2025
19.08.21 02:51;2033
19.08.21 03:11;2043
19.08.21 03:49;2001
19.08.21 04:09;2014
19.08.21 04:28;2023
19.08.21 04:47;2026
19.08.21 05:26;2047
19.08.21 05:45;2096
19.08.21 06:05;2066
19.08.21 06:24;2075
19.08.21 07:03;2070
19.08.21 07:22;2017
19.08.21 07:41;2071
19.08.21 08:01;2046
19.08.21 08:40;2006
19.08.21 08:59;2013
19.08.21 09:18;2013
19.08.21 09:38;1999
19.08.21 10:16;1983
19.08.21 10:36;1958
19.08.21 10:55;1956
19.08.21 11:14;1955
19.08.21 11:53;1972
19.08.21 12:12;1965
19.08.21 12:32;1960
19.08.21 12:51;2007
19.08.21 13:30;2002
19.08.21 13:49;2008
19.08.21 14:09;2031
19.08.21 14:28;2020
19.08.21 15:07;2002
19.08.21 15:26;2026
19.08.21 15:45;2004
19.08.21 16:05;
19.08.21 16:43;1963
19.08.21 17:03;1969
19.08.21 17:22;1986
19.08.21 17:41;1958
19.08.21 18:20;1976
19.08.21 18:39;1982
19.08.21 18:59;1963
19.08.21 19:18;1985
19.08.21 19:57;1996
19.08.21 20:16;1984
19.08.21 20:36;1992
19.08.21 20:55;2002
19.08.21 21:34;2019
19.08.21 21:53;1996
19.08.21 22:12;2010
19.08.21 22:32;2018
19.08.21 23:30;2055
19.08.21 23:49;2058
20.08.21 00:28;2051
20.08.21 00:47;2119
20.08.21 01:07;2118
20.08.21 01:26;2141
20.08.21 02:05;2132
20.08.21 02:24;2119
20.08.21 02:43;2105
20.08.21 03:03;2110
20.08.21 03:41;2079
20.08.21 04:01;2052
20.08.21 04:20;2038
20.08.21 04:39;2095
20.08.21 05:18;2073
20.08.21 05:37;2068
20.08.21 05:57;2020
20.08.21 06:16;2007
20.08.21 06:55;2036
20.08.21 07:14;2086
20.08.21 07:34;2219
20.08.21 07:53;2319
20.08.21 08:32;2578
20.08.21 08:51;2588
20.08.21 09:10;2155
20.08.21 09:30;2137
20.08.21 10:08;2080
20.08.21 10:28;2068
20.08.21 10:47;2082
20.08.21 11:07;2076
20.08.21 11:45;2052
20.08.21 12:05;2060
20.08.21 12:24;2026
20.08.21 12:43;2024
20.08.21 13:22;2034
20.08.21 13:41;2009
20.08.21 14:01;2012
20.08.21 14:20;1998
20.08.21 14:59;1945
20.08.21 15:18;1988
20.08.21 15:37;1964
20.08.21 15:57;2015
20.08.21 16:35;1986
20.08.21 16:55;1975
20.08.21 17:14;1966
20.08.21 17:34;1969
20.08.21 18:12;1974
20.08.21 18:32;1998
20.08.21 18:51;1982
20.08.21 19:10;2002
20.08.21 20:08;2000
20.08.21 20:28;1990
20.08.21 21:06;2070
20.08.21 21:26;2075
20.08.21 21:45;2104
20.08.21 22:05;2075
20.08.21 22:43;2098
20.08.21 23:03;2111
20.08.21 23:22;2127
20.08.21 23:41;2140
21.08.21 00:20;2088
21.08.21 00:39;2109
21.08.21 00:59;2113
21.08.21 01:18;2099
21.08.21 01:57;2109
21.08.21 02:16;2132
21.08.21 02:35;2097
21.08.21 02:55;2104
21.08.21 03:34;2052
21.08.21 03:53;2056
21.08.21 04:12;2085
21.08.21 04:32;2134
21.08.21 05:10;2063
21.08.21 05:30;2071
21.08.21 05:49;2043
21.08.21 06:08;2048
21.08.21 06:47;2050
21.08.21 07:06;2079
21.08.21 07:26;2047
21.08.21 07:45;2071
21.08.21 08:24;2106
21.08.21 08:43;2056
21.08.21 09:02;2064
21.08.21 09:22;2077
21.08.21 10:01;2123
21.08.21 10:20;2092
21.08.21 10:39;2069
21.08.21 10:59;2042
21.08.21 11:37;1994
21.08.21 11:57;1998
21.08.21 12:16;2003
21.08.21 12:35;1984
21.08.21 13:14;1989
21.08.21 13:33;1977
21.08.21 13:53;1972
21.08.21 14:12;1955
21.08.21 14:51;1974
21.08.21 15:10;1964
21.08.21 15:30;1953
21.08.21 15:49;1975
21.08.21 16:47;1975
21.08.21 17:06;1989
21.08.21 17:45;1996
21.08.21 18:04;1984
21.08.21 18:24;1967
21.08.21 18:43;1997
21.08.21 19:02;
21.08.21 19:22;1984
21.08.21 20:00;
22.08.21 07:37;2051
22.08.21 08:16;2050
22.08.21 08:35;1990
22.08.21 08:55;2036
22.08.21 09:14;1987
22.08.21 09:53;2024
22.08.21 10:12;1984
22.08.21 10:31;2029
22.08.21 10:51;2014
22.08.21 11:29;2032
22.08.21 11:49;2007
22.08.21 12:08;2022
22.08.21 12:28;2037
22.08.21 13:26;2017
22.08.21 13:45;2019
22.08.21 14:24;2016
22.08.21 14:43;2032
22.08.21 15:02;1995
22.08.21 15:22;2014
22.08.21 16:00;1975
22.08.21 16:20;2003
22.08.21 16:39;2017
22.08.21 16:58;1987
22.08.21 17:37;1990
22.08.21 17:57;2026
22.08.21 18:16;1975
22.08.21 18:35;2025
22.08.21 19:14;2019
22.08.21 19:33;2020
22.08.21 19:53;2039
22.08.21 20:12;2009
22.08.21 20:51;1994
22.08.21 21:10;2011
22.08.21 21:29;2007
22.08.21 21:49;1988
22.08.21 22:27;2002
22.08.21 22:47;2000
22.08.21 23:06;2001
22.08.21 23:26;2010
23.08.21 00:04;2018
23.08.21 00:24;2039
23.08.21 00:43;2014
23.08.21 01:02;2026
23.08.21 01:41;2054
23.08.21 02:00;2045
23.08.21 02:20;2022
23.08.21 02:39;2028
23.08.21 03:18;2004
23.08.21 03:37;2020
23.08.21 03:56;2026
23.08.21 04:16;2008
23.08.21 04:55;2038
23.08.21 05:14;2034
23.08.21 05:33;2029
23.08.21 05:53;2003
23.08.21 06:31;2009
23.08.21 06:51;1961
23.08.21 07:10;1993
23.08.21 07:29;1993
23.08.21 08:08;1974
23.08.21 08:27;1965
23.08.21 08:47;1968
23.08.21 09:06;1977
23.08.21 10:04;1973
23.08.21 10:24;1976
23.08.21 11:02;1945
23.08.21 11:22;1974
23.08.21 11:41;1969
23.08.21 12:00;1958
23.08.21 12:39;1969
23.08.21 12:58;1973
23.08.21 13:18;1981
23.08.21 13:37;1946
23.08.21 14:16;1974
23.08.21 14:35;1963
23.08.21 14:55;
23.08.21 15:14;1960
23.08.21 15:53;1977
23.08.21 16:12;
23.08.21 16:31;1961
23.08.21 16:51;
23.08.21 17:29;
23.08.21 17:49;1977
23.08.21 18:08;
23.08.21 18:27;1997
23.08.21 19:06;1952
23.08.21 19:45;2013
23.08.21 21:02;2030
23.08.21 21:41;2054
23.08.21 22:20;2059
23.08.21 22:39;
23.08.21 22:58;2032
23.08.21 23:18;
23.08.21 23:56;2028
24.08.21 00:16;2063
24.08.21 00:35;2062
24.08.21 00:54;2035
24.08.21 01:33;2048
24.08.21 01:53;2070
24.08.21 02:12;2048
24.08.21 02:31;2039
24.08.21 03:10;1970
24.08.21 03:29;1977
24.08.21 03:49;1984
24.08.21 04:08;2074
24.08.21 04:47;2068
24.08.21 05:06;2063
24.08.21 05:25;2092
24.08.21 05:45;2063
24.08.21 06:43;2062
24.08.21 07:02;
24.08.21 07:41;
24.08.21 08:00;2015
24.08.21 08:20;
26.08.21 22:58;
26.08.21 23:37;2063
26.08.21 23:57;
27.08.21 00:16;2050
27.08.21 00:35;2051
27.08.21 00:55;2062
27.08.21 01:14;2092
27.08.21 01:53;2116
27.08.21 02:12;2078
27.08.21 02:32;2093
27.08.21 02:51;2071
27.08.21 03:30;2079
27.08.21 03:49;2086
27.08.21 04:08;2065
27.08.21 04:28;2058
27.08.21 05:06;2080
27.08.21 05:26;2059
27.08.21 05:45;2058
27.08.21 06:04;2051
27.08.21 06:43;2048
27.08.21 07:02;2041
27.08.21 07:22;2021
27.08.21 07:41;2022
27.08.21 08:20;2022
27.08.21 08:39;2032
27.08.21 08:59;2019
27.08.21 09:18;2016
27.08.21 09:57;1999
27.08.21 10:16;2003
27.08.21 10:35;1997
27.08.21 10:55;1997
27.08.21 11:33;1988
27.08.21 11:53;1993
27.08.21 12:12;1993
27.08.21 12:31;1976
27.08.21 13:10;1979
27.08.21 13:29;1975
27.08.21 13:49;1987
27.08.21 14:08;1977
27.08.21 14:47;1982
27.08.21 15:06;1987
27.08.21 15:26;1998
27.08.21 15:45;1979
27.08.21 16:24;1983
27.08.21 16:43;2000
27.08.21 17:02;1978
27.08.21 17:22;1994
27.08.21 18:00;2008
27.08.21 18:20;1992
27.08.21 18:39;2014
27.08.21 18:58;2010
27.08.21 19:56;2061
27.08.21 20:16;2028
27.08.21 20:55;2028
27.08.21 21:14;2066
27.08.21 21:33;2040
27.08.21 21:53;2103
27.08.21 22:31;2121
27.08.21 22:51;2094
27.08.21 23:10;2099
27.08.21 23:29;2092
28.08.21 00:08;2115
28.08.21 00:27;2116
28.08.21 00:47;2109
28.08.21 01:06;2083
28.08.21 01:45;2080
28.08.21 02:04;2072
28.08.21 02:23;2054
28.08.21 02:43;2025
28.08.21 03:22;2063
28.08.21 03:41;2028
28.08.21 04:00;2059
28.08.21 04:20;2062
28.08.21 04:58;2052
28.08.21 05:18;2067
28.08.21 05:37;2050
28.08.21 05:56;2072
28.08.21 06:35;2057
28.08.21 06:54;2034
28.08.21 07:14;2058
28.08.21 07:33;2053
28.08.21 08:12;2052
28.08.21 08:31;2058
28.08.21 08:50;2058
28.08.21 09:10;2063
28.08.21 09:49;2051
28.08.21 10:08;2034
28.08.21 10:27;2038
28.08.21 10:47;2036
28.08.21 11:25;2034
28.08.21 11:45;2044
28.08.21 12:04;2053
28.08.21 12:23;2034
28.08.21 13:02;2044
28.08.21 13:21;2042
28.08.21 13:41;2040
28.08.21 14:05;
28.08.21 14:39;2035
28.08.21 14:58;2020
28.08.21 15:17;2039
28.08.21 15:37;2042
28.08.21 16:35;2042
28.08.21 16:54;2027
28.08.21 17:33;2029
28.08.21 17:52;2043
28.08.21 18:12;2032
28.08.21 18:31;2058
28.08.21 19:10;2062
28.08.21 19:29;2043
28.08.21 19:48;2049
28.08.21 20:08;2027
28.08.21 20:46;2025
28.08.21 21:06;2042
28.08.21 21:25;2031
28.08.21 21:44;2054
28.08.21 22:23;2077
28.08.21 22:43;2093
28.08.21 23:02;2103
28.08.21 23:21;2080
29.08.21 00:00;2049
29.08.21 00:19;2058
29.08.21 00:39;2051
29.08.21 00:58;2045
29.08.21 01:37;2052
29.08.21 01:56;2059
29.08.21 02:15;2051
29.08.21 02:35;2061
29.08.21 03:13;2063
29.08.21 03:33;2067
29.08.21 03:52;2081
29.08.21 04:11;2070
29.08.21 04:50;2073
29.08.21 05:10;2080
29.08.21 05:29;2084
29.08.21 05:48;2077
29.08.21 06:27;2096
29.08.21 06:46;2093
29.08.21 07:06;2084
29.08.21 07:25;2093
29.08.21 08:04;2096
29.08.21 08:23;2071
29.08.21 08:42;2101
29.08.21 09:02;2082
29.08.21 09:40;2077
29.08.21 10:00;2077
29.08.21 10:19;2059
29.08.21 10:39;2037
29.08.21 11:17;2029
29.08.21 11:37;2020
29.08.21 11:56;2035
29.08.21 12:15;2033
29.08.21 13:13;2051
29.08.21 13:33;2047
29.08.21 14:11;2032
29.08.21 14:31;2036
29.08.21 14:50;2060
29.08.21 15:09;2032
29.08.21 15:48;2031
29.08.21 16:07;
29.08.21 16:27;2039
29.08.21 16:46;2029
29.08.21 17:25;2020
29.08.21 17:44;2034
29.08.21 18:04;
29.08.21 18:23;2036
29.08.21 19:02;2016
29.08.21 19:21;
29.08.21 19:40;2041
29.08.21 20:00;2043
29.08.21 20:38;2025
29.08.21 20:58;2053
29.08.21 21:17;2033
29.08.21 21:36;2050
29.08.21 22:15;2048
29.08.21 22:34;2058
29.08.21 22:54;2059
29.08.21 23:13;2060
29.08.21 23:52;2050
30.08.21 00:11;2062
30.08.21 00:31;2065
30.08.21 00:50;2060
30.08.21 01:29;2080
30.08.21 01:48;2083
30.08.21 02:07;2082
30.08.21 02:27;2084
30.08.21 03:05;2076
30.08.21 03:25;2073
30.08.21 03:44;2080
30.08.21 04:03;2071
30.08.21 04:42;2064
30.08.21 05:01;2085
30.08.21 05:21;2060
30.08.21 05:40;
30.08.21 06:19;
30.08.21 06:38;2067
30.08.21 06:58;2072
30.08.21 07:17;2063
30.08.21 07:56;2028
30.08.21 08:15;2012
30.08.21 08:34;2024
30.08.21 08:54;
30.08.21 09:52;2018
30.08.21 10:11;2077
30.08.21 10:50;2053
30.08.21 11:09;2017
30.08.21 11:28;2062
30.08.21 11:48;2018
30.08.21 12:27;2018
30.08.21 12:46;2043
30.08.21 13:05;2005
30.08.21 13:25;2041
30.08.21 14:03;2030
30.08.21 14:23;2026
30.08.21 14:42;2032
30.08.21 15:01;2023
30.08.21 15:40;2013
30.08.21 15:59;2013
30.08.21 16:19;2025
30.08.21 16:38;2012
30.08.21 17:17;2021
30.08.21 17:36;2022
30.08.21 17:55;2016
30.08.21 18:15;2014
30.08.21 18:54;2032
30.08.21 19:13;2025
30.08.21 19:32;2028
30.08.21 19:52;2052
30.08.21 20:30;2064
30.08.21 20:50;2071
30.08.21 21:09;2101
30.08.21 21:28;2089
30.08.21 22:07;2089
30.08.21 22:26;2070
30.08.21 22:46;2069
30.08.21 23:05;2079
30.08.21 23:44;2103
31.08.21 00:03;2140
31.08.21 00:22;2144
31.08.21 00:42;2141
31.08.21 01:21;2189
31.08.21 01:40;2158
31.08.21 01:59;2184
31.08.21 02:19;2151
31.08.21 02:57;2156
31.08.21 03:17;2203
31.08.21 03:36;2202
31.08.21 03:55;2249
31.08.21 04:34;2275
31.08.21 05:13;2262
31.08.21 06:30;2224
31.08.21 07:48;2161
31.08.21 08:26;2103
31.08.21 09:05;2051
31.08.21 09:44;2047
31.08.21 11:01;2040
31.08.21 11:40;2013
31.08.21 12:18;2010
31.08.21 12:57;2019
31.08.21 13:36;
31.08.21 16:51;
31.08.21 17:10;2063
31.08.21 17:29;
31.08.21 17:49;2060
31.08.21 18:27;2019
31.08.21 18:47;2013
31.08.21 19:06;2011
31.08.21 19:26;2005
31.08.21 20:04;1995
31.08.21 20:24;2009
31.08.21 20:43;1984
31.08.21 21:02;2004
31.08.21 21:41;2008
31.08.21 22:00;2025
31.08.21 22:20;2026
31.08.21 22:39;2002
31.08.21 23:18;2004
31.08.21 23:37;2011
31.08.21 23:57;1994
01.09.21 00:16;2007
01.09.21 00:55;2013
01.09.21 01:14;2008
01.09.21 01:33;2006
01.09.21 01:53;2006
01.09.21 02:31;2010
01.09.21 02:51;2020
01.09.21 03:10;2007
01.09.21 03:29;2016
01.09.21 04:08;2032
01.09.21 04:27;2032
01.09.21 04:47;2057
01.09.21 05:06;2057
01.09.21 05:45;2068
01.09.21 06:04;2089
01.09.21 06:24;2070
01.09.21 06:43;2096
01.09.21 07:22;2091
01.09.21 07:41;2059
01.09.21 08:00;2070
01.09.21 08:20;2081
01.09.21 08:58;2091
01.09.21 09:18;2072
01.09.21 09:37;2045
01.09.21 09:56;2054
01.09.21 10:35;2028
01.09.21 10:55;2024
01.09.21 11:14;2022
01.09.21 11:33;2037
01.09.21 12:31;2022
01.09.21 12:51;2027
01.09.21 13:29;2023
01.09.21 13:49;2022
01.09.21 14:08;2027
01.09.21 14:27;2014
01.09.21 15:06;2006
01.09.21 15:26;2003
01.09.21 15:26;2003
01.09.21 15:45;1995
01.09.21 16:04;2015
01.09.21 16:04;2015
01.09.21 16:43;2013
01.09.21 16:43;2013
01.09.21 17:02;2008
01.09.21 17:22;2016
01.09.21 17:22;2016
01.09.21 17:41;2009
01.09.21 18:20;1989
01.09.21 18:39;1987
01.09.21 18:58;2003
01.09.21 19:18;2000
01.09.21 19:56;1996
01.09.21 20:16;2008
01.09.21 20:35;2013
01.09.21 20:55;2019
01.09.21 21:33;2017
01.09.21 21:53;2015
01.09.21 22:12;2024
01.09.21 22:31;2009
01.09.21 23:10;2032
01.09.21 23:29;2041
01.09.21 23:49;2043
02.09.21 00:08;2057
02.09.21 00:47;2064
02.09.21 01:06;2062
02.09.21 01:25;2083
02.09.21 01:45;2083
02.09.21 02:24;2130
02.09.21 02:43;2112
02.09.21 03:02;2114
02.09.21 03:22;2110
02.09.21 04:00;2110
02.09.21 04:20;2117
02.09.21 04:39;2152
02.09.21 04:58;2151
02.09.21 05:37;2218
02.09.21 05:56;2240
02.09.21 06:16;2271
02.09.21 06:35;2276
02.09.21 07:14;2287
02.09.21 07:33;2289
02.09.21 07:53;2192
02.09.21 08:12;2147
02.09.21 09:10;1982
02.09.21 09:29;2026
02.09.21 10:08;2031
02.09.21 10:27;1991
02.09.21 10:47;2031
02.09.21 11:06;1959
02.09.21 11:45;2020
02.09.21 12:04;2031
02.09.21 12:23;2011
02.09.21 12:43;2040
02.09.21 13:22;2049
02.09.21 13:41;2013
02.09.21 14:00;2048
02.09.21 14:20;2036
02.09.21 14:58;2035
02.09.21 15:18;2039
02.09.21 15:37;2011
02.09.21 15:56;2029
02.09.21 16:35;2028
02.09.21 16:54;2010
02.09.21 17:14;2004
02.09.21 17:33;1983
02.09.21 18:12;1977
02.09.21 18:31;1993
02.09.21 18:51;1987
02.09.21 19:10;1983
02.09.21 19:49;1995
02.09.21 20:08;1985
02.09.21 20:27;1991
02.09.21 20:47;1986
02.09.21 21:25;2013
02.09.21 21:45;2025
02.09.21 22:04;2029
02.09.21 22:23;2036
02.09.21 23:02;2025
02.09.21 23:21;2022
02.09.21 23:41;2021
03.09.21 00:00;2046
03.09.21 00:39;2064
03.09.21 00:58;2070
03.09.21 01:18;2090
03.09.21 01:37;2111
03.09.21 02:16;2127
03.09.21 02:35;2137
03.09.21 02:54;2127
03.09.21 03:14;2146
03.09.21 03:52;2154
03.09.21 04:12;2152
03.09.21 04:31;2148
03.09.21 04:50;2178
03.09.21 05:49;2174
03.09.21 06:08;2104
03.09.21 06:47;2063
03.09.21 07:06;2051
03.09.21 07:25;2071
03.09.21 07:45;2062
03.09.21 08:23;1992
03.09.21 08:43;1967
03.09.21 09:02;1954
03.09.21 09:21;1958
03.09.21 10:00;1964
03.09.21 10:19;1979
03.09.21 10:39;1949
03.09.21 10:58;1955
03.09.21 11:37;1948
03.09.21 11:56;1947
03.09.21 12:16;1900
03.09.21 12:35;1992
03.09.21 13:14;1981
03.09.21 13:33;1941
03.09.21 13:52;1975
03.09.21 14:12;1920
03.09.21 14:50;1941
03.09.21 15:10;
03.09.21 15:29;1944
03.09.21 15:48;
03.09.21 16:27;
03.09.21 16:47;1940
03.09.21 17:06;
03.09.21 17:25;1945
03.09.21 18:04;1947
03.09.21 18:23;
03.09.21 18:43;1957
03.09.21 19:02;2021
03.09.21 19:41;2022
03.09.21 20:00;1981
03.09.21 20:19;1980
03.09.21 20:39;1974
03.09.21 21:17;2003
03.09.21 21:37;2016
03.09.21 21:56;2014
03.09.21 22:16;2017
03.09.21 22:54;1989
03.09.21 23:14;2004
03.09.21 23:33;1986
03.09.21 23:52;2014
04.09.21 00:31;2005
04.09.21 00:50;2009
04.09.21 01:10;2026
04.09.21 01:29;2004
04.09.21 02:27;2026
04.09.21 02:46;2014
04.09.21 03:25;1992
04.09.21 03:45;1996
04.09.21 04:04;1983
04.09.21 04:23;1999
04.09.21 05:02;1989
04.09.21 05:21;1964
04.09.21 05:41;1984
04.09.21 06:00;2030
04.09.21 06:39;1980
04.09.21 06:58;
04.09.21 07:17;1966
04.09.21 07:37;1972
04.09.21 08:16;1971
04.09.21 08:35;1959
04.09.21 08:54;1979
04.09.21 09:14;1970
04.09.21 09:52;1956
04.09.21 10:12;1992
04.09.21 10:31;1985
04.09.21 10:50;2005
04.09.21 11:29;2000
04.09.21 11:48;1972
04.09.21 12:08;1988
04.09.21 12:27;2022
04.09.21 13:06;1979
04.09.21 13:25;1982
04.09.21 13:45;1991
04.09.21 14:04;1990
04.09.21 14:43;1975
04.09.21 15:02;1977
04.09.21 15:21;1982
04.09.21 15:41;1966
04.09.21 16:19;1978
04.09.21 16:39;1981
04.09.21 16:58;1977
04.09.21 17:17;1997
04.09.21 17:56;1986
04.09.21 18:15;1974
04.09.21 18:35;1986
04.09.21 18:54;1985
04.09.21 19:33;1972
04.09.21 19:52;1972
04.09.21 20:12;1988
04.09.21 20:31;1980
04.09.21 21:10;1986
04.09.21 21:29;1988
04.09.21 21:48;1988
04.09.21 22:08;1984
04.09.21 23:06;1984
04.09.21 23:25;1994
05.09.21 00:04;1990
05.09.21 00:23;2001
05.09.21 00:43;2005
05.09.21 01:02;1997
05.09.21 01:41;1981
05.09.21 02:00;2000
05.09.21 02:19;1998
05.09.21 02:39;2009
05.09.21 03:17;2007
05.09.21 03:37;2003
05.09.21 03:56;1997
05.09.21 04:15;1997
05.09.21 04:54;2001
05.09.21 05:13;2002
05.09.21 05:33;2012
05.09.21 05:52;2021
05.09.21 06:31;2019
05.09.21 06:50;1999
05.09.21 07:10;2016
05.09.21 07:29;2013
05.09.21 08:08;2011
05.09.21 08:27;1992
05.09.21 08:46;1997
05.09.21 09:06;2011
05.09.21 09:44;2008
05.09.21 10:04;2003
05.09.21 10:23;2011
05.09.21 10:43;2014
05.09.21 11:21;2000
05.09.21 11:41;2012
05.09.21 12:00;2020
05.09.21 12:19;2010
05.09.21 12:58;2007
05.09.21 13:17;1987
05.09.21 13:37;2002
05.09.21 13:56;2010
05.09.21 14:35;2011
05.09.21 14:54;2018
05.09.21 15:13;2022
05.09.21 15:33;2023
05.09.21 16:12;2016
05.09.21 16:31;2022
05.09.21 16:50;2012
05.09.21 17:10;2027
05.09.21 17:48;2031
05.09.21 18:08;2025
05.09.21 18:27;2032
05.09.21 18:46;2031
05.09.21 19:44;2065
05.09.21 20:04;2034
05.09.21 20:42;2049
05.09.21 21:02;2086
05.09.21 21:21;2078
05.09.21 21:41;2076
05.09.21 22:19;2068
05.09.21 22:39;2077
05.09.21 22:58;2111
05.09.21 23:17;2097
05.09.21 23:56;2075
06.09.21 00:15;2029
06.09.21 00:35;2050
06.09.21 00:54;2039
06.09.21 01:33;2097
06.09.21 01:52;2085
06.09.21 02:11;2067
06.09.21 02:31;2088
06.09.21 03:10;2250
06.09.21 03:29;2169
06.09.21 03:48;2176
06.09.21 04:08;2160
06.09.21 04:46;2210
06.09.21 05:06;2290
06.09.21 05:25;2316
06.09.21 05:44;2296
06.09.21 06:23;2227
06.09.21 06:42;2208
06.09.21 07:02;2229
06.09.21 07:21;2133
06.09.21 08:00;2088
06.09.21 08:19;2108
06.09.21 08:39;2068
06.09.21 08:58;2062
06.09.21 09:37;2072
06.09.21 09:56;2041
06.09.21 10:15;2040
06.09.21 10:35;2038
06.09.21 11:13;2030
06.09.21 11:33;2024
06.09.21 11:52;2010
06.09.21 12:11;2021
06.09.21 12:50;2057
06.09.21 13:09;2092
06.09.21 13:29;2092
06.09.21 13:48;2084
06.09.21 14:27;2068
06.09.21 14:46;2086
06.09.21 15:06;2079
06.09.21 15:25;2098
06.09.21 16:23;2123
06.09.21 16:42;2130
06.09.21 17:21;2095
06.09.21 17:40;2058
06.09.21 18:00;2085
06.09.21 18:19;2096
06.09.21 18:58;2080
06.09.21 19:17;2119
06.09.21 19:37;2131
06.09.21 19:56;2143
06.09.21 20:35;2124
06.09.21 20:54;2118
06.09.21 21:13;2112
06.09.21 21:33;2104
06.09.21 22:11;2106
06.09.21 22:31;2131
06.09.21 22:50;2181
06.09.21 23:09;2148
06.09.21 23:48;2178
07.09.21 00:07;2199
07.09.21 00:27;2155
07.09.21 00:46;2189
07.09.21 01:25;2204
07.09.21 01:44;2155
07.09.21 02:04;2157
07.09.21 02:23;2153
07.09.21 03:02;2159
07.09.21 03:21;2166
07.09.21 03:40;2210
07.09.21 04:00;2227
07.09.21 04:38;2258
07.09.21 04:58;2207
07.09.21 05:17;2216
07.09.21 05:36;2184
07.09.21 06:15;2186
07.09.21 06:35;2148
07.09.21 06:54;2116
07.09.21 07:13;2100
07.09.21 07:52;2075
07.09.21 08:11;2045
07.09.21 08:31;2047
07.09.21 08:50;2047
07.09.21 09:29;2042
07.09.21 09:48;2021
07.09.21 10:07;2021
07.09.21 10:27;2010
07.09.21 11:05;1997
07.09.21 11:25;2016
07.09.21 11:44;2002
07.09.21 12:04;2013
07.09.21 13:02;2007
07.09.21 13:21;2005
07.09.21 14:00;2011
07.09.21 14:19;1994
07.09.21 14:38;2009
07.09.21 14:58;2010
07.09.21 15:36;2015
07.09.21 15:56;2025
07.09.21 16:15;2010
07.09.21 16:34;2059
07.09.21 17:13;2073
07.09.21 17:33;2097
07.09.21 17:52;2086
07.09.21 18:11;2070
07.09.21 18:50;2090
07.09.21 19:09;2097
07.09.21 19:29;2080
07.09.21 19:48;2083
07.09.21 20:27;2046
07.09.21 20:46;2077
07.09.21 21:05;2106
07.09.21 21:25;2119
07.09.21 22:03;2159
07.09.21 22:23;2218
07.09.21 22:42;2220
07.09.21 23:02;2273
07.09.21 23:40;2693
08.09.21 00:00;4163
08.09.21 00:19;4487
08.09.21 00:38;3721
08.09.21 01:17;2624
08.09.21 01:36;2544
08.09.21 01:56;2586
08.09.21 02:15;2417
08.09.21 02:54;2324
08.09.21 03:13;2250
08.09.21 03:32;2216
08.09.21 03:52;2209
08.09.21 04:31;2269
08.09.21 04:50;2299
08.09.21 05:09;2323
08.09.21 05:29;2300
08.09.21 06:07;2277
08.09.21 06:27;2246
08.09.21 06:46;2235
08.09.21 07:05;2203
08.09.21 07:44;2181
08.09.21 08:03;2158
08.09.21 08:23;2129
08.09.21 08:42;2132
08.09.21 09:40;2101
08.09.21 10:00;2086
08.09.21 10:38;2099
08.09.21 10:58;2110
08.09.21 11:17;2097
08.09.21 11:36;2071
08.09.21 12:15;2106
08.09.21 12:34;2068
08.09.21 12:54;2049
08.09.21 13:13;2041
08.09.21 13:52;2019
08.09.21 14:11;2013
08.09.21 14:31;1996
08.09.21 14:50;2007
08.09.21 15:29;2010
08.09.21 15:48;2041
08.09.21 16:07;2023
08.09.21 16:27;2018
08.09.21 17:05;2008
08.09.21 17:25;2012
08.09.21 17:44;2022
08.09.21 18:03;2014
08.09.21 18:42;2026
08.09.21 19:01;2059
08.09.21 19:21;2038
08.09.21 19:40;2049
08.09.21 20:19;2042
08.09.21 20:38;2045
08.09.21 20:58;2050
08.09.21 21:17;2053
08.09.21 21:56;2052
08.09.21 22:15;2055
08.09.21 22:34;2052
08.09.21 22:54;2071
08.09.21 23:32;2052
08.09.21 23:52;2056
09.09.21 00:11;2074
09.09.21 00:30;2066
09.09.21 01:09;2075
09.09.21 01:29;2093
09.09.21 01:48;2092
09.09.21 02:07;2097
09.09.21 02:46;2119
09.09.21 03:05;2117
09.09.21 03:25;2134
09.09.21 03:44;2125
09.09.21 04:23;2126
09.09.21 04:42;2153
09.09.21 05:01;2142
09.09.21 05:21;2147
09.09.21 06:19;2132
09.09.21 06:38;2150
09.09.21 07:17;2138
09.09.21 07:36;2138
09.09.21 07:56;2132
09.09.21 08:15;2144
09.09.21 08:54;2125
09.09.21 09:13;2095
09.09.21 09:32;2076
09.09.21 09:52;2080
09.09.21 10:30;2067
09.09.21 10:50;2082
09.09.21 11:09;2059
09.09.21 11:28;2071
09.09.21 12:07;2130
09.09.21 12:27;2118
09.09.21 12:46;2121
09.09.21 13:05;2044
09.09.21 13:44;2016
09.09.21 14:03;2023
09.09.21 14:23;2004
09.09.21 14:42;2003
09.09.21 15:21;2008
09.09.21 15:40;2035
09.09.21 15:59;2015
09.09.21 16:19;2028
09.09.21 16:57;2029
09.09.21 17:17;2025
09.09.21 17:36;2045
09.09.21 17:56;2031
09.09.21 18:34;2041
09.09.21 18:54;2055
09.09.21 19:13;2045
09.09.21 19:32;2059
09.09.21 20:11;2063
09.09.21 20:30;2070
09.09.21 20:50;2090
09.09.21 21:09;2079
09.09.21 21:48;2084
09.09.21 22:07;2134
09.09.21 22:27;2135
09.09.21 22:46;2158
09.09.21 23:25;2209
09.09.21 23:44;2225
10.09.21 00:03;2219
10.09.21 00:23;2264
10.09.21 01:01;4095
10.09.21 01:21;2794
10.09.21 01:40;2498
10.09.21 01:59;2602
10.09.21 02:57;2679
10.09.21 03:17;2489
10.09.21 03:55;2366
10.09.21 04:15;2435
10.09.21 04:34;2405
10.09.21 04:54;2311
10.09.21 05:32;2336
10.09.21 05:52;2348
10.09.21 06:11;2416
10.09.21 06:30;2434
10.09.21 07:09;2332
10.09.21 07:28;2329
10.09.21 07:48;2355
10.09.21 08:07;2346
10.09.21 08:46;2222
10.09.21 09:05;2197
10.09.21 09:24;2112
10.09.21 09:44;2129
10.09.21 10:23;2077
10.09.21 10:42;2102
10.09.21 11:01;2085
10.09.21 11:21;2128
10.09.21 11:59;2155
10.09.21 12:19;2129
10.09.21 12:38;2065
10.09.21 12:57;2081
10.09.21 13:36;2096
10.09.21 13:55;2097
10.09.21 14:15;2094
10.09.21 14:34;2097
10.09.21 15:13;2084
10.09.21 15:32;2086
10.09.21 15:52;2096
10.09.21 16:11;2102
10.09.21 16:50;2096
10.09.21 17:09;2126
10.09.21 17:28;2105
10.09.21 17:48;2129
10.09.21 18:26;2137
10.09.21 18:46;2080
10.09.21 19:05;2082
10.09.21 19:24;2028
10.09.21 20:03;1968
10.09.21 20:23;2011
10.09.21 20:42;2266
10.09.21 21:01;2481
10.09.21 21:40;2040
10.09.21 21:59;2002
10.09.21 22:19;2009
10.09.21 22:38;2008
10.09.21 23:36;2059
10.09.21 23:55;2128
11.09.21 00:34;2049
11.09.21 00:53;2093
11.09.21 01:13;2132
11.09.21 01:32;2184
11.09.21 02:11;2142
11.09.21 02:30;2153
11.09.21 02:50;2131
11.09.21 03:09;2159
11.09.21 03:48;2134
11.09.21 04:07;2152
11.09.21 04:26;2150
11.09.21 04:46;2133
11.09.21 05:24;2133
11.09.21 05:44;2136
11.09.21 06:03;2139
11.09.21 06:22;2127
11.09.21 07:01;2106
11.09.21 07:21;2119
11.09.21 07:40;2115
11.09.21 07:59;2122
11.09.21 08:38;2117
11.09.21 08:57;2111
11.09.21 09:17;2110
11.09.21 09:36;2137
11.09.21 10:15;2158
11.09.21 10:34;2157
11.09.21 10:53;2154
11.09.21 11:13;2156
11.09.21 11:51;2144
11.09.21 12:11;2202
11.09.21 12:30;2244
11.09.21 12:50;2141
11.09.21 13:28;2123
11.09.21 13:48;2088
11.09.21 14:07;2087
11.09.21 14:26;2063
11.09.21 15:05;2066
11.09.21 15:24;2077
11.09.21 15:44;2089
11.09.21 16:03;2080
11.09.21 16:42;2109
11.09.21 17:01;2125
11.09.21 17:20;2104
11.09.21 17:40;2116
11.09.21 18:19;2117
11.09.21 18:38;2123
11.09.21 18:57;2100
11.09.21 19:17;2125
11.09.21 20:15;2116
11.09.21 20:34;2116
11.09.21 21:13;2125
11.09.21 21:32;2137
11.09.21 21:51;2158
11.09.21 22:11;2192
11.09.21 22:49;2143
11.09.21 23:09;2132
11.09.21 23:28;2118
11.09.21 23:48;2111
12.09.21 00:26;2091
12.09.21 00:46;2092
12.09.21 01:05;2097
12.09.21 01:24;2108
12.09.21 02:03;2119
12.09.21 02:22;2146
12.09.21 02:42;2150
12.09.21 03:01;2142
12.09.21 03:40;2126
12.09.21 03:59;2163
12.09.21 04:18;2155
12.09.21 04:38;2144
12.09.21 05:17;2147
12.09.21 05:36;2134
12.09.21 05:55;2150
12.09.21 06:15;2131
12.09.21 06:53;2143
12.09.21 07:13;2169
12.09.21 07:32;2128
12.09.21 07:51;2143
12.09.21 08:30;2129
12.09.21 08:49;2103
12.09.21 09:09;2118
12.09.21 09:28;2086
12.09.21 10:07;2049
12.09.21 10:26;2072
12.09.21 10:46;2048
12.09.21 11:05;2051
12.09.21 11:44;2048
12.09.21 12:03;2043
12.09.21 12:22;2049
12.09.21 12:42;2044
12.09.21 13:20;2028
12.09.21 13:40;2043
12.09.21 13:59;2034
12.09.21 14:18;2047
12.09.21 14:57;1981
12.09.21 15:17;1976
12.09.21 15:36;1967
12.09.21 15:55;1967
12.09.21 16:53;1985
12.09.21 17:13;1999
12.09.21 17:51;2011
12.09.21 18:11;2033
12.09.21 18:30;2015
12.09.21 18:49;2026
12.09.21 19:28;2063
12.09.21 19:47;2054
12.09.21 20:07;2076
12.09.21 21:24;2046
12.09.21 22:03;2057
12.09.21 22:42;
13.09.21 10:30;1979
13.09.21 11:09;1985
13.09.21 11:28;1952
13.09.21 11:47;1993
13.09.21 12:07;1977
13.09.21 12:26;
13.09.21 12:45;1966
13.09.21 13:24;
13.09.21 14:22;2003
13.09.21 15:12;
13.09.21 15:51;2028
13.09.21 16:29;1995
13.09.21 16:49;1974
13.09.21 17:08;1992
13.09.21 17:27;1983
13.09.21 18:06;2005
13.09.21 18:25;2008
13.09.21 18:45;1999
13.09.21 19:04;2036
13.09.21 19:43;2038
13.09.21 20:02;2053
13.09.21 20:22;2042
13.09.21 20:41;2081
13.09.21 21:20;2044
13.09.21 21:58;2030
13.09.21 23:16;2074
13.09.21 23:54;2059
14.09.21 00:33;2079
14.09.21 01:12;2091
14.09.21 02:29;2179
14.09.21 03:08;2179
14.09.21 03:47;2101
14.09.21 04:25;2164
14.09.21 05:43;2207
14.09.21 06:21;
14.09.21 07:37;2105
14.09.21 07:56;2073
14.09.21 08:35;2024
14.09.21 08:54;2089
14.09.21 09:14;2060
14.09.21 09:33;2080
14.09.21 10:12;2063
14.09.21 10:31;2064
14.09.21 10:50;2034
14.09.21 11:10;2055
14.09.21 11:49;2012
14.09.21 12:08;2045
14.09.21 12:27;2024
14.09.21 12:47;1990
14.09.21 13:25;2025
14.09.21 13:45;2033
14.09.21 14:04;2023
14.09.21 14:23;2041
14.09.21 15:02;2031
14.09.21 15:21;2106
14.09.21 15:41;2093
14.09.21 16:00;1978
14.09.21 16:39;2059
14.09.21 16:58;2022
14.09.21 17:17;2064
14.09.21 17:37;2028
14.09.21 18:16;2034
14.09.21 18:35;2066
14.09.21 18:54;2047
14.09.21 19:14;2111
14.09.21 19:52;2029
14.09.21 20:12;2061
14.09.21 20:31;2108
14.09.21 20:50;2063
14.09.21 21:29;2059
14.09.21 21:48;2110
14.09.21 22:08;2021
14.09.21 22:27;2123
14.09.21 23:06;2105
14.09.21 23:25;
14.09.21 23:45;2105
15.09.21 01:02;2072
15.09.21 01:41;2075
15.09.21 02:19;2025
15.09.21 02:58;2048
15.09.21 04:15;2164
15.09.21 05:33;2086
15.09.21 07:39;
15.09.21 07:58;2143
15.09.21 08:37;2125
15.09.21 08:56;
15.09.21 09:15;2115
15.09.21 09:35;2117
15.09.21 10:13;2057
15.09.21 10:33;2094
15.09.21 10:52;2094
15.09.21 11:12;2107
15.09.21 11:50;2106
15.09.21 12:10;2146
15.09.21 12:29;2104
15.09.21 12:48;2139
15.09.21 13:27;2168
15.09.21 13:46;2118
15.09.21 14:06;2132
15.09.21 14:25;2104
15.09.21 15:04;2130
15.09.21 15:23;2160
15.09.21 15:42;2117
15.09.21 16:02;2092
15.09.21 16:40;2310
15.09.21 17:00;2259
15.09.21 17:19;2427
15.09.21 17:39;2181
15.09.21 18:17;2200
15.09.21 18:37;2221
15.09.21 18:56;2270
15.09.21 19:15;2206
15.09.21 19:54;2073
15.09.21 20:13;2154
15.09.21 20:33;2181
15.09.21 20:52;2166
15.09.21 21:31;2192
15.09.21 21:50;2196
15.09.21 22:09;2147
15.09.21 22:29;2125
15.09.21 23:08;2088
15.09.21 23:27;2067
15.09.21 23:46;2068
16.09.21 00:06;2074
16.09.21 00:44;2073
16.09.21 01:04;2037
16.09.21 01:23;2079
16.09.21 01:42;2072
16.09.21 02:21;2044
16.09.21 02:40;2056
16.09.21 03:00;2031
16.09.21 03:19;2051
16.09.21 04:17;2008
16.09.21 04:36;2039
16.09.21 05:15;2052
16.09.21 05:35;2043
16.09.21 05:54;2060
16.09.21 06:13;2060
16.09.21 06:52;
16.09.21 07:11;2093
16.09.21 07:31;2083
16.09.21 07:50;2101
16.09.21 08:29;2100
16.09.21 08:48;2068
16.09.21 09:07;2071
16.09.21 09:27;2014
16.09.21 10:05;2052
16.09.21 10:25;2044
16.09.21 10:44;2011
16.09.21 11:04;2032
16.09.21 11:42;2026
16.09.21 12:02;1984
16.09.21 12:21;2008
16.09.21 12:40;1979
16.09.21 13:19;1987
16.09.21 13:38;1998
16.09.21 13:58;1979
16.09.21 14:17;1984
16.09.21 14:56;1975
16.09.21 15:15;1969
16.09.21 15:34;1997
16.09.21 15:54;1998
16.09.21 16:32;2000
16.09.21 16:52;2004
16.09.21 17:11;2008
16.09.21 17:31;2001
16.09.21 18:09;2005
16.09.21 18:29;2002
16.09.21 18:48;2015
16.09.21 19:07;2015
16.09.21 19:46;2021
16.09.21 20:05;2001
16.09.21 20:25;2010
16.09.21 20:44;2002
16.09.21 21:23;2011
16.09.21 21:42;2002
16.09.21 22:01;2013
16.09.21 22:21;2010
16.09.21 23:00;2015
16.09.21 23:19;2003
16.09.21 23:38;1994
16.09.21 23:58;2000
17.09.21 00:56;2006
17.09.21 01:15;1998
17.09.21 01:54;1999
17.09.21 02:13;1998
17.09.21 02:32;2005
17.09.21 02:52;2016
17.09.21 03:30;2021
17.09.21 03:50;2009
17.09.21 04:09;1998
17.09.21 04:28;2005
17.09.21 05:07;2005
17.09.21 05:46;2006
;
;
;
;
;