fill time utc;[CH4] 2H;d2H VPDB;sd [CH4];sd d2H
01.08.21 23:01;2008;-90,50;4;0,82
01.08.21 23:40;2067;-98,34;4;0,82
02.08.21 00:57;2080;-97,54;4;0,82
02.08.21 02:14;2061;-96,19;4;0,62
02.08.21 02:53;2051;-95,01;4;0,62
02.08.21 04:11;2073;-97,53;4;0,62
02.08.21 05:28;2085;-97,45;1;0,20
02.08.21 06:07;2081;-98,37;1;0,20
02.08.21 07:24;2093;-98,04;1;0,20
02.08.21 08:42;2004;-90,02;4;0,23
02.08.21 09:20;2005;-89,32;4;0,23
02.08.21 10:38;1973;-85,26;4;0,23
02.08.21 11:55;1972;-85,42;4;0,26
02.08.21 12:34;1971;-86,56;4;0,26
02.08.21 13:52;1987;-87,11;4;0,26
02.08.21 15:09;1972;-87,23;6;0,16
02.08.21 15:48;1959;-85,82;6;0,16
02.08.21 17:05;1957;-86,25;6;0,16
02.08.21 19:00;1972;-86,65;6;0,34
02.08.21 19:39;1963;-87,06;6;0,34
02.08.21 20:57;1973;-88,16;6;0,34
02.08.21 22:14;1994;-90,67;11;0,45
02.08.21 22:53;2008;-92,46;11;0,45
03.08.21 00:10;1980;-90,64;11;0,45
03.08.21 01:28;2086;-99,40;7;0,64
03.08.21 02:06;2108;-102,48;7;0,64
03.08.21 03:24;2145;-105,70;7;0,64
03.08.21 04:41;2025;-94,13;3;0,50
03.08.21 05:20;1990;-88,91;3;0,50
03.08.21 06:37;2545;-137,64;4;0,50
03.08.21 07:56;2028;-92,82;1;0,82
03.08.21 08:34;1977;-87,85;1;0,82
03.08.21 09:52;1973;-87,60;1;0,82
03.08.21 11:09;1976;-88,03;6;0,82
03.08.21 11:48;1993;-89,81;6;0,82
03.08.21 13:06;1989;-89,92;6;0,82
03.08.21 15:02;1973;-89,00;4;0,67
03.08.21 15:40;1973;-88,47;4;0,67
03.08.21 16:58;1973;-88,37;4;0,67
03.08.21 18:15;1970;-88,14;6;0,58
03.08.21 18:54;1974;-88,39;6;0,58
03.08.21 20:12;2013;-90,92;6;0,58
03.08.21 21:29;2043;-94,53;6;0,44
03.08.21 22:08;2029;-93,83;6;0,44
03.08.21 23:25;2061;-96,33;6;0,44
04.08.21 00:43;2076;-98,49;5;0,32
04.08.21 01:21;2086;-99,86;5;0,32
04.08.21 02:39;2142;-104,87;6;0,32
04.08.21 03:56;2182;-107,85;7;0,51
04.08.21 04:35;2162;-106,97;7;0,51
04.08.21 05:52;2106;-102,07;6;0,51
04.08.21 07:10;2065;-98,44;7;0,52
04.08.21 07:49;2061;-97,19;7;0,52
04.08.21 08:27;2067;-97,53;7;0,52
04.08.21 11:02;2007;-90,59;4;0,39
04.08.21 11:41;1989;-90,36;4;0,39
04.08.21 12:20;1968;-89,79;4;0,39
04.08.21 12:58;1978;-89,11;4;0,39
04.08.21 14:16;2007;-90,09;1;0,45
04.08.21 14:54;2015;-92,02;1;0,45
04.08.21 15:33;2009;-92,23;1;0,45
04.08.21 16:12;1978;-90,50;1;0,45
04.08.21 17:29;1975;-89,99;1;0,51
04.08.21 18:08;1981;-89,07;1;0,51
04.08.21 18:47;2000;-91,72;1;0,51
04.08.21 19:26;2020;-93,77;1;0,51
04.08.21 20:43;2052;-96,35;3;0,39
04.08.21 21:22;2033;-96,63;3;0,39
04.08.21 22:00;2044;-98,98;3;0,39
04.08.21 22:39;2045;-97,93;3;0,39
04.08.21 23:57;2071;-97,22;9;0,94
05.08.21 00:35;2059;-96,06;8;0,94
05.08.21 01:14;2040;-97,13;8;0,94
05.08.21 01:53;2028;-95,73;8;0,94
05.08.21 03:10;2032;-94,33;2;0,68
05.08.21 03:49;2030;-94,85;2;0,68
05.08.21 04:28;2027;-94,97;2;0,68
05.08.21 05:06;2020;-94,88;2;0,68
05.08.21 07:03;2024;-93,98;8;0,37
05.08.21 07:41;2022;-93,44;8;0,37
05.08.21 08:20;2045;-96,62;8;0,37
05.08.21 08:59;2032;-95,81;8;0,37
05.08.21 10:16;1995;-92,37;4;0,25
05.08.21 10:55;1988;-91,65;4;0,25
05.08.21 11:34;1976;-89,05;4;0,25
05.08.21 12:12;1988;-90,64;4;0,25
05.08.21 13:30;1999;-91,50;3;0,32
05.08.21 14:09;2013;-90,82;3;0,32
05.08.21 14:47;2006;-90,93;3;0,32
05.08.21 15:26;1994;-89,76;3;0,32
05.08.21 16:43;1996;-89,46;0;0,43
05.08.21 17:22;2001;-88,52;0;0,43
05.08.21 18:01;2019;-91,38;0;0,43
05.08.21 18:40;2038;-93,38;0;0,43
05.08.21 19:57;1975;-88,20;4;0,30
05.08.21 20:36;1989;-87,87;4;0,30
05.08.21 21:14;2000;-88,51;4;0,30
05.08.21 21:53;2016;-92,53;4;0,30
05.08.21 23:11;2034;-94,89;6;0,19
05.08.21 23:49;2026;-95,87;6;0,19
06.08.21 00:28;2053;-96,91;6;0,19
06.08.21 01:07;2026;-96,29;6;0,19
06.08.21 03:03;2099;-101,30;24;0,16
06.08.21 03:42;2085;-99,74;24;0,16
06.08.21 04:20;2063;-97,89;23;0,16
06.08.21 04:59;2065;-97,11;23;0,16
06.08.21 06:17;2052;-96,32;18;2,04
06.08.21 06:55;2046;-97,03;18;2,04
06.08.21 07:34;2050;-97,45;18;2,04
06.08.21 08:13;2102;-102,37;18;2,04
06.08.21 09:30;2024;-93,54;12;2,14
06.08.21 10:09;2032;-91,92;12;2,14
06.08.21 10:48;2014;-88,77;12;2,14
06.08.21 11:26;2002;-88,53;12;2,14
06.08.21 12:44;2007;-90,89;2;0,93
06.08.21 13:23;2004;-89,35;2;0,93
06.08.21 14:01;2021;-91,37;2;0,93
06.08.21 14:40;2018;-91,17;2;0,93
06.08.21 15:57;2022;-91,20;0;0,42
06.08.21 16:36;2016;-91,91;0;0,42
06.08.21 17:15;2009;-91,71;0;0,42
06.08.21 17:54;2020;-93,67;0;0,42
06.08.21 19:11;2035;-94,81;3;0,43
06.08.21 19:50;2024;-92,83;3;0,43
06.08.21 20:28;2005;-90,70;2;0,43
06.08.21 21:07;2013;-92,71;3;0,43
06.08.21 23:03;2069;-97,90;0;0,52
06.08.21 23:42;2050;-95,27;0;0,52
07.08.21 00:21;2112;-100,72;0;0,52
07.08.21 01:00;2127;-103,34;0;0,52
07.08.21 02:17;2111;-99,70;4;0,16
07.08.21 02:56;2094;-100,72;4;0,16
07.08.21 03:34;2125;-100,73;4;0,16
07.08.21 04:13;2113;-100,07;4;0,16
07.08.21 05:31;2082;-98,45;8;0,54
07.08.21 06:09;2104;-103,10;8;0,54
07.08.21 06:48;2110;-101,23;8;0,54
07.08.21 07:27;2068;-97,59;8;0,54
07.08.21 08:44;2130;-103,08;1;0,03
07.08.21 09:23;2204;-110,54;1;0,03
07.08.21 10:02;2112;-102,51;1;0,03
07.08.21 10:40;2024;-93,67;1;0,03
07.08.21 11:58;2017;-91,48;3;0,26
07.08.21 12:37;2010;-92,58;3;0,26
07.08.21 13:15;2004;-91,24;3;0,26
07.08.21 13:54;1996;-90,35;3;0,26
07.08.21 15:11;2000;-90,51;4;0,11
07.08.21 15:50;1987;-88,96;4;0,11
07.08.21 16:29;1965;-88,10;4;0,11
07.08.21 17:08;1973;-92,12;4;0,11
07.08.21 19:04;2026;-93,13;2;0,04
07.08.21 19:43;1999;-92,62;2;0,04
07.08.21 20:21;2052;-95,34;2;0,04
07.08.21 21:00;2316;-123,49;2;0,04
07.08.21 22:17;2991;-167,66;3;0,48
07.08.21 22:56;2304;-119,66;2;0,48
07.08.21 23:35;2107;-101,34;2;0,48
08.08.21 00:14;2027;-93,91;2;0,48
08.08.21 01:31;2097;-100,40;2;1,15
08.08.21 02:10;2072;-98,46;2;1,15
08.08.21 02:48;2064;-97,33;2;1,15
08.08.21 03:27;2074;-97,44;2;1,15
08.08.21 04:45;2075;-97,26;3;0,51
08.08.21 05:23;2037;-95,26;3;0,51
08.08.21 06:02;2023;-93,53;3;0,51
08.08.21 06:41;2026;-93,58;3;0,51
08.08.21 07:58;2098;-102,62;0;0,27
08.08.21 08:37;2043;-95,47;0;0,27
08.08.21 09:16;2043;-94,62;0;0,27
08.08.21 09:54;2041;-97,22;0;0,27
08.08.21 11:12;2017;-94,29;6;0,15
08.08.21 11:51;2025;-92,97;6;0,15
08.08.21 12:29;2007;-91,19;6;0,15
08.08.21 13:08;1999;-91,03;6;0,15
08.08.21 14:25;2006;-92,44;6;0,15
08.08.21 15:43;2008;-91,85;2;0,50
08.08.21 16:22;2003;-89,61;2;0,50
08.08.21 17:00;2010;-90,36;2;0,50
08.08.21 17:39;2002;-89,25;2;0,50
08.08.21 18:57;2023;-91,85;1;0,46
08.08.21 19:35;2027;-92,81;1;0,46
08.08.21 20:14;2023;-92,85;1;0,46
08.08.21 20:53;2041;-94,07;1;0,46
08.08.21 22:10;2020;-92,09;4;0,32
08.08.21 22:49;2098;-101,10;4;0,32
08.08.21 23:28;2022;-93,45;4;0,32
09.08.21 00:06;2028;-92,57;4;0,32
09.08.21 01:24;2129;-104,65;8;0,88
09.08.21 02:03;2033;-94,83;8;0,88
09.08.21 02:41;2024;-93,71;8;0,88
09.08.21 03:20;2035;-95,14;8;0,88
09.08.21 04:37;2062;-94,41;12;1,77
09.08.21 05:16;2047;-94,32;12;1,77
09.08.21 05:55;2029;-94,81;12;1,77
09.08.21 06:34;2028;-93,94;12;1,77
09.08.21 07:51;2040;-94,08;12;1,39
09.08.21 08:30;2028;-92,08;12;1,39
09.08.21 09:08;2016;-90,45;12;1,39
09.08.21 09:47;2031;-91,54;12;1,39
09.08.21 11:05;2026;-90,85;12;1,39
09.08.21 12:22;1988;-87,27;4;0,39
09.08.21 13:01;1996;-90,04;4;0,39
09.08.21 13:40;1988;-90,35;4;0,39
09.08.21 14:18;1977;-87,89;4;0,39
09.08.21 15:36;1988;-89,05;0;0,55
09.08.21 16:14;1977;-88,86;0;0,55
09.08.21 16:53;1985;-89,10;0;0,55
09.08.21 17:32;1998;-89,77;0;0,55
09.08.21 18:49;1963;-87,74;20;1,36
09.08.21 19:28;1981;-88,21;20;1,36
09.08.21 20:07;1974;-88,69;20;1,36
09.08.21 20:45;1967;-90,26;20;1,36
09.08.21 22:03;2002;-92,93;19;0,84
09.08.21 22:42;2007;-94,82;19;0,84
09.08.21 23:20;2643;-149,39;26;0,84
09.08.21 23:59;3441;-189,03;33;0,84
10.08.21 01:17;2137;-105,06;10;0,34
10.08.21 01:55;2129;-102,79;10;0,34
10.08.21 02:34;2081;-99,88;10;0,34
10.08.21 03:13;2084;-99,16;10;0,34
10.08.21 04:30;2051;-96,59;1;0,01
10.08.21 05:09;2052;-95,82;1;0,01
10.08.21 05:48;2049;-95,60;1;0,01
10.08.21 06:26;2088;-100,23;1;0,01
10.08.21 07:44;2061;-99,14;1;0,01
10.08.21 09:01;2064;-96,37;16;1,18
10.08.21 09:40;2033;-95,00;16;1,18
10.08.21 10:19;2027;-93,93;16;1,18
10.08.21 10:57;2044;-96,90;16;1,18
10.08.21 12:15;2062;-97,31;10;0,69
10.08.21 12:54;2044;-96,41;10;0,69
10.08.21 13:32;2054;-96,95;10;0,69
10.08.21 14:11;2017;-93,48;10;0,69
10.08.21 15:28;2022;-93,60;7;0,24
10.08.21 16:07;2003;-93,25;7;0,24
10.08.21 16:46;2024;-93,70;7;0,24
10.08.21 17:25;2011;-93,12;7;0,24
10.08.21 18:42;2026;-94,54;15;0,24
10.08.21 19:21;2058;-97,60;16;0,24
10.08.21 20:00;2069;-97,37;16;0,24
10.08.21 20:38;2094;-100,76;16;0,24
10.08.21 21:56;2158;-103,52;5;0,18
10.08.21 22:34;2146;-106,48;4;0,18
10.08.21 23:13;2148;-106,04;5;0,18
10.08.21 23:52;2204;-108,49;5;0,18
11.08.21 01:09;2257;-113,80;3;0,29
11.08.21 01:48;2269;-113,89;3;0,29
11.08.21 02:27;2228;-112,54;3;0,29
11.08.21 03:05;2227;-112,41;3;0,29
11.08.21 04:23;2223;-112,30;3;0,29
11.08.21 05:40;2209;-112,25;2;0,55
11.08.21 06:19;2206;-111,47;2;0,55
11.08.21 06:58;2119;-105,10;2;0,55
11.08.21 07:37;2072;-97,88;2;0,55
11.08.21 08:54;2092;-98,77;1;0,08
11.08.21 09:33;2029;-92,55;1;0,08
11.08.21 10:11;2004;-91,22;1;0,08
11.08.21 10:50;2021;-92,61;1;0,08
11.08.21 12:08;2021;-94,13;9;0,56
11.08.21 12:46;2016;-94,21;9;0,56
11.08.21 13:25;2030;-94,11;9;0,56
11.08.21 14:04;2054;-94,54;9;0,56
11.08.21 15:21;2017;-92,13;18;0,13
11.08.21 16:00;2022;-95,35;18;0,13
11.08.21 16:39;2011;-93,95;18;0,13
11.08.21 17:17;2028;-93,79;18;0,13
11.08.21 18:35;2051;-93,47;1;0,00
11.08.21 19:14;2052;-94,79;1;0,00
11.08.21 19:52;2067;-96,41;1;0,00
11.08.21 20:31;2089;-96,68;1;0,00
11.08.21 21:48;2063;-96,47;2;0,01
11.08.21 22:27;2095;-99,79;2;0,01
11.08.21 23:06;2076;-97,30;2;0,01
11.08.21 23:45;2097;-98,70;2;0,01
12.08.21 01:02;3690;-193,97;3;0,01
12.08.21 02:20;2276;-117,07;11;0,43
12.08.21 02:58;2285;-117,95;11;0,43
12.08.21 03:37;2251;-116,53;11;0,43
12.08.21 04:16;2196;-112,86;11;0,43
12.08.21 05:33;2131;-105,34;5;0,30
12.08.21 06:12;2223;-112,08;5;0,30
12.08.21 06:51;2131;-105,82;5;0,30
12.08.21 07:29;2130;-104,22;5;0,30
12.08.21 10:14;2015;-93,31;3;0,72
12.08.21 10:52;2012;-92,55;3;0,72
12.08.21 11:31;1992;-91,41;3;0,72
12.08.21 12:10;1994;-92,62;3;0,72
12.08.21 13:27;2060;-98,46;26;0,11
12.08.21 14:06;2008;-90,30;25;0,11
12.08.21 14:45;2005;-90,65;25;0,11
12.08.21 15:23;1984;-91,02;25;0,11
12.08.21 16:41;2022;-91,86;7;0,30
12.08.21 17:20;2037;-93,00;7;0,30
12.08.21 17:58;2046;-94,81;7;0,30
12.08.21 18:37;2061;-95,43;7;0,30
12.08.21 19:54;2086;-97,85;8;0,06
12.08.21 20:33;2150;-103,12;8;0,06
12.08.21 21:12;2150;-104,13;8;0,06
12.08.21 21:51;2201;-108,06;8;0,06
12.08.21 23:08;2226;-111,54;1;0,09
12.08.21 23:47;2167;-107,93;1;0,09
13.08.21 00:25;2173;-106,71;1;0,09
13.08.21 01:04;2195;-108,67;1;0,09
13.08.21 02:22;3156;-171,00;15;0,77
13.08.21 03:00;2386;-125,15;11;0,77
13.08.21 03:39;2221;-113,64;11;0,77
13.08.21 04:18;2207;-110,59;10;0,77
13.08.21 05:35;2417;-126,31;11;0,77
13.08.21 06:53;2202;-112,82;11;0,12
13.08.21 07:31;2164;-108,44;11;0,12
13.08.21 08:10;2160;-110,59;11;0,12
13.08.21 08:49;2180;-110,55;11;0,12
13.08.21 10:06;2131;-104,64;6;0,31
13.08.21 10:45;2079;-102,00;6;0,31
13.08.21 11:23;2047;-98,92;6;0,31
13.08.21 12:02;2074;-99,27;6;0,31
13.08.21 13:20;2142;-103,26;15;0,39
13.08.21 13:58;2158;-106,76;15;0,39
13.08.21 14:37;2123;-103,92;15;0,39
13.08.21 15:16;2075;-98,42;14;0,39
13.08.21 16:33;2024;-94,11;9;0,71
13.08.21 17:12;2001;-91,41;9;0,71
13.08.21 17:50;1978;-90,66;9;0,71
13.08.21 18:29;2018;-91,19;9;0,71
13.08.21 19:47;2001;-90,57;13;0,57
13.08.21 20:25;1992;-89,69;13;0,57
13.08.21 21:04;2013;-90,69;13;0,57
13.08.21 21:43;1993;-91,13;13;0,57
13.08.21 23:00;2029;-93,28;13;1,89
13.08.21 23:39;2041;-93,62;13;1,89
14.08.21 00:17;2049;-94,57;13;1,89
14.08.21 00:56;2087;-99,89;13;1,89
14.08.21 02:14;2108;-103,21;14;1,89
14.08.21 03:31;2098;-100,27;24;0,13
14.08.21 04:10;2088;-100,34;24;0,13
14.08.21 04:48;2103;-100,27;24;0,13
14.08.21 05:27;2081;-99,19;24;0,13
14.08.21 06:44;2092;-97,73;;
14.08.21 07:23;2072;-99,31;;
14.08.21 08:02;2054;-98,81;;
14.08.21 08:41;2057;-96,70;;
14.08.21 09:58;2035;-94,52;;
14.08.21 10:37;2082;-96,43;;
14.08.21 11:15;2071;-97,11;;
14.08.21 11:54;2014;-90,77;;
14.08.21 13:12;2022;-93,62;9;0,34
14.08.21 13:50;2025;-93,28;9;0,34
14.08.21 14:29;2024;-94,39;9;0,34
14.08.21 15:08;2047;-95,37;9;0,34
14.08.21 16:25;2017;-93,07;9;0,53
14.08.21 17:04;2009;-92,60;9;0,53
14.08.21 17:42;1994;-88,92;9;0,53
14.08.21 18:21;1985;-90,56;9;0,53
14.08.21 19:39;1985;-89,49;3;0,06
14.08.21 20:17;1998;-89,17;3;0,06
14.08.21 20:56;1989;-91,31;3;0,06
14.08.21 21:35;2015;-92,80;3;0,06
14.08.21 22:52;2035;-93,40;3;0,06
15.08.21 00:09;2096;-101,50;13;0,48
15.08.21 00:48;2094;-101,13;13;0,48
15.08.21 01:27;2098;-101,47;13;0,48
15.08.21 02:06;2122;-101,71;13;0,48
15.08.21 03:23;2154;-105,01;1;0,47
15.08.21 04:02;2174;-107,35;1;0,47
15.08.21 04:40;2113;-102,53;1;0,47
15.08.21 05:19;2088;-100,30;1;0,47
15.08.21 06:36;2061;-94,80;2;0,52
15.08.21 07:15;2030;-94,21;2;0,52
15.08.21 07:54;2075;-97,77;2;0,52
15.08.21 08:33;2051;-95,80;2;0,52
15.08.21 09:50;2207;-111,14;11;0,73
15.08.21 10:29;2211;-110,82;11;0,73
15.08.21 11:07;2198;-110,61;11;0,73
15.08.21 11:46;2194;-109,03;11;0,73
15.08.21 13:03;2158;-105,48;6;0,11
15.08.21 13:42;2173;-107,13;6;0,11
15.08.21 14:21;2186;-110,09;6;0,11
15.08.21 15:00;2292;-118,47;7;0,11
15.08.21 16:17;2052;-96,40;4;0,00
15.08.21 16:56;2051;-96,70;4;0,00
15.08.21 17:34;2100;-102,98;4;0,00
15.08.21 18:13;2121;-101,65;4;0,00
15.08.21 19:30;2088;-99,03;4;0,00
15.08.21 20:48;2086;-97,86;8;0,10
15.08.21 21:27;2100;-100,08;8;0,10
15.08.21 22:05;2130;-101,42;8;0,10
15.08.21 22:44;2134;-101,55;8;0,10
16.08.21 00:01;2058;-95,84;0;0,08
16.08.21 00:40;2014;-93,27;0;0,08
16.08.21 01:19;2030;-94,46;0;0,08
16.08.21 01:57;2074;-96,40;0;0,08
16.08.21 03:15;2194;-109,60;5;0,11
16.08.21 03:54;2803;-154,51;6;0,11
16.08.21 04:32;2092;-99,64;5;0,11
16.08.21 05:11;2104;-101,61;5;0,11
16.08.21 06:28;2119;-101,81;16;0,44
16.08.21 07:07;2104;-100,69;16;0,44
16.08.21 07:46;2062;-96,72;16;0,44
16.08.21 08:24;2028;-97,50;15;0,44
16.08.21 09:42;2041;-94,31;16;0,44
16.08.21 10:21;2041;-93,87;15;0,44
16.08.21 14:13;1995;-89,73;34;1,40
16.08.21 14:51;2006;-93,90;35;1,40
16.08.21 15:30;2050;-96,18;35;1,40
16.08.21 16:09;1980;-93,81;34;1,40
16.08.21 17:26;1952;-87,63;9;0,69
16.08.21 18:05;1962;-88,13;9;0,69
16.08.21 18:44;1969;-90,01;9;0,69
16.08.21 19:22;1972;-89,58;9;0,69
16.08.21 20:40;1999;-89,01;0;0,57
16.08.21 21:19;1983;-89,79;0;0,57
16.08.21 21:57;1994;-89,76;0;0,57
16.08.21 22:36;1999;-90,83;0;0,57
16.08.21 23:53;2004;-91,20;3;0,50
17.08.21 00:32;1993;-89,06;3;0,50
17.08.21 01:11;1991;-90,34;3;0,50
17.08.21 01:49;1999;-90,19;3;0,50
17.08.21 03:07;1986;-90,32;7;0,84
17.08.21 03:46;1975;-88,40;7;0,84
17.08.21 04:24;1991;-90,32;7;0,84
17.08.21 05:03;1969;-89,98;7;0,84
17.08.21 06:20;2006;-90,70;13;0,43
17.08.21 06:59;1997;-89,32;13;0,43
17.08.21 07:38;1985;-88,58;13;0,43
17.08.21 08:17;1967;-88,16;13;0,43
17.08.21 09:34;2000;-88,60;13;0,43
17.08.21 10:51;1987;-88,75;4;0,67
17.08.21 11:30;2001;-88,46;4;0,67
17.08.21 12:09;1996;-85,86;4;0,67
17.08.21 12:47;1995;-87,25;4;0,67
17.08.21 14:05;1983;-87,92;10;0,53
17.08.21 14:44;1999;-88,60;10;0,53
17.08.21 15:22;1997;-87,15;10;0,53
17.08.21 16:01;2005;-87,66;10;0,53
17.08.21 17:18;1980;-88,85;10;0,72
17.08.21 17:57;2000;-89,48;10;0,72
17.08.21 18:36;1985;-89,35;10;0,72
17.08.21 19:15;1983;-89,12;10;0,72
17.08.21 20:32;1987;-90,41;6;1,22
17.08.21 21:11;2000;-91,04;6;1,22
17.08.21 21:49;2010;-91,29;6;1,22
17.08.21 22:28;2023;-95,29;6;1,22
17.08.21 23:45;2081;-97,81;17;0,81
18.08.21 00:24;2099;-100,85;17;0,81
18.08.21 01:03;2093;-102,04;17;0,81
18.08.21 01:42;2095;-99,57;17;0,81
18.08.21 02:59;2115;-101,91;2;0,55
18.08.21 03:38;2115;-101,09;2;0,55
18.08.21 04:16;2124;-102,57;2;0,55
18.08.21 04:56;;;;
18.08.21 06:14;2176;-100,24;2;0,55
18.08.21 07:30;2062;-97,20;13;0,94
18.08.21 08:09;2065;-95,26;13;0,94
18.08.21 08:47;2019;-92,58;12;0,94
18.08.21 09:26;2030;-93,41;12;0,94
18.08.21 10:44;1997;-91,12;5;0,02
18.08.21 11:22;1964;-88,70;5;0,02
18.08.21 12:01;1990;-88,87;5;0,02
18.08.21 12:40;1952;-87,38;5;0,02
18.08.21 13:57;1983;-90,31;5;0,02
18.08.21 14:36;1960;-88,43;5;0,02
18.08.21 15:14;1975;-90,33;5;0,02
18.08.21 15:53;;;;
18.08.21 17:11;2015;-90,55;;
18.08.21 17:49;2041;-92,56;;
18.08.21 18:28;2034;-93,64;;
18.08.21 19:07;2042;-94,48;;
18.08.21 20:24;2049;-95,46;0;0,11
18.08.21 21:03;2042;-95,70;0;0,11
18.08.21 21:42;2039;-96,04;0;0,11
18.08.21 22:20;2041;-96,29;0;0,11
18.08.21 23:38;2029;-92,79;14;0,89
19.08.21 00:16;2027;-94,66;14;0,89
19.08.21 00:55;2011;-93,10;14;0,89
19.08.21 01:34;2034;-94,63;14;0,89
19.08.21 02:51;2033;-94,95;14;0,89
19.08.21 04:09;2014;-90,19;6;0,46
19.08.21 04:47;2026;-93,03;6;0,46
19.08.21 05:26;2047;-96,81;6;0,46
19.08.21 06:05;2066;-96,29;6;0,46
19.08.21 07:22;2017;-92,50;2;0,03
19.08.21 08:01;2046;-95,16;3;0,03
19.08.21 08:40;2006;-91,72;2;0,03
19.08.21 09:18;2013;-92,66;2;0,03
19.08.21 10:36;1958;-89,33;2;0,23
19.08.21 11:14;1955;-88,01;2;0,23
19.08.21 11:53;1972;-88,43;2;0,23
19.08.21 12:32;1960;-88,96;2;0,23
19.08.21 13:49;2008;-91,13;4;0,01
19.08.21 14:28;2020;-92,54;4;0,01
19.08.21 15:07;2002;-92,97;4;0,01
19.08.21 15:45;2004;-91,23;4;0,01
19.08.21 17:03;1969;-88,45;11;0,50
19.08.21 17:41;1958;-86,88;11;0,50
19.08.21 18:20;1976;-88,02;11;0,50
19.08.21 18:59;1963;-88,93;11;0,50
19.08.21 20:16;1984;-90,18;4;0,46
19.08.21 20:55;2002;-92,42;4;0,46
19.08.21 21:34;2019;-92,35;4;0,46
19.08.21 22:12;2010;-91,92;4;0,46
19.08.21 23:30;2055;-95,35;4;0,46
20.08.21 00:47;2119;-102,27;8;0,25
20.08.21 01:26;2141;-104,43;8;0,25
20.08.21 02:05;2132;-105,34;8;0,25
20.08.21 02:43;2105;-102,66;8;0,25
20.08.21 04:01;2052;-96,08;12;0,55
20.08.21 04:39;2095;-100,74;13;0,55
20.08.21 05:18;2073;-98,12;13;0,55
20.08.21 05:57;2020;-92,97;12;0,55
20.08.21 07:14;2086;-99,94;2;0,80
20.08.21 07:53;2319;-121,86;2;0,80
20.08.21 08:32;2578;-138,73;2;0,80
20.08.21 09:10;2155;-106,52;2;0,80
20.08.21 10:28;2068;-97,33;16;0,18
20.08.21 11:07;2076;-98,91;16;0,18
20.08.21 11:45;2052;-97,33;16;0,18
20.08.21 12:24;2026;-93,48;16;0,18
20.08.21 13:41;2009;-91,99;12;0,89
20.08.21 14:20;1998;-89,92;12;0,89
20.08.21 14:59;1945;-88,26;12;0,89
20.08.21 15:37;1964;-86,38;12;0,89
20.08.21 16:55;1975;-86,86;9;0,95
20.08.21 17:34;1969;-85,98;9;0,95
20.08.21 18:12;1974;-86,05;9;0,95
20.08.21 18:51;1982;-86,68;9;0,95
20.08.21 20:08;2000;-88,65;9;0,95
20.08.21 21:26;2075;-92,42;2;1,93
20.08.21 22:05;2075;-93,55;2;1,93
20.08.21 22:43;2098;-96,29;2;1,93
20.08.21 23:22;2127;-99,75;2;1,93
21.08.21 00:39;2109;-100,46;9;0,23
21.08.21 01:18;2099;-100,09;9;0,23
21.08.21 01:57;2109;-102,49;9;0,23
21.08.21 02:35;2097;-100,06;9;0,23
21.08.21 03:53;2056;-96,67;11;0,76
21.08.21 04:32;2134;-103,66;12;0,76
21.08.21 05:10;2063;-96,96;11;0,76
21.08.21 05:49;2043;-95,47;11;0,76
21.08.21 07:06;2079;-96,90;32;0,22
21.08.21 07:45;2071;-96,81;32;0,22
21.08.21 08:24;2106;-100,80;32;0,22
21.08.21 09:02;2064;-94,25;32;0,22
21.08.21 10:20;2092;-99,39;22;0,93
21.08.21 10:59;2042;-93,29;21;0,93
21.08.21 11:37;1994;-93,43;21;0,93
21.08.21 12:16;2003;-90,73;21;0,93
21.08.21 13:33;1977;-87,39;18;1,33
21.08.21 14:12;1955;-87,62;18;1,33
21.08.21 14:51;1974;-88,41;18;1,33
21.08.21 15:30;1953;-89,11;18;1,33
21.08.21 16:47;1975;-90,92;18;1,33
21.08.21 18:04;1984;-89,78;18;1,33
21.08.21 18:43;1997;-89,12;18;1,33
21.08.21 19:22;1984;-91,51;18;1,33
21.08.21 20:00;;;;
;;;;
;;;;
;;;;
;;;;
;;;;
;;;;
;;;;
;;;;
;;;;
;;;;
;;;;
;;;;
;;;;
;;;;
;;;;
;;;;
;;;;
;;;;
;;;;
22.08.21 07:37;2051;-97,15;10;1,78
22.08.21 08:16;2050;-93,17;10;1,78
22.08.21 08:55;2036;-93,09;10;1,78
22.08.21 10:12;1984;-90,53;10;1,78
22.08.21 10:51;2014;-90,43;10;1,78
22.08.21 11:29;2032;-92,97;10;1,78
22.08.21 12:08;2022;-92,44;10;1,78
22.08.21 13:26;2017;-92,87;10;1,78
22.08.21 14:43;2032;-94,13;26;1,19
22.08.21 15:22;2014;-93,42;26;1,19
22.08.21 16:00;1975;-91,62;25;1,19
22.08.21 16:39;2017;-95,23;26;1,19
22.08.21 17:57;2026;-94,10;3;2,14
22.08.21 18:35;2025;-94,35;3;2,14
22.08.21 19:14;2019;-94,91;3;2,14
22.08.21 19:53;2039;-95,04;3;2,14
22.08.21 21:10;2011;-92,08;1;0,36
22.08.21 21:49;1988;-91,79;1;0,36
22.08.21 22:27;2002;-90,87;1;0,36
22.08.21 23:06;2001;-92,04;1;0,36
23.08.21 00:24;2039;-94,78;16;0,76
23.08.21 01:02;2026;-95,30;16;0,76
23.08.21 01:41;2054;-99,04;16;0,76
23.08.21 02:20;2022;-94,59;16;0,76
23.08.21 03:37;2020;-93,60;8;0,03
23.08.21 04:16;2008;-93,91;8;0,03
23.08.21 04:55;2038;-94,44;8;0,03
23.08.21 05:33;2029;-93,62;8;0,03
23.08.21 06:51;1961;-90,76;14;1,34
23.08.21 07:29;1993;-90,65;14;1,34
23.08.21 08:08;1974;-88,96;14;1,34
23.08.21 08:47;1968;-89,19;14;1,34
23.08.21 10:04;1973;-89,28;14;1,34
23.08.21 11:22;1974;-88,35;9;0,94
23.08.21 12:00;1958;-87,56;9;0,94
23.08.21 12:39;1969;-88,29;9;0,94
23.08.21 13:18;1981;-88,81;9;0,94
23.08.21 14:35;1963;-88,10;5;0,89
23.08.21 15:14;1960;-87,51;5;0,89
23.08.21 15:53;1977;-88,60;5;0,89
23.08.21 16:31;1961;-89,36;5;0,89
23.08.21 17:49;1977;-88,92;1;1,22
23.08.21 18:27;1997;-91,38;1;1,22
23.08.21 19:06;1952;-97,89;1;1,22
23.08.21 19:45;2013;-94,81;1;1,22
23.08.21 21:02;2030;-94,64;6;0,48
23.08.21 21:41;2054;-97,40;7;0,48
23.08.21 22:20;2059;-98,09;7;0,48
23.08.21 22:58;2032;-94,49;6;0,48
24.08.21 00:16;2063;-95,93;14;0,57
24.08.21 00:54;2035;-95,28;13;0,57
24.08.21 01:33;2048;-95,58;13;0,57
24.08.21 02:12;2048;-93,16;13;0,57
24.08.21 03:29;1977;-90,60;18;0,57
24.08.21 04:08;2074;-97,93;18;0,57
24.08.21 04:47;2068;-98,56;18;0,57
24.08.21 05:25;2092;-98,55;19;0,57
24.08.21 06:43;2062;-100,50;18;0,57
24.08.21 08:00;2015;-94,33;18;0,57
26.08.21 23:57;;;;
27.08.21 00:35;2051;-95,86;12;1,72
27.08.21 01:14;2092;-99,04;13;1,72
27.08.21 01:53;2116;-100,37;13;1,72
27.08.21 02:32;2093;-98,41;13;1,72
27.08.21 03:49;2086;-100,39;20;1,81
27.08.21 04:28;2058;-98,13;19;1,81
27.08.21 05:06;2080;-98,42;20;1,81
27.08.21 05:45;2058;-96,91;19;1,81
27.08.21 07:02;2041;-96,14;2;0,87
27.08.21 07:41;2022;-95,17;2;0,87
27.08.21 08:20;2022;-94,38;2;0,87
27.08.21 08:59;2019;-94,83;2;0,87
27.08.21 10:16;2003;-93,34;11;0,47
27.08.21 10:55;1997;-90,55;11;0,47
27.08.21 11:33;1988;-88,91;11;0,47
27.08.21 12:12;1993;-89,37;11;0,47
27.08.21 13:29;1975;-89,69;1;0,96
27.08.21 14:08;1977;-88,40;1;0,96
27.08.21 14:47;1982;-89,87;1;0,96
27.08.21 15:26;1998;-90,20;1;0,96
27.08.21 16:43;2000;-90,72;3;0,43
27.08.21 17:22;1994;-89,51;3;0,43
27.08.21 18:00;2008;-90,92;3;0,43
27.08.21 18:39;2014;-90,67;3;0,43
27.08.21 19:56;2061;-93,57;3;0,43
27.08.21 21:14;2066;-94,72;32;0,72
27.08.21 21:53;2103;-98,27;32;0,72
27.08.21 22:31;2121;-102,80;33;0,72
27.08.21 23:10;2099;-102,10;32;0,72
28.08.21 00:27;2116;-102,92;1;0,71
28.08.21 01:06;2083;-100,30;1;0,71
28.08.21 01:45;2080;-101,07;1;0,71
28.08.21 02:23;2054;-98,40;1;0,71
28.08.21 03:41;2028;-96,33;12;2,29
28.08.21 04:20;2062;-98,13;12;2,29
28.08.21 04:58;2052;-96,33;12;2,29
28.08.21 05:37;2050;-97,33;12;2,29
28.08.21 06:54;2034;-94,74;9;0,08
28.08.21 07:33;2053;-95,69;9;0,08
28.08.21 08:12;2052;-96,35;9;0,08
28.08.21 08:50;2058;-95,78;9;0,08
28.08.21 10:08;2034;-95,29;11;0,30
28.08.21 10:47;2036;-95,55;11;0,30
28.08.21 11:25;2034;-95,99;11;0,30
28.08.21 12:04;2053;-96,04;11;0,30
28.08.21 13:21;2042;-96,32;1;0,22
28.08.21 14:05;;;;
28.08.21 14:39;2035;-94,89;1;0,22
28.08.21 15:17;2039;-95,43;1;0,22
28.08.21 16:35;2042;-95,35;1;0,22
28.08.21 17:52;2043;-95,88;11;0,52
28.08.21 18:31;2058;-95,78;11;0,52
28.08.21 19:10;2062;-95,68;11;0,52
28.08.21 19:48;2049;-96,65;11;0,52
28.08.21 21:06;2042;-96,32;16;0,51
28.08.21 21:44;2054;-96,63;16;0,51
28.08.21 22:23;2077;-99,67;17;0,51
28.08.21 23:02;2103;-100,00;17;0,51
29.08.21 00:19;2058;-96,84;1;0,21
29.08.21 00:58;2045;-96,69;1;0,21
29.08.21 01:37;2052;-97,97;1;0,21
29.08.21 02:15;2051;-98,15;1;0,21
29.08.21 03:33;2067;-97,97;10;0,24
29.08.21 04:11;2070;-99,07;10;0,24
29.08.21 04:50;2073;-97,48;10;0,24
29.08.21 05:29;2084;-100,72;10;0,24
29.08.21 06:46;2093;-100,51;5;0,58
29.08.21 07:25;2093;-100,24;5;0,58
29.08.21 08:04;2096;-99,59;5;0,58
29.08.21 08:42;2101;-98,94;5;0,58
29.08.21 10:00;2077;-98,84;6;0,43
29.08.21 10:39;2037;-95,48;6;0,43
29.08.21 11:17;2029;-94,63;6;0,43
29.08.21 11:56;2035;-94,93;6;0,43
29.08.21 13:13;2051;-96,26;6;0,43
29.08.21 14:31;2036;-94,13;0;0,44
29.08.21 15:09;2032;-95,49;0;0,44
29.08.21 15:48;2031;-96,53;0;0,44
29.08.21 16:27;2039;-95,53;0;0,44
29.08.21 17:44;2034;-95,26;8;0,32
29.08.21 18:23;2036;-94,98;8;0,32
29.08.21 19:02;2016;-95,30;8;0,32
29.08.21 19:40;2041;-96,43;8;0,32
29.08.21 20:58;2053;-97,13;12;0,07
29.08.21 21:36;2050;-98,41;12;0,07
29.08.21 22:15;2048;-97,21;12;0,07
29.08.21 22:54;2059;-97,88;12;0,07
30.08.21 00:11;2062;-97,06;9;0,86
30.08.21 00:50;2060;-98,33;9;0,86
30.08.21 01:29;2080;-99,81;9;0,86
30.08.21 02:07;2082;-100,13;9;0,86
30.08.21 03:25;2073;-98,85;5;0,62
30.08.21 04:03;2071;-97,94;5;0,62
30.08.21 04:42;2064;-99,09;5;0,62
30.08.21 05:21;2060;-99,81;5;0,62
30.08.21 06:38;2067;-98,45;4;0,75
30.08.21 07:17;2063;-98,57;4;0,75
30.08.21 07:56;2028;-95,10;4;0,75
30.08.21 08:34;2024;-94,66;4;0,75
30.08.21 09:52;2018;-94,50;4;0,75
30.08.21 11:09;2017;-94,21;9;0,24
30.08.21 11:48;2018;-93,43;9;0,24
30.08.21 12:27;2018;-94,02;9;0,24
30.08.21 13:05;2005;-94,42;9;0,24
30.08.21 14:23;2026;-94,58;9;0,04
30.08.21 15:01;2023;-93,89;9;0,04
30.08.21 15:40;2013;-92,23;9;0,04
30.08.21 16:19;2025;-94,19;9;0,04
30.08.21 17:36;2022;-95,58;1;0,01
30.08.21 18:15;2014;-94,39;1;0,01
30.08.21 18:54;2032;-93,42;1;0,01
30.08.21 19:32;2028;-95,11;1;0,01
30.08.21 20:50;2071;-97,81;1;0,17
30.08.21 21:28;2089;-100,21;1;0,17
30.08.21 22:07;2089;-100,67;1;0,17
30.08.21 22:46;2069;-99,34;1;0,17
31.08.21 00:03;2140;-103,47;7;0,83
31.08.21 00:42;2141;-105,47;7;0,83
31.08.21 01:21;2189;-109,49;8;0,83
31.08.21 01:59;2184;-108,83;8;0,83
31.08.21 03:17;2203;-110,26;1;1,01
31.08.21 03:55;2249;-114,40;1;1,01
31.08.21 04:34;2275;-117,05;1;1,01
31.08.21 05:13;2262;-118,55;1;1,01
31.08.21 06:30;2224;-112,59;1;1,01
31.08.21 07:48;2161;-106,65;13;0,29
31.08.21 08:26;2103;-102,69;13;0,29
31.08.21 09:05;2051;-99,66;12;0,29
31.08.21 09:44;2047;-98,31;12;0,29
31.08.21 11:01;2040;-95,70;12;0,29
31.08.21 11:40;2013;-92,86;12;0,29
31.08.21 12:18;2010;-92,82;12;0,29
31.08.21 12:57;2019;-95,03;12;0,29
31.08.21 13:36;;;;
31.08.21 17:10;2069;-99,23;13;2,35
31.08.21 17:49;2066;-100,75;13;2,35
31.08.21 18:27;2025;-95,15;12;2,35
31.08.21 19:06;2017;-93,79;12;2,35
31.08.21 20:24;2009;-92,49;6;0,41
31.08.21 21:02;2004;-91,77;6;0,41
31.08.21 21:41;2008;-96,23;6;0,41
31.08.21 22:20;2026;-94,37;6;0,41
31.08.21 23:37;2011;-91,80;1;0,26
01.09.21 00:16;2007;-92,99;1;0,26
01.09.21 00:55;2013;-92,37;1;0,26
01.09.21 01:33;2006;-91,20;1;0,26
01.09.21 02:51;2020;-91,82;21;2,58
01.09.21 03:29;2016;-91,04;21;2,58
01.09.21 04:08;2032;-92,18;21;2,58
01.09.21 04:47;2057;-93,87;21;2,58
01.09.21 06:04;2089;-96,09;12;2,21
01.09.21 06:43;2096;-95,22;12;2,21
01.09.21 07:22;2091;-97,03;12;2,21
01.09.21 08:00;2070;-104,59;12;2,21
01.09.21 09:18;2072;-102,40;14;0,82
01.09.21 09:56;2054;-96,57;14;0,82
01.09.21 10:35;2028;-94,38;13;0,82
01.09.21 11:14;2022;-93,36;13;0,82
01.09.21 12:31;2022;-93,47;13;0,82
01.09.21 13:49;2022;-92,28;11;1,25
01.09.21 14:27;2014;-92,66;11;1,25
01.09.21 15:06;2006;-90,56;10;1,25
01.09.21 15:45;1995;-92,86;10;1,25
01.09.21 17:02;2008;-91,58;6;1,94
01.09.21 17:41;2009;-90,29;6;1,94
01.09.21 18:20;1989;-91,43;6;1,94
01.09.21 18:58;2003;-90,64;6;1,94
01.09.21 20:16;2008;-90,40;13;2,44
01.09.21 20:55;2019;-90,57;13;2,44
01.09.21 21:33;2017;-94,05;13;2,44
01.09.21 22:12;2024;-92,40;13;2,44
01.09.21 23:29;2041;-92,58;12;0,27
02.09.21 00:08;2057;-95,65;12;0,27
02.09.21 00:47;2064;-96,60;12;0,27
02.09.21 01:25;2083;-97,05;12;0,27
02.09.21 02:43;2112;-102,99;4;0,67
02.09.21 03:22;2110;-101,19;4;0,67
02.09.21 04:00;2110;-100,10;4;0,67
02.09.21 04:39;2152;-104,71;4;0,67
02.09.21 05:56;2240;-114,40;2;0,14
02.09.21 06:35;2276;-119,48;2;0,14
02.09.21 07:14;2287;-119,20;2;0,14
02.09.21 07:53;2192;-109,97;2;0,14
02.09.21 09:10;1982;-91,13;2;0,14
02.09.21 10:27;1991;-99,72;2;0,80
02.09.21 11:06;1959;-97,67;2;0,80
02.09.21 11:45;2020;-92,87;2;0,80
02.09.21 12:23;2011;-93,66;2;0,80
02.09.21 13:41;2013;-99,01;8;0,83
02.09.21 14:20;2036;-95,73;8;0,83
02.09.21 14:58;2035;-96,85;8;0,83
02.09.21 15:37;2011;-95,46;8;0,83
02.09.21 16:54;2010;-91,23;4;0,06
02.09.21 17:33;1983;-92,20;4;0,06
02.09.21 18:12;1977;-89,65;4;0,06
02.09.21 18:51;1987;-88,06;4;0,06
02.09.21 20:08;1985;-91,00;13;0,59
02.09.21 20:47;1986;-88,75;13;0,59
02.09.21 21:25;2013;-90,46;13;0,59
02.09.21 22:04;2029;-92,37;13;0,59
02.09.21 23:21;2022;-91,00;15;3,17
03.09.21 00:00;2046;-90,84;16;3,17
03.09.21 00:39;2064;-95,28;16;3,17
03.09.21 01:18;2090;-95,32;16;3,17
03.09.21 02:35;2137;-102,08;4;3,76
03.09.21 03:14;2146;-101,72;4;3,76
03.09.21 03:52;2154;-102,70;4;3,76
03.09.21 04:31;2148;-107,75;4;3,76
03.09.21 05:49;2174;-103,09;4;3,76
03.09.21 07:06;2051;-98,16;7;0,51
03.09.21 07:45;2062;-98,81;7;0,51
03.09.21 08:23;1992;-89,09;7;0,51
03.09.21 09:02;1954;-86,66;7;0,51
03.09.21 10:19;1979;-85,77;3;1,40
03.09.21 10:58;1955;-85,58;3;1,40
03.09.21 11:37;1948;-83,26;3;1,40
03.09.21 12:16;1900;-90,67;3;1,40
03.09.21 13:33;1941;-83,09;3;1,40
03.09.21 14:12;1920;-88,74;3;1,40
03.09.21 14:50;1941;-84,76;3;1,40
03.09.21 15:29;1944;-83,06;3;1,40
03.09.21 16:47;1940;-86,67;8;0,90
03.09.21 17:25;1945;-86,69;8;0,90
03.09.21 18:04;1947;-85,28;8;0,90
03.09.21 18:43;1957;-87,26;8;0,90
03.09.21 20:00;1981;-86,54;6;1,66
03.09.21 20:39;1974;-85,67;6;1,66
03.09.21 21:17;2003;-88,33;6;1,66
03.09.21 21:56;2014;-89,95;6;1,66
03.09.21 23:14;2004;-88,25;9;0,28
03.09.21 23:52;2014;-92,16;9;0,28
04.09.21 00:31;2005;-92,65;9;0,28
04.09.21 01:10;2026;-90,98;9;0,28
04.09.21 02:27;2026;-94,83;9;0,28
04.09.21 03:45;1996;-90,75;14;0,93
04.09.21 04:23;1999;-88,28;14;0,93
04.09.21 05:02;1989;-90,23;14;0,93
04.09.21 05:41;1984;-86,77;14;0,93
04.09.21 06:58;;;;
04.09.21 07:37;1972;-85,55;4;1,66
04.09.21 08:16;1971;-85,22;4;1,66
04.09.21 08:54;1979;-86,65;4;1,66
04.09.21 10:12;1992;-87,18;12;1,91
04.09.21 10:50;2005;-89,83;12;1,91
04.09.21 11:29;2000;-88,93;12;1,91
04.09.21 12:08;1988;-87,43;12;1,91
04.09.21 13:25;1982;-89,19;14;0,37
04.09.21 14:04;1990;-88,91;14;0,37
04.09.21 14:43;1975;-88,60;14;0,37
04.09.21 15:21;1982;-89,42;14;0,37
04.09.21 16:39;1981;-88,03;9;0,30
04.09.21 17:17;1997;-88,21;9;0,30
04.09.21 17:56;1986;-88,60;9;0,30
04.09.21 18:35;1986;-89,18;9;0,30
04.09.21 19:52;1972;-88,29;5;0,53
04.09.21 20:31;1980;-89,37;5;0,53
04.09.21 21:10;1986;-90,08;5;0,53
04.09.21 21:48;1988;-88,93;5;0,53
04.09.21 23:06;1984;-92,16;5;0,53
05.09.21 00:23;2001;-89,68;6;0,38
05.09.21 01:02;1997;-90,91;6;0,38
05.09.21 01:41;1981;-90,85;6;0,38
05.09.21 02:19;1998;-90,90;6;0,38
05.09.21 03:37;2003;-91,66;7;0,11
05.09.21 04:15;1997;-93,77;7;0,11
05.09.21 04:54;2001;-91,63;7;0,11
05.09.21 05:33;2012;-92,20;8;0,11
05.09.21 06:50;1999;-90,29;9;0,61
05.09.21 07:29;2013;-92,00;9;0,61
05.09.21 08:08;2011;-91,33;9;0,61
05.09.21 08:46;1997;-90,79;8;0,61
05.09.21 10:04;2003;-92,09;1;0,63
05.09.21 10:43;2014;-92,90;1;0,63
05.09.21 11:21;2000;-91,01;1;0,63
05.09.21 12:00;2020;-91,46;1;0,63
05.09.21 13:17;1987;-88,41;13;2,97
05.09.21 13:56;2010;-87,82;14;2,97
05.09.21 14:35;2011;-87,43;14;2,97
05.09.21 15:13;2022;-90,19;14;2,97
05.09.21 16:31;2022;-88,08;5;2,21
05.09.21 17:10;2027;-89,34;5;2,21
05.09.21 17:48;2031;-89,16;5;2,21
05.09.21 18:27;2032;-89,92;5;2,21
05.09.21 19:44;2065;-91,23;5;2,21
05.09.21 21:02;2086;-96,33;2;1,44
05.09.21 21:41;2076;-97,30;2;1,44
05.09.21 22:19;2068;-100,90;2;1,44
05.09.21 22:58;2111;-99,72;2;1,44
06.09.21 00:15;2029;-99,02;8;0,43
06.09.21 00:54;2039;-98,55;8;0,43
06.09.21 01:33;2097;-99,43;9;0,43
06.09.21 02:11;2067;-103,34;9;0,43
06.09.21 03:29;2169;-107,60;3;0,66
06.09.21 04:08;2160;-103,58;3;0,66
06.09.21 04:46;2210;-106,75;3;0,66
06.09.21 05:25;2316;-114,57;3;0,66
06.09.21 06:42;2208;-108,96;1;0,14
06.09.21 07:21;2133;-103,01;1;0,14
06.09.21 08:00;2088;-98,72;1;0,14
06.09.21 08:39;2068;-97,75;1;0,14
06.09.21 09:56;2041;-95,67;3;0,02
06.09.21 10:35;2038;-95,70;3;0,02
06.09.21 11:13;2030;-95,66;3;0,02
06.09.21 11:52;2010;-92,63;3;0,02
06.09.21 13:09;2092;-100,99;4;0,92
06.09.21 13:48;2084;-99,88;4;0,92
06.09.21 14:27;2068;-98,49;4;0,92
06.09.21 15:06;2079;-99,14;4;0,92
06.09.21 16:23;2123;-104,14;5;0,92
06.09.21 17:40;2058;-99,75;4;0,15
06.09.21 18:19;2096;-101,20;4;0,15
06.09.21 18:58;2080;-102,05;4;0,15
06.09.21 19:37;2131;-101,93;4;0,15
06.09.21 20:54;2118;-103,50;2;0,44
06.09.21 21:33;2104;-102,59;2;0,44
06.09.21 22:11;2106;-103,65;2;0,44
06.09.21 22:50;2181;-105,47;2;0,44
07.09.21 00:07;2199;-107,46;3;0,42
07.09.21 00:46;2189;-104,91;3;0,42
07.09.21 01:25;2204;-107,23;3;0,42
07.09.21 02:04;2157;-105,86;3;0,42
07.09.21 03:21;2166;-106,85;1;0,77
07.09.21 04:00;2227;-109,09;1;0,77
07.09.21 04:38;2258;-111,25;1;0,77
07.09.21 05:17;2216;-109,37;1;0,77
07.09.21 06:35;2148;-103,16;6;0,55
07.09.21 07:13;2100;-99,22;6;0,55
07.09.21 07:52;2075;-96,31;6;0,55
07.09.21 08:31;2047;-94,59;6;0,55
07.09.21 09:48;2021;-93,15;2;0,50
07.09.21 10:27;2010;-92,05;2;0,50
07.09.21 11:05;1997;-91,00;2;0,50
07.09.21 11:44;2002;-90,08;2;0,50
07.09.21 13:02;2007;-90,45;2;0,50
07.09.21 14:19;1994;-89,99;3;0,14
07.09.21 14:58;2010;-90,87;3;0,14
07.09.21 15:36;2015;-92,62;3;0,14
07.09.21 16:15;2010;-93,24;3;0,14
07.09.21 17:33;2097;-98,00;10;0,06
07.09.21 18:11;2070;-96,98;10;0,06
07.09.21 18:50;2090;-97,60;10;0,06
07.09.21 19:29;2080;-98,19;10;0,06
07.09.21 20:46;2077;-99,23;11;0,02
07.09.21 21:25;2119;-100,66;12;0,02
07.09.21 22:03;2159;-107,09;12;0,02
07.09.21 22:42;2220;-113,49;12;0,02
08.09.21 00:00;4163;-206,62;28;0,18
08.09.21 00:38;3721;-189,79;25;0,18
08.09.21 01:17;2624;-144,77;17;0,18
08.09.21 01:56;2586;-138,97;17;0,18
08.09.21 03:13;2250;-116,50;5;0,40
08.09.21 03:52;2209;-114,14;5;0,40
08.09.21 04:31;2269;-117,33;5;0,40
08.09.21 05:09;2323;-121,29;5;0,40
08.09.21 06:27;2246;-115,85;8;0,18
08.09.21 07:05;2203;-112,65;8;0,18
08.09.21 07:44;2181;-109,53;8;0,18
08.09.21 08:23;2129;-106,06;8;0,18
08.09.21 09:40;2101;-101,62;8;0,18
08.09.21 10:58;2110;-102,70;0;1,09
08.09.21 11:36;2071;-99,81;0;1,09
08.09.21 12:15;2106;-103,00;0;1,09
08.09.21 12:54;2049;-96,66;0;1,09
08.09.21 14:11;2013;-94,50;4;1,01
08.09.21 14:50;2007;-92,70;4;1,01
08.09.21 15:29;2010;-95,12;4;1,01
08.09.21 16:07;2023;-94,82;4;1,01
08.09.21 17:25;2012;-93,03;5;0,23
08.09.21 18:03;2014;-92,79;5;0,23
08.09.21 18:42;2026;-94,52;5;0,23
08.09.21 19:21;2038;-95,52;5;0,23
08.09.21 20:38;2045;-96,52;8;0,27
08.09.21 21:17;2053;-95,94;8;0,27
08.09.21 21:56;2052;-97,23;8;0,27
08.09.21 22:34;2052;-97,08;8;0,27
08.09.21 23:52;2056;-97,41;4;1,02
09.09.21 00:30;2066;-98,91;4;1,02
09.09.21 01:09;2075;-100,66;4;1,02
09.09.21 01:48;2092;-100,02;4;1,02
09.09.21 03:05;2117;-101,72;5;0,81
09.09.21 03:44;2125;-104,99;5;0,81
09.09.21 04:23;2126;-104,76;5;0,81
09.09.21 05:01;2142;-106,28;5;0,81
09.09.21 06:19;2132;-105,43;5;0,81
09.09.21 07:36;2138;-103,74;3;0,03
09.09.21 08:15;2144;-106,12;3;0,03
09.09.21 08:54;2125;-105,04;3;0,03
09.09.21 09:32;2076;-100,03;3;0,03
09.09.21 10:50;2082;-100,16;2;0,79
09.09.21 11:28;2071;-98,11;2;0,79
09.09.21 12:07;2130;-103,22;2;0,79
09.09.21 12:46;2121;-104,00;2;0,79
09.09.21 14:03;2023;-93,22;1;1,07
09.09.21 14:42;2003;-94,32;1;1,07
09.09.21 15:21;2008;-92,94;1;1,07
09.09.21 15:59;2015;-92,87;1;1,07
09.09.21 17:17;2025;-93,93;2;0,08
09.09.21 17:56;2031;-94,50;2;0,08
09.09.21 18:34;2041;-93,33;2;0,08
09.09.21 19:13;2045;-96,02;2;0,08
09.09.21 20:30;2070;-98,65;11;0,04
09.09.21 21:09;2079;-99,71;11;0,04
09.09.21 21:48;2084;-99,61;11;0,04
09.09.21 22:27;2135;-103,99;11;0,04
09.09.21 23:44;2225;-112,41;10;0,36
10.09.21 00:23;2264;-113,95;10;0,36
10.09.21 01:01;4095;-206,02;18;0,36
10.09.21 01:40;2498;-131,32;11;0,36
10.09.21 02:57;2679;-143,09;12;0,36
10.09.21 04:15;2435;-129,18;5;0,05
10.09.21 04:54;2311;-121,09;5;0,05
10.09.21 05:32;2336;-120,74;5;0,05
10.09.21 06:11;2416;-127,28;5;0,05
10.09.21 07:28;2329;-120,45;7;0,83
10.09.21 08:07;2346;-121,70;7;0,83
10.09.21 08:46;2222;-112,84;7;0,83
10.09.21 09:24;2112;-101,03;6;0,83
10.09.21 10:42;2102;-101,56;3;0,42
10.09.21 11:21;2128;-103,97;3;0,42
10.09.21 11:59;2155;-105,32;3;0,42
10.09.21 12:38;2065;-96,61;3;0,42
10.09.21 13:55;2097;-100,37;1;0,57
10.09.21 14:34;2097;-99,01;1;0,57
10.09.21 15:13;2084;-99,84;1;0,57
10.09.21 15:52;2096;-98,95;1;0,57
10.09.21 17:09;2126;-101,50;13;0,66
10.09.21 17:48;2129;-100,46;13;0,66
10.09.21 18:26;2137;-99,30;13;0,66
10.09.21 19:05;2082;-97,80;13;0,66
10.09.21 20:23;2011;-92,86;13;0,00
10.09.21 21:01;2481;-131,17;16;0,00
10.09.21 21:40;2040;-92,50;14;0,00
10.09.21 22:19;2009;-90,75;13;0,00
10.09.21 23:36;2059;-96,80;14;0,00
11.09.21 00:53;2093;-100,77;2;0,04
11.09.21 01:32;2184;-110,12;3;0,04
11.09.21 02:11;2142;-106,40;3;0,04
11.09.21 02:50;2131;-105,12;3;0,04
11.09.21 04:07;2152;-104,87;3;0,43
11.09.21 04:46;2133;-105,33;3;0,43
11.09.21 05:24;2133;-103,21;3;0,43
11.09.21 06:03;2139;-104,51;3;0,43
11.09.21 07:21;2119;-101,30;8;0,32
11.09.21 07:59;2122;-101,84;8;0,32
11.09.21 08:38;2117;-100,93;8;0,32
11.09.21 09:17;2110;-101,72;8;0,32
11.09.21 10:34;2157;-104,86;1;0,44
11.09.21 11:13;2156;-103,72;1;0,44
11.09.21 11:51;2144;-104,29;1;0,44
11.09.21 12:30;2244;-113,56;1;0,44
11.09.21 13:48;2088;-100,08;1;0,81
11.09.21 14:26;2063;-98,10;1;0,81
11.09.21 15:05;2066;-96,65;1;0,81
11.09.21 15:44;2089;-100,86;1;0,81
11.09.21 17:01;2125;-102,85;4;0,44
11.09.21 17:40;2116;-104,22;4;0,44
11.09.21 18:19;2117;-103,92;4;0,44
11.09.21 18:57;2100;-104,12;4;0,44
11.09.21 20:15;2116;-104,45;4;0,44
11.09.21 21:32;2137;-107,00;2;0,18
11.09.21 22:11;2192;-112,31;2;0,18
11.09.21 22:49;2143;-106,90;2;0,18
11.09.21 23:28;2118;-103,83;2;0,18
12.09.21 00:46;2092;-102,15;4;0,46
12.09.21 01:24;2108;-103,85;4;0,46
12.09.21 02:03;2119;-104,22;4;0,46
12.09.21 02:42;2150;-107,61;4;0,46
12.09.21 03:59;2163;-108,66;2;0,46
12.09.21 04:38;2144;-106,98;2;0,46
12.09.21 05:17;2147;-106,83;2;0,46
12.09.21 05:55;2150;-107,10;2;0,46
12.09.21 07:13;2169;-108,86;5;0,22
12.09.21 07:51;2143;-105,46;4;0,22
12.09.21 08:30;2129;-104,45;4;0,22
12.09.21 09:09;2118;-103,94;4;0,22
12.09.21 10:26;2072;-98,52;2;0,51
12.09.21 11:05;2051;-98,71;2;0,51
12.09.21 11:44;2048;-96,85;2;0,51
12.09.21 12:22;2049;-96,06;2;0,51
12.09.21 13:40;2043;-95,61;0;0,29
12.09.21 14:18;2047;-96,50;0;0,29
12.09.21 14:57;1981;-88,86;0;0,29
12.09.21 15:36;1967;-88,25;0;0,29
12.09.21 16:53;1985;-90,85;0;0,29
12.09.21 18:11;2033;-94,25;1;0,25
12.09.21 18:49;2026;-95,84;1;0,25
12.09.21 19:28;2063;-98,67;1;0,25
12.09.21 20:07;2076;-99,41;1;0,25
12.09.21 21:24;2046;-96,48;1;0,31
12.09.21 22:03;2057;-98,54;1;0,31
12.09.21 22:42;;;;
13.09.21 11:28;1952;-87,60;40;2,91
13.09.21 12:07;1977;-87,93;40;2,91
13.09.21 12:45;1966;-86,39;40;2,91
13.09.21 13:24;;;;
13.09.21 16:49;1974;-88,20;5;0,94
13.09.21 17:27;1983;-88,61;5;0,94
13.09.21 18:06;2005;-91,16;5;0,94
13.09.21 18:45;1999;-90,01;5;0,94
13.09.21 20:02;2053;-91,15;13;4,02
13.09.21 20:41;2081;-90,88;14;4,02
13.09.21 21:20;2044;-90,16;13;4,02
13.09.21 21:58;2030;-90,34;13;4,02
13.09.21 23:16;2074;-92,85;16;2,90
13.09.21 23:54;2059;-91,29;16;2,90
14.09.21 00:33;2079;-97,00;16;2,90
14.09.21 01:12;2091;-101,33;16;2,90
14.09.21 02:29;2179;-105,62;10;1,41
14.09.21 03:08;2179;-108,29;10;1,41
14.09.21 03:47;2101;-105,73;10;1,41
14.09.21 04:25;2164;-105,42;10;1,41
14.09.21 05:43;2207;-108,53;9;1,48
14.09.21 06:21;;;;
14.09.21 07:37;2105;-110,28;9;1,48
14.09.21 08:54;2089;-97,84;25;3,07
14.09.21 09:33;2080;-100,39;25;3,07
14.09.21 10:12;2063;-95,18;24;3,07
14.09.21 10:50;2034;-93,76;24;3,07
14.09.21 12:08;2045;-89,42;9;0,07
14.09.21 12:47;1990;-96,18;8;0,07
14.09.21 13:25;2025;-92,48;9;0,07
14.09.21 14:04;2023;-93,66;9;0,07
14.09.21 15:21;2106;-90,22;28;2,58
14.09.21 16:00;1978;-99,98;27;2,58
14.09.21 16:39;2059;-89,88;28;2,58
14.09.21 17:17;2064;-88,11;28;2,58
14.09.21 18:35;2066;-93,99;6;1,15
14.09.21 19:14;2111;-89,71;6;1,15
14.09.21 19:52;2029;-99,03;6;1,15
14.09.21 20:31;2108;-89,59;6;1,15
14.09.21 21:48;2110;-90,46;2;0,14
14.09.21 22:27;2123;-86,44;2;0,14
14.09.21 23:06;2105;-88,40;2;0,14
14.09.21 23:45;2105;-86,78;2;0,14
15.09.21 01:02;2072;-94,05;39;5,36
15.09.21 01:41;2075;-95,97;39;5,36
15.09.21 02:19;2025;-104,65;38;5,36
15.09.21 02:58;2048;-103,43;39;5,36
15.09.21 04:15;2164;-110,22;41;5,36
15.09.21 05:33;2086;-104,06;18;2,13
15.09.21 07:39;;;;
15.09.21 08:56;;;;
15.09.21 09:35;2117;-103,83;34;2,54
15.09.21 10:13;2057;-107,50;33;2,54
15.09.21 10:52;2094;-104,53;33;2,54
15.09.21 12:10;2146;-99,19;20;2,06
15.09.21 12:48;2139;-100,85;20;2,06
15.09.21 13:27;2168;-100,99;21;2,06
15.09.21 14:06;2132;-99,56;20;2,06
15.09.21 15:23;2160;-104,24;26;2,90
15.09.21 16:02;2092;-114,42;25;2,90
15.09.21 16:40;2310;-117,03;28;2,90
15.09.21 17:19;2427;-126,63;30;2,90
15.09.21 18:37;2221;-113,54;4;1,24
15.09.21 19:15;2206;-108,50;4;1,24
15.09.21 19:54;2073;-130,43;4;1,24
15.09.21 20:33;2181;-108,49;4;1,24
15.09.21 21:50;2196;-106,05;1;0,51
15.09.21 22:29;2125;-103,11;1;0,51
15.09.21 23:08;2088;-99,85;1;0,51
15.09.21 23:46;2068;-97,72;1;0,51
16.09.21 01:04;2037;-103,86;7;1,00
16.09.21 01:42;2072;-96,89;7;1,00
16.09.21 02:21;2044;-98,50;7;1,00
16.09.21 03:00;2031;-99,11;7;1,00
16.09.21 04:17;2008;-100,23;7;1,00
16.09.21 05:35;2043;-98,77;7;1,00
16.09.21 06:13;2060;-100,69;7;1,00
16.09.21 06:52;;;;
16.09.21 07:31;2083;-102,35;7;1,00
16.09.21 08:48;2068;-98,49;0;1,09
16.09.21 09:27;2014;-102,73;0;1,09
16.09.21 10:05;2052;-98,33;0;1,09
16.09.21 10:44;2011;-99,85;0;1,09
16.09.21 12:02;1984;-92,96;5;0,45
16.09.21 12:40;1979;-90,56;5;0,45
16.09.21 13:19;1987;-91,72;5;0,45
16.09.21 13:58;1979;-90,88;5;0,45
16.09.21 15:15;1969;-93,74;2;1,86
16.09.21 15:54;1998;-90,00;2;1,86
16.09.21 16:32;2000;-88,44;2;1,86
16.09.21 17:11;2008;-89,74;2;1,86
16.09.21 18:29;2002;-87,12;5;1,13
16.09.21 19:07;2015;-87,37;5;1,13
16.09.21 19:46;2021;-90,28;5;1,13
16.09.21 20:25;2010;-89,53;5;1,13
16.09.21 21:42;2002;-96,44;7;1,12
16.09.21 22:21;2010;-92,12;7;1,12
16.09.21 23:00;2015;-93,15;7;1,12
16.09.21 23:38;1994;-93,38;7;1,12
17.09.21 00:56;2006;-90,83;7;1,12
17.09.21 02:13;1998;-93,92;0;0,88
17.09.21 02:52;2016;-91,61;0;0,88
17.09.21 03:30;2021;-92,76;0;0,88
17.09.21 04:09;1998;-95,00;0;0,88