01-Aug-2021 00:00:00,287,2.75
01-Aug-2021 00:10:00,252.2,2.96
01-Aug-2021 00:20:00,249.9,2.97
01-Aug-2021 00:30:00,264.5,2.96
01-Aug-2021 00:40:00,277,2.24
01-Aug-2021 00:50:00,267.1,2.15
01-Aug-2021 01:00:00,242.1,2.29
01-Aug-2021 01:10:00,257.2,2.54
01-Aug-2021 01:20:00,256.5,1.93
01-Aug-2021 01:30:00,251.4,2.79
01-Aug-2021 01:40:00,231.6,2.53
01-Aug-2021 01:50:00,281,2.74
01-Aug-2021 02:00:00,239.3,3.13
01-Aug-2021 02:10:00,252.2,2.57
01-Aug-2021 02:20:00,156.7,2.22
01-Aug-2021 02:30:00,251.9,2.18
01-Aug-2021 02:40:00,235.1,2.95
01-Aug-2021 02:50:00,200.6,2.51
01-Aug-2021 03:00:00,256.1,2.19
01-Aug-2021 03:10:00,284.7,2.52
01-Aug-2021 03:20:00,250.6,2.41
01-Aug-2021 03:30:00,218.2,2.32
01-Aug-2021 03:40:00,254.7,3.16
01-Aug-2021 03:50:00,224.6,2.99
01-Aug-2021 04:00:00,248.6,3.03
01-Aug-2021 04:10:00,217.4,2.68
01-Aug-2021 04:20:00,249.7,2.06
01-Aug-2021 04:30:00,210.6,2.52
01-Aug-2021 04:40:00,171.6,3.99
01-Aug-2021 04:50:00,244.9,4.06
01-Aug-2021 05:00:00,220.2,14.16
01-Aug-2021 05:10:00,219.6,16.85
01-Aug-2021 05:20:00,193.9,17.96
01-Aug-2021 05:30:00,342.5,13.41
01-Aug-2021 05:40:00,327.4,10.04
01-Aug-2021 05:50:00,290.1,7.23
01-Aug-2021 06:00:00,222.3,3.7
01-Aug-2021 06:10:00,21.4,2.58
01-Aug-2021 06:20:00,48,2.27
01-Aug-2021 06:30:00,271.2,1.43
01-Aug-2021 06:40:00,249.3,2.11
01-Aug-2021 06:50:00,256.7,2.93
01-Aug-2021 07:00:00,336.1,1.76
01-Aug-2021 07:10:00,287.8,2.16
01-Aug-2021 07:20:00,245.4,2.07
01-Aug-2021 07:30:00,236.6,1.83
01-Aug-2021 07:40:00,236.6,2.54
01-Aug-2021 07:50:00,243.9,2.78
01-Aug-2021 08:00:00,281.5,2.02
01-Aug-2021 08:10:00,283.5,1.85
01-Aug-2021 08:20:00,274.9,2.69
01-Aug-2021 08:30:00,284.3,2.28
01-Aug-2021 08:40:00,209.9,2.45
01-Aug-2021 08:50:00,248.1,2.46
01-Aug-2021 09:00:00,221.2,1.94
01-Aug-2021 09:10:00,230,1.74
01-Aug-2021 09:20:00,255.8,2.42
01-Aug-2021 09:30:00,229.5,2.22
01-Aug-2021 09:40:00,33.3,1.98
01-Aug-2021 09:50:00,211.8,2.41
01-Aug-2021 10:00:00,290.1,2.25
01-Aug-2021 10:10:00,204.3,1.45
01-Aug-2021 10:20:00,242.2,1.57
01-Aug-2021 10:30:00,281.3,2.56
01-Aug-2021 10:40:00,287.1,1.84
01-Aug-2021 10:50:00,239,3.15
01-Aug-2021 11:00:00,292.8,3.02
01-Aug-2021 11:10:00,188,1.93
01-Aug-2021 11:20:00,201.8,2.03
01-Aug-2021 11:30:00,257.1,1.98
01-Aug-2021 11:40:00,253.7,2.26
01-Aug-2021 11:50:00,259.6,2.93
01-Aug-2021 12:00:00,267.5,1.94
01-Aug-2021 12:10:00,204.6,2.53
01-Aug-2021 12:20:00,320.3,3.81
01-Aug-2021 12:30:00,337.7,2.21
01-Aug-2021 12:40:00,305.3,2.77
01-Aug-2021 12:50:00,350.6,2.33
01-Aug-2021 13:00:00,40.7,1.6
01-Aug-2021 13:10:00,31.5,1.53
01-Aug-2021 13:20:00,29.8,1.25
01-Aug-2021 13:30:00,267.2,1.95
01-Aug-2021 13:40:00,234.1,1.31
01-Aug-2021 13:50:00,169.8,1.41
01-Aug-2021 14:00:00,200.2,1.39
01-Aug-2021 14:10:00,211.5,1.59
01-Aug-2021 14:20:00,198.3,1.21
01-Aug-2021 14:30:00,202.6,1.48
01-Aug-2021 14:40:00,212.5,1.34
01-Aug-2021 14:50:00,187.2,1.51
01-Aug-2021 15:00:00,209.3,1.68
01-Aug-2021 15:10:00,203.8,1.83
01-Aug-2021 15:20:00,208.6,1.85
01-Aug-2021 15:30:00,210,1.99
01-Aug-2021 15:40:00,194.6,1.88
01-Aug-2021 15:50:00,199.6,1.74
01-Aug-2021 16:00:00,202.5,2.22
01-Aug-2021 16:10:00,180.4,1.54
01-Aug-2021 16:20:00,220.9,1.82
01-Aug-2021 16:30:00,219.6,2.01
01-Aug-2021 16:40:00,234.7,2.17
01-Aug-2021 16:50:00,188.4,2.18
01-Aug-2021 17:00:00,291.4,2.77
01-Aug-2021 17:10:00,267.4,2.98
01-Aug-2021 17:20:00,198,2.56
01-Aug-2021 17:30:00,259.7,4.22
01-Aug-2021 17:40:00,194.6,2.65
01-Aug-2021 17:50:00,223.6,3.17
01-Aug-2021 18:00:00,224.6,3.61
01-Aug-2021 18:10:00,251.9,3.73
01-Aug-2021 18:20:00,277.7,3.05
01-Aug-2021 18:30:00,246.5,3.34
01-Aug-2021 18:40:00,277.1,4.19
01-Aug-2021 18:50:00,290.4,4.25
01-Aug-2021 19:00:00,281.7,3.23
01-Aug-2021 19:10:00,282.8,3.41
01-Aug-2021 19:20:00,218.8,2.56
01-Aug-2021 19:30:00,246.8,2.48
01-Aug-2021 19:40:00,214.2,1.52
01-Aug-2021 19:50:00,184.8,1.23
01-Aug-2021 20:00:00,210.5,1.98
01-Aug-2021 20:10:00,189.7,1.93
01-Aug-2021 20:20:00,216.3,2.13
01-Aug-2021 20:30:00,206.1,1.99
01-Aug-2021 20:40:00,192.5,1.83
01-Aug-2021 20:50:00,190.6,1.96
01-Aug-2021 21:00:00,197,1.86
01-Aug-2021 21:10:00,199.1,1.84
01-Aug-2021 21:20:00,177.3,1.94
01-Aug-2021 21:30:00,216.3,1.9
01-Aug-2021 21:40:00,212.1,1.64
01-Aug-2021 21:50:00,193.8,1.46
01-Aug-2021 22:00:00,191.9,1.78
01-Aug-2021 22:10:00,185.5,1.7
01-Aug-2021 22:20:00,200.2,1.72
01-Aug-2021 22:30:00,192.3,1.82
01-Aug-2021 22:40:00,172.7,1.81
01-Aug-2021 22:50:00,211.9,2.02
01-Aug-2021 23:00:00,188.3,1.63
01-Aug-2021 23:10:00,201,1.8
01-Aug-2021 23:20:00,163.9,1.83
01-Aug-2021 23:30:00,202.9,1.79
01-Aug-2021 23:40:00,206.6,1.57
01-Aug-2021 23:50:00,224.3,1.55
02-Aug-2021 00:00:00,151.4,1.24
02-Aug-2021 00:10:00,256,1.33
02-Aug-2021 00:20:00,301.3,1.69
02-Aug-2021 00:30:00,233.6,1.79
02-Aug-2021 00:40:00,221.8,1.42
02-Aug-2021 00:50:00,175.7,1.4
02-Aug-2021 01:00:00,231.2,1.41
02-Aug-2021 01:10:00,263.8,1.74
02-Aug-2021 01:20:00,238.4,1.46
02-Aug-2021 01:30:00,213.6,1.64
02-Aug-2021 01:40:00,216.9,2.05
02-Aug-2021 01:50:00,229.8,1.94
02-Aug-2021 02:00:00,239.2,2.13
02-Aug-2021 02:10:00,204.9,1.71
02-Aug-2021 02:20:00,229.6,2.4
02-Aug-2021 02:30:00,243.3,1.86
02-Aug-2021 02:40:00,216.6,2.67
02-Aug-2021 02:50:00,240.3,2.23
02-Aug-2021 03:00:00,233.7,1.97
02-Aug-2021 03:10:00,235.3,2.09
02-Aug-2021 03:20:00,235.3,2.43
02-Aug-2021 03:30:00,239,2.65
02-Aug-2021 03:40:00,242,2.42
02-Aug-2021 03:50:00,223.6,1.76
02-Aug-2021 04:00:00,180.9,2.13
02-Aug-2021 04:10:00,204.2,2.09
02-Aug-2021 04:20:00,257.1,2.03
02-Aug-2021 04:30:00,239.7,2.16
02-Aug-2021 04:40:00,220.8,2.09
02-Aug-2021 04:50:00,226.4,1.85
02-Aug-2021 05:00:00,244.2,2.25
02-Aug-2021 05:10:00,222.4,1.97
02-Aug-2021 05:20:00,237.8,2.53
02-Aug-2021 05:30:00,258.5,2.29
02-Aug-2021 05:40:00,291.8,2.18
02-Aug-2021 05:50:00,234.3,2.58
02-Aug-2021 06:00:00,222.2,3
02-Aug-2021 06:10:00,233.7,3.02
02-Aug-2021 06:20:00,264.5,2.52
02-Aug-2021 06:30:00,297.1,2.26
02-Aug-2021 06:40:00,214.3,2.35
02-Aug-2021 06:50:00,250.3,2.51
02-Aug-2021 07:00:00,254.4,2.8
02-Aug-2021 07:10:00,232,2.46
02-Aug-2021 07:20:00,217.5,2.5
02-Aug-2021 07:30:00,242.2,2.89
02-Aug-2021 07:40:00,235.3,2.28
02-Aug-2021 07:50:00,237.7,2.37
02-Aug-2021 08:00:00,127.3,2.16
02-Aug-2021 08:10:00,225.3,2.74
02-Aug-2021 08:20:00,243.6,2.9
02-Aug-2021 08:30:00,217.4,3.3
02-Aug-2021 08:40:00,184.6,2.44
02-Aug-2021 08:50:00,216,1.85
02-Aug-2021 09:00:00,201.8,2.02
02-Aug-2021 09:10:00,226.4,2.01
02-Aug-2021 09:20:00,196.3,2.88
02-Aug-2021 09:30:00,231.4,2.17
02-Aug-2021 09:40:00,213.3,2.59
02-Aug-2021 09:50:00,223.9,2.71
02-Aug-2021 10:00:00,199.6,2.59
02-Aug-2021 10:10:00,188.9,1.62
02-Aug-2021 10:20:00,232.6,2.81
02-Aug-2021 10:30:00,241.6,2.74
02-Aug-2021 10:40:00,236.1,3.03
02-Aug-2021 10:50:00,224.3,2.72
02-Aug-2021 11:00:00,202.3,2.68
02-Aug-2021 11:10:00,204.1,2.4
02-Aug-2021 11:20:00,221.9,2.36
02-Aug-2021 11:30:00,192.5,3.22
02-Aug-2021 11:40:00,224.1,4.07
02-Aug-2021 11:50:00,216,3.77
02-Aug-2021 12:00:00,201.5,3.24
02-Aug-2021 12:10:00,206.7,2.37
02-Aug-2021 12:20:00,186.7,1.85
02-Aug-2021 12:30:00,181.6,1.63
02-Aug-2021 12:40:00,186.2,1.97
02-Aug-2021 12:50:00,204.1,2.36
02-Aug-2021 13:00:00,206.6,2.55
02-Aug-2021 13:10:00,256.2,2.4
02-Aug-2021 13:20:00,243.2,3.11
02-Aug-2021 13:30:00,321.8,2.2
02-Aug-2021 13:40:00,207.5,2.21
02-Aug-2021 13:50:00,237,1.63
02-Aug-2021 14:00:00,232.4,1.55
02-Aug-2021 14:10:00,226,2
02-Aug-2021 14:20:00,179.3,1.85
02-Aug-2021 14:30:00,197.6,1.27
02-Aug-2021 14:40:00,221.5,1.94
02-Aug-2021 14:50:00,242.3,1.67
02-Aug-2021 15:00:00,228,1.88
02-Aug-2021 15:10:00,248.7,2.21
02-Aug-2021 15:20:00,202.7,2.04
02-Aug-2021 15:30:00,174.3,1.32
02-Aug-2021 15:40:00,218.2,2.43
02-Aug-2021 15:50:00,237,2.72
02-Aug-2021 16:00:00,222,2.56
02-Aug-2021 16:10:00,200.1,3.85
02-Aug-2021 16:20:00,203.4,3.19
02-Aug-2021 16:30:00,245.1,3.2
02-Aug-2021 16:40:00,278.1,3.17
02-Aug-2021 16:50:00,240.9,3.09
02-Aug-2021 17:00:00,234.1,2.26
02-Aug-2021 17:10:00,177.1,1.63
02-Aug-2021 17:20:00,193.9,1.82
02-Aug-2021 17:30:00,205,1.96
02-Aug-2021 17:40:00,224.5,3.04
02-Aug-2021 17:50:00,232,2.64
02-Aug-2021 18:00:00,220.2,2.58
02-Aug-2021 18:10:00,216,2.18
02-Aug-2021 18:20:00,202.1,2.46
02-Aug-2021 18:30:00,205,1.94
02-Aug-2021 18:40:00,209.7,2.1
02-Aug-2021 18:50:00,199.2,2.23
02-Aug-2021 19:00:00,203.3,1.98
02-Aug-2021 19:10:00,207.6,2.39
02-Aug-2021 19:20:00,217.3,2.13
02-Aug-2021 19:30:00,209,2.32
02-Aug-2021 19:40:00,171.4,1.75
02-Aug-2021 19:50:00,189.1,1.72
02-Aug-2021 20:00:00,184.7,1.54
02-Aug-2021 20:10:00,215.7,2.33
02-Aug-2021 20:20:00,187.6,1.59
02-Aug-2021 20:30:00,202.6,1.6
02-Aug-2021 20:40:00,213.3,1.64
02-Aug-2021 20:50:00,197,1.99
02-Aug-2021 21:00:00,223.5,2.24
02-Aug-2021 21:10:00,210.4,2.17
02-Aug-2021 21:20:00,209.1,2.02
02-Aug-2021 21:30:00,198.9,1.53
02-Aug-2021 21:40:00,183.7,1.56
02-Aug-2021 21:50:00,185.2,1.56
02-Aug-2021 22:00:00,209.8,1.67
02-Aug-2021 22:10:00,201.1,1.64
02-Aug-2021 22:20:00,210.2,2.12
02-Aug-2021 22:30:00,176,1.59
02-Aug-2021 22:40:00,179.9,1.45
02-Aug-2021 22:50:00,176.4,1.2
02-Aug-2021 23:00:00,194.9,1.51
02-Aug-2021 23:10:00,200.9,1.66
02-Aug-2021 23:20:00,211.1,1.42
02-Aug-2021 23:30:00,195.6,1.04
02-Aug-2021 23:40:00,208.8,1.16
02-Aug-2021 23:50:00,195.3,1.15
03-Aug-2021 00:00:00,188.7,1.18
03-Aug-2021 00:10:00,208.4,1.26
03-Aug-2021 00:20:00,201.5,1.21
03-Aug-2021 00:30:00,201,0.99
03-Aug-2021 00:40:00,191.6,1.03
03-Aug-2021 00:50:00,205.6,1.16
03-Aug-2021 01:00:00,239.8,1.24
03-Aug-2021 01:10:00,205.4,0.92
03-Aug-2021 01:20:00,199,1.23
03-Aug-2021 01:30:00,231.5,0.73
03-Aug-2021 01:40:00,236.8,0.86
03-Aug-2021 01:50:00,238.7,1.04
03-Aug-2021 02:00:00,220.2,1.08
03-Aug-2021 02:10:00,158.9,1.24
03-Aug-2021 02:20:00,342.6,0.88
03-Aug-2021 02:30:00,267,1.39
03-Aug-2021 02:40:00,250.9,1.02
03-Aug-2021 02:50:00,220.7,1.5
03-Aug-2021 03:00:00,266.3,0.96
03-Aug-2021 03:10:00,253.7,1.49
03-Aug-2021 03:20:00,221.6,1.43
03-Aug-2021 03:30:00,242.8,1.42
03-Aug-2021 03:40:00,275.8,1.2
03-Aug-2021 03:50:00,226.8,1.67
03-Aug-2021 04:00:00,207.2,1.4
03-Aug-2021 04:10:00,246.3,1.37
03-Aug-2021 04:20:00,221.3,1.32
03-Aug-2021 04:30:00,213.7,1.19
03-Aug-2021 04:40:00,203.6,1.14
03-Aug-2021 04:50:00,230.9,1.05
03-Aug-2021 05:00:00,208.3,1.03
03-Aug-2021 05:10:00,191.6,1.39
03-Aug-2021 05:20:00,173.1,1.24
03-Aug-2021 05:30:00,184.9,1.19
03-Aug-2021 05:40:00,245.5,1.24
03-Aug-2021 05:50:00,6.6,1.1
03-Aug-2021 06:00:00,226.6,3.03
03-Aug-2021 06:10:00,191.4,2.41
03-Aug-2021 06:20:00,176.5,0.76
03-Aug-2021 06:30:00,232.6,0.86
03-Aug-2021 06:40:00,176.9,1.26
03-Aug-2021 06:50:00,171.9,1.34
03-Aug-2021 07:00:00,205.6,2.6
03-Aug-2021 07:10:00,198.1,2.91
03-Aug-2021 07:20:00,202.2,2.84
03-Aug-2021 07:30:00,186.2,1.1
03-Aug-2021 07:40:00,203.6,0.92
03-Aug-2021 07:50:00,261.3,0.83
03-Aug-2021 08:00:00,294.2,0.94
03-Aug-2021 08:10:00,235.2,1.65
03-Aug-2021 08:20:00,233.9,1.18
03-Aug-2021 08:30:00,303.6,1.29
03-Aug-2021 08:40:00,209.7,0.93
03-Aug-2021 08:50:00,226.4,0.88
03-Aug-2021 09:00:00,251.2,2.43
03-Aug-2021 09:10:00,268,1.62
03-Aug-2021 09:20:00,242.7,1.64
03-Aug-2021 09:30:00,237.9,1.55
03-Aug-2021 09:40:00,267.8,1.75
03-Aug-2021 09:50:00,267.5,2.14
03-Aug-2021 10:00:00,251.5,2.47
03-Aug-2021 10:10:00,244.4,1.6
03-Aug-2021 10:20:00,240.8,1.47
03-Aug-2021 10:30:00,287.6,1.33
03-Aug-2021 10:40:00,315.7,0.81
03-Aug-2021 10:50:00,232.7,1.15
03-Aug-2021 11:00:00,316.7,0.72
03-Aug-2021 11:10:00,167,0.76
03-Aug-2021 11:20:00,17.9,0.9
03-Aug-2021 11:30:00,51,0.7
03-Aug-2021 11:40:00,232.8,0.94
03-Aug-2021 11:50:00,209.8,1.13
03-Aug-2021 12:00:00,254.4,0.88
03-Aug-2021 12:10:00,56.9,1.02
03-Aug-2021 12:20:00,76.3,1.05
03-Aug-2021 12:30:00,37.3,1.48
03-Aug-2021 12:40:00,36.6,2.53
03-Aug-2021 12:50:00,42.6,1.44
03-Aug-2021 13:00:00,44.8,1.62
03-Aug-2021 13:10:00,30.3,0.55
03-Aug-2021 13:20:00,88.8,0.83
03-Aug-2021 13:30:00,40.5,1.23
03-Aug-2021 13:40:00,1.9,0.41
03-Aug-2021 13:50:00,52.4,1.28
03-Aug-2021 14:00:00,40.5,2.19
03-Aug-2021 14:10:00,63.9,1.65
03-Aug-2021 14:20:00,51.4,1.91
03-Aug-2021 14:30:00,58,1.61
03-Aug-2021 14:40:00,46.1,3.17
03-Aug-2021 14:50:00,70.2,1.86
03-Aug-2021 15:00:00,92.5,1.14
03-Aug-2021 15:10:00,46,1
03-Aug-2021 15:20:00,29.9,1.84
03-Aug-2021 15:30:00,96.5,1.23
03-Aug-2021 15:40:00,101.3,0.98
03-Aug-2021 15:50:00,37.7,0.58
03-Aug-2021 16:00:00,135.5,0.8
03-Aug-2021 16:10:00,143.9,0.72
03-Aug-2021 16:20:00,23.6,1.13
03-Aug-2021 16:30:00,50.7,0.67
03-Aug-2021 16:40:00,39.2,0.97
03-Aug-2021 16:50:00,25.6,2.29
03-Aug-2021 17:00:00,65.1,1.73
03-Aug-2021 17:10:00,37.9,1.22
03-Aug-2021 17:20:00,38.5,2.1
03-Aug-2021 17:30:00,7.8,1.68
03-Aug-2021 17:40:00,3.9,1.42
03-Aug-2021 17:50:00,50.8,1.45
03-Aug-2021 18:00:00,46.4,1.4
03-Aug-2021 18:10:00,351.7,1.73
03-Aug-2021 18:20:00,52,1.41
03-Aug-2021 18:30:00,332.2,2.03
03-Aug-2021 18:40:00,33.8,2.17
03-Aug-2021 18:50:00,25.3,2.97
03-Aug-2021 19:00:00,24.7,2.05
03-Aug-2021 19:10:00,77.5,1.59
03-Aug-2021 19:20:00,23.5,1.91
03-Aug-2021 19:30:00,23.3,2.01
03-Aug-2021 19:40:00,26.9,1.63
03-Aug-2021 19:50:00,28.6,2.2
03-Aug-2021 20:00:00,30.1,2.49
03-Aug-2021 20:10:00,24.8,2.17
03-Aug-2021 20:20:00,25.8,1.65
03-Aug-2021 20:30:00,35.3,2.65
03-Aug-2021 20:40:00,33.8,2.7
03-Aug-2021 20:50:00,37.7,2.53
03-Aug-2021 21:00:00,31.6,1.96
03-Aug-2021 21:10:00,39.1,1.99
03-Aug-2021 21:20:00,38.5,3.09
03-Aug-2021 21:30:00,38.1,3.38
03-Aug-2021 21:40:00,33.9,3.21
03-Aug-2021 21:50:00,31.7,2.96
03-Aug-2021 22:00:00,36,3.26
03-Aug-2021 22:10:00,32.8,3.64
03-Aug-2021 22:20:00,38.3,3.32
03-Aug-2021 22:30:00,46.1,3.52
03-Aug-2021 22:40:00,59.4,2.31
03-Aug-2021 22:50:00,65.4,2.09
03-Aug-2021 23:00:00,48.2,3.97
03-Aug-2021 23:10:00,42.4,3.99
03-Aug-2021 23:20:00,43.6,4.02
03-Aug-2021 23:30:00,41.4,4.41
03-Aug-2021 23:40:00,40.8,4.14
03-Aug-2021 23:50:00,41.1,3.89
04-Aug-2021 00:00:00,44.1,3.65
04-Aug-2021 00:10:00,44.4,3.68
04-Aug-2021 00:20:00,41.4,2.77
04-Aug-2021 00:30:00,39.2,2.41
04-Aug-2021 00:40:00,38.1,2.6
04-Aug-2021 00:50:00,50.7,1.91
04-Aug-2021 01:00:00,48.2,2.15
04-Aug-2021 01:10:00,69.7,0.99
04-Aug-2021 01:20:00,47.9,1.94
04-Aug-2021 01:30:00,68,1.8
04-Aug-2021 01:40:00,52.3,2.03
04-Aug-2021 01:50:00,39,1.23
04-Aug-2021 02:00:00,67.9,1.17
04-Aug-2021 02:10:00,129.9,1
04-Aug-2021 02:20:00,77.2,1.29
04-Aug-2021 02:30:00,41.3,1.85
04-Aug-2021 02:40:00,15.4,1.2
04-Aug-2021 02:50:00,253.1,0.77
04-Aug-2021 03:00:00,33.6,2.07
04-Aug-2021 03:10:00,39,2.36
04-Aug-2021 03:20:00,50.7,1.3
04-Aug-2021 03:30:00,57.4,2.01
04-Aug-2021 03:40:00,46.2,2.62
04-Aug-2021 03:50:00,51.5,2.91
04-Aug-2021 04:00:00,56.5,2.46
04-Aug-2021 04:10:00,51.6,2.79
04-Aug-2021 04:20:00,54.7,2.54
04-Aug-2021 04:30:00,45.6,2.69
04-Aug-2021 04:40:00,34.6,2.3
04-Aug-2021 04:50:00,41.8,2.99
04-Aug-2021 05:00:00,46.4,2.99
04-Aug-2021 05:10:00,45.1,3.34
04-Aug-2021 05:20:00,51.2,2.99
04-Aug-2021 05:30:00,40.6,2.68
04-Aug-2021 05:40:00,35.8,3.43
04-Aug-2021 05:50:00,42.2,3.58
04-Aug-2021 06:00:00,49.5,2.84
04-Aug-2021 06:10:00,77.1,2.18
04-Aug-2021 06:20:00,88.9,1.63
04-Aug-2021 06:30:00,62.2,2.08
04-Aug-2021 06:40:00,38.6,3.01
04-Aug-2021 06:50:00,38.9,3.91
04-Aug-2021 07:00:00,47,3.13
04-Aug-2021 07:10:00,44.2,3.39
04-Aug-2021 07:20:00,40.2,3.26
04-Aug-2021 07:30:00,44.3,3.35
04-Aug-2021 07:40:00,37.6,3.95
04-Aug-2021 07:50:00,42.2,3.25
04-Aug-2021 08:00:00,38.7,3.49
04-Aug-2021 08:10:00,42.3,3.32
04-Aug-2021 08:20:00,51.3,3.39
04-Aug-2021 08:30:00,56.4,2.35
04-Aug-2021 08:40:00,53.7,3.07
04-Aug-2021 08:50:00,60.2,2.12
04-Aug-2021 09:00:00,71.3,1.94
04-Aug-2021 09:10:00,57.5,1.27
04-Aug-2021 09:20:00,66.5,2.06
04-Aug-2021 09:30:00,54.9,1.82
04-Aug-2021 09:40:00,98.8,1.44
04-Aug-2021 09:50:00,134.7,1.28
04-Aug-2021 10:00:00,123.1,1.54
04-Aug-2021 10:10:00,85.6,1.85
04-Aug-2021 10:20:00,72.2,2.15
04-Aug-2021 10:30:00,56.8,2.61
04-Aug-2021 10:40:00,63.1,0.91
04-Aug-2021 10:50:00,42.6,2.25
04-Aug-2021 11:00:00,357.2,1.21
04-Aug-2021 11:10:00,74.1,2.25
04-Aug-2021 11:20:00,52.5,3.02
04-Aug-2021 11:30:00,51.4,1.43
04-Aug-2021 11:40:00,54.7,1.7
04-Aug-2021 11:50:00,49.8,3.14
04-Aug-2021 12:00:00,34.1,1.41
04-Aug-2021 12:10:00,73.8,2.09
04-Aug-2021 12:20:00,47.6,2.85
04-Aug-2021 12:30:00,49.7,2.67
04-Aug-2021 12:40:00,47.2,2.54
04-Aug-2021 12:50:00,57.1,2.08
04-Aug-2021 13:00:00,56.8,2.88
04-Aug-2021 13:10:00,51,2.79
04-Aug-2021 13:20:00,35.2,2.58
04-Aug-2021 13:30:00,38.1,3.49
04-Aug-2021 13:40:00,57.4,2.14
04-Aug-2021 13:50:00,40,3.24
04-Aug-2021 14:00:00,28.7,2.3
04-Aug-2021 14:10:00,52.1,2.73
04-Aug-2021 14:20:00,35.6,3.21
04-Aug-2021 14:30:00,67.8,1.98
04-Aug-2021 14:40:00,109.3,1.47
04-Aug-2021 14:50:00,185.7,2.25
04-Aug-2021 15:00:00,196.9,2.93
04-Aug-2021 15:10:00,193.9,2.93
04-Aug-2021 15:20:00,176.6,2.9
04-Aug-2021 15:30:00,172.3,2.4
04-Aug-2021 15:40:00,189.5,1.77
04-Aug-2021 15:50:00,177.1,1.39
04-Aug-2021 16:00:00,182.4,1.31
04-Aug-2021 16:10:00,153.9,1.89
04-Aug-2021 16:20:00,129.2,1
04-Aug-2021 16:30:00,117.1,1.78
04-Aug-2021 16:40:00,108.8,1.33
04-Aug-2021 16:50:00,139.9,1.1
04-Aug-2021 17:00:00,54.8,0.86
04-Aug-2021 17:10:00,88.9,1.28
04-Aug-2021 17:20:00,94.2,1.61
04-Aug-2021 17:30:00,80.5,1.71
04-Aug-2021 17:40:00,107,1.44
04-Aug-2021 17:50:00,60.6,1.86
04-Aug-2021 18:00:00,56.7,2.56
04-Aug-2021 18:10:00,64.9,2.6
04-Aug-2021 18:20:00,63.4,2.46
04-Aug-2021 18:30:00,68.8,2.43
04-Aug-2021 18:40:00,69.8,2.12
04-Aug-2021 18:50:00,71.2,2.91
04-Aug-2021 19:00:00,68.1,2.53
04-Aug-2021 19:10:00,65.6,2.78
04-Aug-2021 19:20:00,52.3,3.99
04-Aug-2021 19:30:00,53.9,3.25
04-Aug-2021 19:40:00,50.5,3.46
04-Aug-2021 19:50:00,55.5,2.91
04-Aug-2021 20:00:00,53,2.37
04-Aug-2021 20:10:00,55.4,1.97
04-Aug-2021 20:20:00,99.4,1.13
04-Aug-2021 20:30:00,110.4,1.25
04-Aug-2021 20:40:00,107.2,1.65
04-Aug-2021 20:50:00,138,1.29
04-Aug-2021 21:00:00,134.1,1.12
04-Aug-2021 21:10:00,166.3,0.82
04-Aug-2021 21:20:00,164,0.89
04-Aug-2021 21:30:00,136.5,1.38
04-Aug-2021 21:40:00,150.5,1.18
04-Aug-2021 21:50:00,139.9,0.94
04-Aug-2021 22:00:00,93.5,1.29
04-Aug-2021 22:10:00,114.1,1.49
04-Aug-2021 22:20:00,91.6,2.11
04-Aug-2021 22:30:00,104,2.28
04-Aug-2021 22:40:00,125.4,1.94
04-Aug-2021 22:50:00,128.4,2.26
04-Aug-2021 23:00:00,130.5,2.14
04-Aug-2021 23:10:00,122.6,1.66
04-Aug-2021 23:20:00,103.2,1.71
04-Aug-2021 23:30:00,127.7,1.52
04-Aug-2021 23:40:00,128,1.69
04-Aug-2021 23:50:00,128.2,1.79
05-Aug-2021 00:00:00,140.7,1.38
05-Aug-2021 00:10:00,133.1,1.66
05-Aug-2021 00:20:00,140.6,1.48
05-Aug-2021 00:30:00,127.1,2.17
05-Aug-2021 00:40:00,137.4,1.68
05-Aug-2021 00:50:00,139,1.77
05-Aug-2021 01:00:00,147,1.7
05-Aug-2021 01:10:00,139.6,1.62
05-Aug-2021 01:20:00,157.3,1.53
05-Aug-2021 01:30:00,151.1,2.2
05-Aug-2021 01:40:00,149.2,2.56
05-Aug-2021 01:50:00,146,3.15
05-Aug-2021 02:00:00,151.1,2.86
05-Aug-2021 02:10:00,145.6,3.47
05-Aug-2021 02:20:00,141.9,3.76
05-Aug-2021 02:30:00,138.2,4.55
05-Aug-2021 02:40:00,140.2,3.99
05-Aug-2021 02:50:00,145.4,3.31
05-Aug-2021 03:00:00,154.1,3.14
05-Aug-2021 03:10:00,143.9,3.22
05-Aug-2021 03:20:00,152.1,3.1
05-Aug-2021 03:30:00,159.6,3.42
05-Aug-2021 03:40:00,149.2,3.14
05-Aug-2021 03:50:00,158.1,3.25
05-Aug-2021 04:00:00,155.9,3.04
05-Aug-2021 04:10:00,155.8,3.02
05-Aug-2021 04:20:00,165.2,2.63
05-Aug-2021 04:30:00,151.4,3.24
05-Aug-2021 04:40:00,152.4,3.16
05-Aug-2021 04:50:00,152.7,2.95
05-Aug-2021 05:00:00,154.5,3.03
05-Aug-2021 05:10:00,151.8,2.68
05-Aug-2021 05:20:00,160.4,2.48
05-Aug-2021 05:30:00,143.3,2.89
05-Aug-2021 05:40:00,160.5,2.61
05-Aug-2021 05:50:00,148.8,2.8
05-Aug-2021 06:00:00,157.1,2.71
05-Aug-2021 06:10:00,156,2.5
05-Aug-2021 06:20:00,152.4,2.53
05-Aug-2021 06:30:00,182.6,1.94
05-Aug-2021 06:40:00,187.6,1.78
05-Aug-2021 06:50:00,160.6,1.93
05-Aug-2021 07:00:00,184.5,1.45
05-Aug-2021 07:10:00,166.6,1.47
05-Aug-2021 07:20:00,171.6,1.64
05-Aug-2021 07:30:00,180.2,1.5
05-Aug-2021 07:40:00,154.9,1.68
05-Aug-2021 07:50:00,183.1,1.54
05-Aug-2021 08:00:00,172.4,1.34
05-Aug-2021 08:10:00,165,1.42
05-Aug-2021 08:20:00,177.6,1.51
05-Aug-2021 08:30:00,175.3,1.39
05-Aug-2021 08:40:00,173.2,1.43
05-Aug-2021 08:50:00,162.5,1.66
05-Aug-2021 09:00:00,150.5,1.93
05-Aug-2021 09:10:00,198.2,1.39
05-Aug-2021 09:20:00,176.9,1.23
05-Aug-2021 09:30:00,166.2,1.2
05-Aug-2021 09:40:00,157.4,1.06
05-Aug-2021 09:50:00,181.2,1.07
05-Aug-2021 10:00:00,161.6,1.55
05-Aug-2021 10:10:00,147.6,1.75
05-Aug-2021 10:20:00,149.1,2.46
05-Aug-2021 10:30:00,189.5,1.66
05-Aug-2021 10:40:00,194.4,2.24
05-Aug-2021 10:50:00,218.2,1.51
05-Aug-2021 11:00:00,185.1,2.36
05-Aug-2021 11:10:00,190.8,2.21
05-Aug-2021 11:20:00,184.3,3.71
05-Aug-2021 11:30:00,185.3,2.37
05-Aug-2021 11:40:00,176.8,2.71
05-Aug-2021 11:50:00,194.8,2.17
05-Aug-2021 12:00:00,184.7,2.59
05-Aug-2021 12:10:00,186.6,2.42
05-Aug-2021 12:20:00,197,2.26
05-Aug-2021 12:30:00,197.5,2.37
05-Aug-2021 12:40:00,206.6,2.34
05-Aug-2021 12:50:00,189,2.61
05-Aug-2021 13:00:00,196.1,2.17
05-Aug-2021 13:10:00,184.2,2.35
05-Aug-2021 13:20:00,200.2,2.16
05-Aug-2021 13:30:00,188.9,3.12
05-Aug-2021 13:40:00,201.8,1.57
05-Aug-2021 13:50:00,174.3,2.01
05-Aug-2021 14:00:00,171.8,3.16
05-Aug-2021 14:10:00,207.4,1.23
05-Aug-2021 14:20:00,269.8,0.44
05-Aug-2021 14:30:00,220,0.89
05-Aug-2021 14:40:00,203.3,0.91
05-Aug-2021 14:50:00,24.2,0.68
05-Aug-2021 15:00:00,40.9,1.78
05-Aug-2021 15:10:00,41.7,1.78
05-Aug-2021 15:20:00,47.5,1.58
05-Aug-2021 15:30:00,44,2.07
05-Aug-2021 15:40:00,51,1.64
05-Aug-2021 15:50:00,51.9,1.06
05-Aug-2021 16:00:00,112.8,1.18
05-Aug-2021 16:10:00,55,1.76
05-Aug-2021 16:20:00,86.3,1.5
05-Aug-2021 16:30:00,69.7,1.5
05-Aug-2021 16:40:00,107.2,1.56
05-Aug-2021 16:50:00,75.9,1.88
05-Aug-2021 17:00:00,120.9,1.67
05-Aug-2021 17:10:00,127.8,1.33
05-Aug-2021 17:20:00,171.1,1.18
05-Aug-2021 17:30:00,278.8,0.75
05-Aug-2021 17:40:00,203.2,0.85
05-Aug-2021 17:50:00,84.7,0.59
05-Aug-2021 18:00:00,59.9,1.63
05-Aug-2021 18:10:00,101.2,1.23
05-Aug-2021 18:20:00,88.3,1.61
05-Aug-2021 18:30:00,105.6,1.15
05-Aug-2021 18:40:00,140.1,1.78
05-Aug-2021 18:50:00,177.4,5.45
05-Aug-2021 19:00:00,187.3,5.47
05-Aug-2021 19:10:00,181.1,4.35
05-Aug-2021 19:20:00,182.2,4.69
05-Aug-2021 19:30:00,186.3,2.55
05-Aug-2021 19:40:00,184,1.98
05-Aug-2021 19:50:00,157.5,2.54
05-Aug-2021 20:00:00,170.8,2.22
05-Aug-2021 20:10:00,159.8,2.5
05-Aug-2021 20:20:00,186.5,2.38
05-Aug-2021 20:30:00,151.4,2.6
05-Aug-2021 20:40:00,150.5,2.18
05-Aug-2021 20:50:00,150.5,1.43
05-Aug-2021 21:00:00,134.7,2.27
05-Aug-2021 21:10:00,133.6,2.83
05-Aug-2021 21:20:00,133.2,1.45
05-Aug-2021 21:30:00,182.5,1.15
05-Aug-2021 21:40:00,164,0.97
05-Aug-2021 21:50:00,151.4,2.07
05-Aug-2021 22:00:00,140.3,3.74
05-Aug-2021 22:10:00,173.3,2.56
05-Aug-2021 22:20:00,155.3,2.88
05-Aug-2021 22:30:00,177.6,2.55
05-Aug-2021 22:40:00,145,3.13
05-Aug-2021 22:50:00,167.2,2.21
05-Aug-2021 23:00:00,161.4,2.42
05-Aug-2021 23:10:00,174.9,1.82
05-Aug-2021 23:20:00,178.2,1.96
05-Aug-2021 23:30:00,171.2,2.21
05-Aug-2021 23:40:00,180.1,1.97
05-Aug-2021 23:50:00,171.5,1.96
06-Aug-2021 00:00:00,157.5,2.08
06-Aug-2021 00:10:00,176.9,1.97
06-Aug-2021 00:20:00,188.2,1.47
06-Aug-2021 00:30:00,178.1,1.7
06-Aug-2021 00:40:00,194.2,1.67
06-Aug-2021 00:50:00,165.9,1.28
06-Aug-2021 01:00:00,165.6,1.32
06-Aug-2021 01:10:00,162.3,1.63
06-Aug-2021 01:20:00,159.5,1.72
06-Aug-2021 01:30:00,173.4,1.69
06-Aug-2021 01:40:00,160,2.4
06-Aug-2021 01:50:00,172.1,2.09
06-Aug-2021 02:00:00,177,2.52
06-Aug-2021 02:10:00,177,1.63
06-Aug-2021 02:20:00,177.5,2.07
06-Aug-2021 02:30:00,190.7,1.99
06-Aug-2021 02:40:00,172,1.65
06-Aug-2021 02:50:00,182.5,2.05
06-Aug-2021 03:00:00,166.6,2.47
06-Aug-2021 03:10:00,182.7,2.6
06-Aug-2021 03:20:00,188.4,1.92
06-Aug-2021 03:30:00,179,2.85
06-Aug-2021 03:40:00,197,2.33
06-Aug-2021 03:50:00,195.3,2.41
06-Aug-2021 04:00:00,174.9,2.29
06-Aug-2021 04:10:00,194.6,1.97
06-Aug-2021 04:20:00,179.6,2.03
06-Aug-2021 04:30:00,201.6,2.03
06-Aug-2021 04:40:00,179.5,1.94
06-Aug-2021 04:50:00,190.7,1.84
06-Aug-2021 05:00:00,204.1,2.03
06-Aug-2021 05:10:00,203.8,1.95
06-Aug-2021 05:20:00,176.6,2.12
06-Aug-2021 05:30:00,179.7,2.11
06-Aug-2021 05:40:00,193.7,2.23
06-Aug-2021 05:50:00,189.5,2.42
06-Aug-2021 06:00:00,190.8,2.23
06-Aug-2021 06:10:00,181.2,2.58
06-Aug-2021 06:20:00,187.7,2.43
06-Aug-2021 06:30:00,202.1,2.49
06-Aug-2021 06:40:00,176.1,2.19
06-Aug-2021 06:50:00,183.2,2.95
06-Aug-2021 07:00:00,203.6,2.53
06-Aug-2021 07:10:00,193,2.73
06-Aug-2021 07:20:00,184.3,2.56
06-Aug-2021 07:30:00,182.8,2.9
06-Aug-2021 07:40:00,187.9,2.63
06-Aug-2021 07:50:00,192.3,1.76
06-Aug-2021 08:00:00,196.6,2.39
06-Aug-2021 08:10:00,191,2.31
06-Aug-2021 08:20:00,200.4,2.25
06-Aug-2021 08:30:00,191.3,2.42
06-Aug-2021 08:40:00,188.3,2.16
06-Aug-2021 08:50:00,179.4,1.98
06-Aug-2021 09:00:00,173.9,2.84
06-Aug-2021 09:10:00,205.1,2.82
06-Aug-2021 09:20:00,197,2.81
06-Aug-2021 09:30:00,191.3,2.93
06-Aug-2021 09:40:00,195.6,2.98
06-Aug-2021 09:50:00,204.2,3.03
06-Aug-2021 10:00:00,196,2.64
06-Aug-2021 10:10:00,177.6,2.57
06-Aug-2021 10:20:00,190,2.84
06-Aug-2021 10:30:00,198.9,2.82
06-Aug-2021 10:40:00,193.4,2.65
06-Aug-2021 10:50:00,182.5,2.84
06-Aug-2021 11:00:00,194,2.77
06-Aug-2021 11:10:00,184.5,2.56
06-Aug-2021 11:20:00,188.6,3.24
06-Aug-2021 11:30:00,202.8,2.81
06-Aug-2021 11:40:00,192.5,2.88
06-Aug-2021 11:50:00,187.2,3.79
06-Aug-2021 12:00:00,186.2,4.94
06-Aug-2021 12:10:00,176.7,4.83
06-Aug-2021 12:20:00,200.3,5.09
06-Aug-2021 12:30:00,189.8,3.81
06-Aug-2021 12:40:00,192,4.63
06-Aug-2021 12:50:00,193.8,4.41
06-Aug-2021 13:00:00,199.7,4.88
06-Aug-2021 13:10:00,194.1,4
06-Aug-2021 13:20:00,169.4,2.9
06-Aug-2021 13:30:00,183.7,5.15
06-Aug-2021 13:40:00,193.4,5.22
06-Aug-2021 13:50:00,169.5,4.24
06-Aug-2021 14:00:00,177,3.09
06-Aug-2021 14:10:00,217.2,2.13
06-Aug-2021 14:20:00,201.1,2.45
06-Aug-2021 14:30:00,202.8,2.4
06-Aug-2021 14:40:00,193.2,2.7
06-Aug-2021 14:50:00,180.7,3.03
06-Aug-2021 15:00:00,172.5,3.04
06-Aug-2021 15:10:00,185.1,2.56
06-Aug-2021 15:20:00,202,6.13
06-Aug-2021 15:30:00,201.2,2.76
06-Aug-2021 15:40:00,215.8,2.89
06-Aug-2021 15:50:00,206.4,2.31
06-Aug-2021 16:00:00,221.5,2.11
06-Aug-2021 16:10:00,269.2,1.34
06-Aug-2021 16:20:00,250,0.75
06-Aug-2021 16:30:00,170.2,1.02
06-Aug-2021 16:40:00,237.5,1.88
06-Aug-2021 16:50:00,233.5,1.72
06-Aug-2021 17:00:00,185,0.91
06-Aug-2021 17:10:00,154.5,1.52
06-Aug-2021 17:20:00,188.6,0.79
06-Aug-2021 17:30:00,230.6,0.75
06-Aug-2021 17:40:00,173.7,1.07
06-Aug-2021 17:50:00,214.2,0.84
06-Aug-2021 18:00:00,185.1,1.23
06-Aug-2021 18:10:00,176.5,1.56
06-Aug-2021 18:20:00,183.6,2.67
06-Aug-2021 18:30:00,182,2.83
06-Aug-2021 18:40:00,174.4,2.98
06-Aug-2021 18:50:00,183.8,2.88
06-Aug-2021 19:00:00,196.3,5.12
06-Aug-2021 19:10:00,191.8,3.91
06-Aug-2021 19:20:00,193.3,4.23
06-Aug-2021 19:30:00,198.3,4.11
06-Aug-2021 19:40:00,190.7,3.63
06-Aug-2021 19:50:00,187.6,3.32
06-Aug-2021 20:00:00,181.2,2.76
06-Aug-2021 20:10:00,189.6,2.68
06-Aug-2021 20:20:00,195.6,1.56
06-Aug-2021 20:30:00,230.7,1.3
06-Aug-2021 20:40:00,338.4,2.71
06-Aug-2021 20:50:00,32.1,1.41
06-Aug-2021 21:00:00,48.4,1.17
06-Aug-2021 21:10:00,136.4,0.7
06-Aug-2021 21:20:00,162.4,0.57
06-Aug-2021 21:30:00,171.7,0.77
06-Aug-2021 21:40:00,164.2,0.83
06-Aug-2021 21:50:00,180.5,0.91
06-Aug-2021 22:00:00,179.1,0.89
06-Aug-2021 22:10:00,158.8,1.37
06-Aug-2021 22:20:00,170.5,1.02
06-Aug-2021 22:30:00,185.3,2.24
06-Aug-2021 22:40:00,205.7,3.87
06-Aug-2021 22:50:00,210.5,4.51
06-Aug-2021 23:00:00,216,4.37
06-Aug-2021 23:10:00,214.9,4.77
06-Aug-2021 23:20:00,220,4.37
06-Aug-2021 23:30:00,221.1,5.44
06-Aug-2021 23:40:00,213.2,4.78
06-Aug-2021 23:50:00,205.2,4.99
07-Aug-2021 00:00:00,232.1,4.62
07-Aug-2021 00:10:00,236.7,4.92
07-Aug-2021 00:20:00,237.3,3.96
07-Aug-2021 00:30:00,220.8,4.42
07-Aug-2021 00:40:00,232.6,4.64
07-Aug-2021 00:50:00,225.4,4.86
07-Aug-2021 01:00:00,234.7,4.75
07-Aug-2021 01:10:00,234.7,5.46
07-Aug-2021 01:20:00,232.7,4.76
07-Aug-2021 01:30:00,233.2,5.37
07-Aug-2021 01:40:00,243.2,5.19
07-Aug-2021 01:50:00,245.4,4.41
07-Aug-2021 02:00:00,254.1,3.65
07-Aug-2021 02:10:00,264,3
07-Aug-2021 02:20:00,250.2,4.26
07-Aug-2021 02:30:00,246,3.65
07-Aug-2021 02:40:00,250.9,3.73
07-Aug-2021 02:50:00,267.6,3.3
07-Aug-2021 03:00:00,265.1,4.18
07-Aug-2021 03:10:00,259.1,4.41
07-Aug-2021 03:20:00,256.9,4.02
07-Aug-2021 03:30:00,266.9,4.21
07-Aug-2021 03:40:00,276.8,2.5
07-Aug-2021 03:50:00,286.3,2.3
07-Aug-2021 04:00:00,265.9,3.2
07-Aug-2021 04:10:00,253.5,3.48
07-Aug-2021 04:20:00,252.1,3.15
07-Aug-2021 04:30:00,247.1,3.59
07-Aug-2021 04:40:00,216.8,3.59
07-Aug-2021 04:50:00,225.6,4.59
07-Aug-2021 05:00:00,223.5,3.5
07-Aug-2021 05:10:00,223.4,4.07
07-Aug-2021 05:20:00,235.1,3.99
07-Aug-2021 05:30:00,219.2,3.01
07-Aug-2021 05:40:00,219.9,3.33
07-Aug-2021 05:50:00,228.8,3.52
07-Aug-2021 06:00:00,237.5,3.61
07-Aug-2021 06:10:00,219.4,4.07
07-Aug-2021 06:20:00,222.2,4.03
07-Aug-2021 06:30:00,217.8,4.32
07-Aug-2021 06:40:00,226,4.41
07-Aug-2021 06:50:00,219,4.02
07-Aug-2021 07:00:00,190.1,2.3
07-Aug-2021 07:10:00,189,1.59
07-Aug-2021 07:20:00,198.9,2.84
07-Aug-2021 07:30:00,214.5,3.69
07-Aug-2021 07:40:00,241.7,3.7
07-Aug-2021 07:50:00,256.8,2.86
07-Aug-2021 08:00:00,254.8,3.08
07-Aug-2021 08:10:00,261.5,3.07
07-Aug-2021 08:20:00,269.8,2.9
07-Aug-2021 08:30:00,286.3,2.52
07-Aug-2021 08:40:00,254.7,3.4
07-Aug-2021 08:50:00,257.9,3.37
07-Aug-2021 09:00:00,273.8,1.92
07-Aug-2021 09:10:00,218.8,1.2
07-Aug-2021 09:20:00,197.8,0.94
07-Aug-2021 09:30:00,182.3,1.14
07-Aug-2021 09:40:00,207.4,1.82
07-Aug-2021 09:50:00,204,2.63
07-Aug-2021 10:00:00,223.9,2.54
07-Aug-2021 10:10:00,187.1,2.04
07-Aug-2021 10:20:00,171.4,2.24
07-Aug-2021 10:30:00,188,2.54
07-Aug-2021 10:40:00,203.8,3.47
07-Aug-2021 10:50:00,229.4,3.8
07-Aug-2021 11:00:00,208,4.47
07-Aug-2021 11:10:00,218.4,5.2
07-Aug-2021 11:20:00,223.4,3
07-Aug-2021 11:30:00,179.3,2.39
07-Aug-2021 11:40:00,177.9,1.97
07-Aug-2021 11:50:00,204,1.26
07-Aug-2021 12:00:00,183.9,1.33
07-Aug-2021 12:10:00,200.8,2.7
07-Aug-2021 12:20:00,185.1,2.99
07-Aug-2021 12:30:00,174.6,2.84
07-Aug-2021 12:40:00,198.6,2.21
07-Aug-2021 12:50:00,196,2.4
07-Aug-2021 13:00:00,204.6,3.13
07-Aug-2021 13:10:00,175.8,2.49
07-Aug-2021 13:20:00,179.1,2.92
07-Aug-2021 13:30:00,184.6,2.66
07-Aug-2021 13:40:00,303,1.88
07-Aug-2021 13:50:00,325.3,1.7
07-Aug-2021 14:00:00,241.4,1.1
07-Aug-2021 14:10:00,255.2,1.4
07-Aug-2021 14:20:00,291.9,1.69
07-Aug-2021 14:30:00,199.6,3.1
07-Aug-2021 14:40:00,264.2,0.97
07-Aug-2021 14:50:00,189.6,0.98
07-Aug-2021 15:00:00,224.3,0.87
07-Aug-2021 15:10:00,266.4,1.8
07-Aug-2021 15:20:00,256.6,1.59
07-Aug-2021 15:30:00,49.2,0.92
07-Aug-2021 15:40:00,76.3,0.77
07-Aug-2021 15:50:00,218.7,0.46
07-Aug-2021 16:00:00,176.7,1.39
07-Aug-2021 16:10:00,152.8,1.16
07-Aug-2021 16:20:00,181.5,1.43
07-Aug-2021 16:30:00,167.8,1.51
07-Aug-2021 16:40:00,197.1,1.15
07-Aug-2021 16:50:00,200.5,0.89
07-Aug-2021 17:00:00,171.2,1.12
07-Aug-2021 17:10:00,211.9,0.89
07-Aug-2021 17:20:00,175,1.27
07-Aug-2021 17:30:00,175.7,1.64
07-Aug-2021 17:40:00,197.7,1.75
07-Aug-2021 17:50:00,190.8,1.84
07-Aug-2021 18:00:00,185.2,1.88
07-Aug-2021 18:10:00,186.8,2.36
07-Aug-2021 18:20:00,184.6,2.11
07-Aug-2021 18:30:00,183.5,2.04
07-Aug-2021 18:40:00,182.2,1.26
07-Aug-2021 18:50:00,154.8,0.94
07-Aug-2021 19:00:00,162.4,0.79
07-Aug-2021 19:10:00,166.1,0.79
07-Aug-2021 19:20:00,199,0.85
07-Aug-2021 19:30:00,182.1,1.22
07-Aug-2021 19:40:00,181.5,1.59
07-Aug-2021 19:50:00,184.8,1.87
07-Aug-2021 20:00:00,182,3.58
07-Aug-2021 20:10:00,175.2,3.75
07-Aug-2021 20:20:00,180.5,2.69
07-Aug-2021 20:30:00,192.5,1.46
07-Aug-2021 20:40:00,147.8,2.47
07-Aug-2021 20:50:00,164.7,1.5
07-Aug-2021 21:00:00,185.9,1.15
07-Aug-2021 21:10:00,178,2.76
07-Aug-2021 21:20:00,181.5,2.46
07-Aug-2021 21:30:00,183,2.42
07-Aug-2021 21:40:00,179.7,3.07
07-Aug-2021 21:50:00,187.1,4.36
07-Aug-2021 22:00:00,188,4.18
07-Aug-2021 22:10:00,193.7,4.84
07-Aug-2021 22:20:00,192.7,4.61
07-Aug-2021 22:30:00,188.8,4.83
07-Aug-2021 22:40:00,199.2,6.31
07-Aug-2021 22:50:00,198.9,6.1
07-Aug-2021 23:00:00,179.7,4.69
07-Aug-2021 23:10:00,188.9,6.13
07-Aug-2021 23:20:00,183.4,4.83
07-Aug-2021 23:30:00,186.4,4.46
07-Aug-2021 23:40:00,182.5,4.13
07-Aug-2021 23:50:00,179.4,4.78
08-Aug-2021 00:00:00,184.8,4.94
08-Aug-2021 00:10:00,191,5.25
08-Aug-2021 00:20:00,193.4,5.54
08-Aug-2021 00:30:00,251.3,5.77
08-Aug-2021 00:40:00,257.5,2.98
08-Aug-2021 00:50:00,188.9,3.92
08-Aug-2021 01:00:00,219,6.6
08-Aug-2021 01:10:00,249.8,4.15
08-Aug-2021 01:20:00,292,2.54
08-Aug-2021 01:30:00,272.7,2.54
08-Aug-2021 01:40:00,278.4,2.97
08-Aug-2021 01:50:00,260.2,3.56
08-Aug-2021 02:00:00,269.5,3.2
08-Aug-2021 02:10:00,253.8,3.7
08-Aug-2021 02:20:00,246,4.38
08-Aug-2021 02:30:00,229.1,3.83
08-Aug-2021 02:40:00,212.2,4.04
08-Aug-2021 02:50:00,210.7,4.53
08-Aug-2021 03:00:00,214.8,4.56
08-Aug-2021 03:10:00,222.8,4.34
08-Aug-2021 03:20:00,228,5.14
08-Aug-2021 03:30:00,220.3,4.97
08-Aug-2021 03:40:00,217,4.87
08-Aug-2021 03:50:00,232,4.84
08-Aug-2021 04:00:00,241.4,4.81
08-Aug-2021 04:10:00,238.5,5.43
08-Aug-2021 04:20:00,236.7,6.22
08-Aug-2021 04:30:00,233.7,5.5
08-Aug-2021 04:40:00,226,5.95
08-Aug-2021 04:50:00,225.7,5.52
08-Aug-2021 05:00:00,229.2,5.9
08-Aug-2021 05:10:00,231.8,6.01
08-Aug-2021 05:20:00,229.5,5.78
08-Aug-2021 05:30:00,226.8,6.42
08-Aug-2021 05:40:00,234.6,6.81
08-Aug-2021 05:50:00,241.5,8.44
08-Aug-2021 06:00:00,233,6.59
08-Aug-2021 06:10:00,233.7,7.89
08-Aug-2021 06:20:00,230.2,6.37
08-Aug-2021 06:30:00,226.1,7.18
08-Aug-2021 06:40:00,227.5,8.12
08-Aug-2021 06:50:00,231.2,9.1
08-Aug-2021 07:00:00,224.3,9.83
08-Aug-2021 07:10:00,224.2,8.33
08-Aug-2021 07:20:00,215.6,9.1
08-Aug-2021 07:30:00,224.5,7.62
08-Aug-2021 07:40:00,230.3,7.28
08-Aug-2021 07:50:00,232.1,7.17
08-Aug-2021 08:00:00,225.2,7.22
08-Aug-2021 08:10:00,228.6,7.39
08-Aug-2021 08:20:00,241.5,7.16
08-Aug-2021 08:30:00,238.1,7.2
08-Aug-2021 08:40:00,232.1,7.88
08-Aug-2021 08:50:00,237.2,7.29
08-Aug-2021 09:00:00,257.2,6
08-Aug-2021 09:10:00,263.9,7.53
08-Aug-2021 09:20:00,274.5,6.31
08-Aug-2021 09:30:00,262.4,7
08-Aug-2021 09:40:00,261.1,7.57
08-Aug-2021 09:50:00,270.5,5.78
08-Aug-2021 10:00:00,254.3,5.76
08-Aug-2021 10:10:00,253.6,7.12
08-Aug-2021 10:20:00,259.7,5.37
08-Aug-2021 10:30:00,266.4,5.72
08-Aug-2021 10:40:00,265.1,6.56
08-Aug-2021 10:50:00,254.7,6.59
08-Aug-2021 11:00:00,267.4,6.18
08-Aug-2021 11:10:00,245.1,5.51
08-Aug-2021 11:20:00,249.9,6.15
08-Aug-2021 11:30:00,257.4,4.36
08-Aug-2021 11:40:00,254.3,5.96
08-Aug-2021 11:50:00,247.4,4.99
08-Aug-2021 12:00:00,276.9,5.77
08-Aug-2021 12:10:00,276.6,4.52
08-Aug-2021 12:20:00,295.5,3.97
08-Aug-2021 12:30:00,281.8,4.03
08-Aug-2021 12:40:00,287.9,4.59
08-Aug-2021 12:50:00,213,2.72
08-Aug-2021 13:00:00,272.9,4.24
08-Aug-2021 13:10:00,267.9,3.27
08-Aug-2021 13:20:00,228.4,4.55
08-Aug-2021 13:30:00,274.7,4.99
08-Aug-2021 13:40:00,262.1,4.15
08-Aug-2021 13:50:00,251.1,3.8
08-Aug-2021 14:00:00,256.1,6.54
08-Aug-2021 14:10:00,265,4.34
08-Aug-2021 14:20:00,240.6,3.89
08-Aug-2021 14:30:00,277.4,2.63
08-Aug-2021 14:40:00,278.3,3.98
08-Aug-2021 14:50:00,300.8,3.67
08-Aug-2021 15:00:00,349.7,2.28
08-Aug-2021 15:10:00,260.4,2.83
08-Aug-2021 15:20:00,263.4,2.51
08-Aug-2021 15:30:00,269.4,3.42
08-Aug-2021 15:40:00,256.6,4.23
08-Aug-2021 15:50:00,303.8,3.9
08-Aug-2021 16:00:00,271.2,3.17
08-Aug-2021 16:10:00,265.7,3.9
08-Aug-2021 16:20:00,262.7,3.61
08-Aug-2021 16:30:00,266.7,3.05
08-Aug-2021 16:40:00,245.6,7.65
08-Aug-2021 16:50:00,234.9,3.74
08-Aug-2021 17:00:00,280.2,2.8
08-Aug-2021 17:10:00,308.1,3.41
08-Aug-2021 17:20:00,263.7,4.2
08-Aug-2021 17:30:00,260.2,4.26
08-Aug-2021 17:40:00,271.2,4.64
08-Aug-2021 17:50:00,262.5,3.74
08-Aug-2021 18:00:00,266,3.93
08-Aug-2021 18:10:00,261.6,3.77
08-Aug-2021 18:20:00,259.3,2.81
08-Aug-2021 18:30:00,300,2.41
08-Aug-2021 18:40:00,281.3,3.08
08-Aug-2021 18:50:00,239.8,3.02
08-Aug-2021 19:00:00,250.5,3.68
08-Aug-2021 19:10:00,249,4.41
08-Aug-2021 19:20:00,246.6,5.16
08-Aug-2021 19:30:00,239.7,5.62
08-Aug-2021 19:40:00,230.4,5.69
08-Aug-2021 19:50:00,228.1,6.15
08-Aug-2021 20:00:00,234.3,5.53
08-Aug-2021 20:10:00,230.7,6.24
08-Aug-2021 20:20:00,228.6,6.98
08-Aug-2021 20:30:00,239.2,6.19
08-Aug-2021 20:40:00,243.9,6.5
08-Aug-2021 20:50:00,246.2,6.29
08-Aug-2021 21:00:00,248.2,6.44
08-Aug-2021 21:10:00,245,6.27
08-Aug-2021 21:20:00,249,5.42
08-Aug-2021 21:30:00,241.2,6.16
08-Aug-2021 21:40:00,244.6,7.49
08-Aug-2021 21:50:00,255.5,6.78
08-Aug-2021 22:00:00,260.3,5.76
08-Aug-2021 22:10:00,258.2,4.75
08-Aug-2021 22:20:00,270.6,3.36
08-Aug-2021 22:30:00,255.3,5.19
08-Aug-2021 22:40:00,267.3,2.82
08-Aug-2021 22:50:00,245.3,6.54
08-Aug-2021 23:00:00,273.3,4.69
08-Aug-2021 23:10:00,254.3,6.4
08-Aug-2021 23:20:00,249.6,6.64
08-Aug-2021 23:30:00,234.9,5.76
08-Aug-2021 23:40:00,230.2,6.29
08-Aug-2021 23:50:00,234.5,6.56
09-Aug-2021 00:00:00,240.7,7.01
09-Aug-2021 00:10:00,258.5,6.12
09-Aug-2021 00:20:00,253.2,7.56
09-Aug-2021 00:30:00,250.8,7.69
09-Aug-2021 00:40:00,247.6,7.03
09-Aug-2021 00:50:00,264.2,6.15
09-Aug-2021 01:00:00,266.1,5.35
09-Aug-2021 01:10:00,249.1,6.96
09-Aug-2021 01:20:00,240.2,9.03
09-Aug-2021 01:30:00,243.5,5.84
09-Aug-2021 01:40:00,245.1,7.32
09-Aug-2021 01:50:00,236.5,7.23
09-Aug-2021 02:00:00,237.9,7.44
09-Aug-2021 02:10:00,241.6,6.58
09-Aug-2021 02:20:00,244.8,6.12
09-Aug-2021 02:30:00,243.2,7.39
09-Aug-2021 02:40:00,235.5,7.38
09-Aug-2021 02:50:00,245.8,7.09
09-Aug-2021 03:00:00,236.9,7.59
09-Aug-2021 03:10:00,238,7.97
09-Aug-2021 03:20:00,240.1,7.79
09-Aug-2021 03:30:00,238,6.37
09-Aug-2021 03:40:00,244.1,6.54
09-Aug-2021 03:50:00,240,7.86
09-Aug-2021 04:00:00,240.4,8.5
09-Aug-2021 04:10:00,245.9,6.22
09-Aug-2021 04:20:00,237.8,8.1
09-Aug-2021 04:30:00,244.3,7.88
09-Aug-2021 04:40:00,245.1,7.47
09-Aug-2021 04:50:00,242.3,7.01
09-Aug-2021 05:00:00,246.7,6.95
09-Aug-2021 05:10:00,246,7.26
09-Aug-2021 05:20:00,236.1,6.22
09-Aug-2021 05:30:00,254.4,6.56
09-Aug-2021 05:40:00,247.4,6.77
09-Aug-2021 05:50:00,250.3,6.91
09-Aug-2021 06:00:00,259.6,6.04
09-Aug-2021 06:10:00,251.7,7.43
09-Aug-2021 06:20:00,244.5,8.62
09-Aug-2021 06:30:00,254,7.45
09-Aug-2021 06:40:00,252.3,6.74
09-Aug-2021 06:50:00,265.9,5.88
09-Aug-2021 07:00:00,264.8,5.71
09-Aug-2021 07:10:00,277.3,4.07
09-Aug-2021 07:20:00,262.1,4.56
09-Aug-2021 07:30:00,228.5,4.68
09-Aug-2021 07:40:00,259,5.04
09-Aug-2021 07:50:00,266.8,3.53
09-Aug-2021 08:00:00,252.3,4.22
09-Aug-2021 08:10:00,237,5.04
09-Aug-2021 08:20:00,269.9,3.92
09-Aug-2021 08:30:00,265.1,3.89
09-Aug-2021 08:40:00,277.9,4.5
09-Aug-2021 08:50:00,255.6,5
09-Aug-2021 09:00:00,250.7,6.12
09-Aug-2021 09:10:00,246.5,3
09-Aug-2021 09:20:00,247.7,5.57
09-Aug-2021 09:30:00,248.9,4.02
09-Aug-2021 09:40:00,238.8,7.5
09-Aug-2021 09:50:00,262.2,4.09
09-Aug-2021 10:00:00,244.2,5.45
09-Aug-2021 10:10:00,265.9,4.63
09-Aug-2021 10:20:00,263.8,4.91
09-Aug-2021 10:30:00,229.7,5.87
09-Aug-2021 10:40:00,300.4,3.12
09-Aug-2021 10:50:00,248.6,4.89
09-Aug-2021 11:00:00,258.3,4.66
09-Aug-2021 11:10:00,242.2,7.91
09-Aug-2021 11:20:00,251.7,6.84
09-Aug-2021 11:30:00,262,3.27
09-Aug-2021 11:40:00,243,6.37
09-Aug-2021 11:50:00,274.3,3.25
09-Aug-2021 12:00:00,258.9,4.65
09-Aug-2021 12:10:00,237.1,6.1
09-Aug-2021 12:20:00,245.6,7.51
09-Aug-2021 12:30:00,226.5,9.57
09-Aug-2021 12:40:00,239.1,7.89
09-Aug-2021 12:50:00,210.4,8.98
09-Aug-2021 13:00:00,236.9,9
09-Aug-2021 13:10:00,234,9.13
09-Aug-2021 13:20:00,239.4,7.22
09-Aug-2021 13:30:00,242.9,7.2
09-Aug-2021 13:40:00,237.6,7.09
09-Aug-2021 13:50:00,234.6,8.14
09-Aug-2021 14:00:00,258.6,4.23
09-Aug-2021 14:10:00,241.6,4.69
09-Aug-2021 14:20:00,210.9,9.07
09-Aug-2021 14:30:00,228,10.11
09-Aug-2021 14:40:00,238.5,8.86
09-Aug-2021 14:50:00,229.8,7.1
09-Aug-2021 15:00:00,223.1,9.22
09-Aug-2021 15:10:00,220.3,9.59
09-Aug-2021 15:20:00,228.9,8.06
09-Aug-2021 15:30:00,246.5,5.36
09-Aug-2021 15:40:00,222.1,7.18
09-Aug-2021 15:50:00,267.5,3.66
09-Aug-2021 16:00:00,199.5,7.28
09-Aug-2021 16:10:00,205.4,7.95
09-Aug-2021 16:20:00,211.8,7.59
09-Aug-2021 16:30:00,230.5,6.95
09-Aug-2021 16:40:00,221.8,6.58
09-Aug-2021 16:50:00,223.2,6.18
09-Aug-2021 17:00:00,235.2,4.52
09-Aug-2021 17:10:00,217.5,7.92
09-Aug-2021 17:20:00,230.8,7.96
09-Aug-2021 17:30:00,231,5.1
09-Aug-2021 17:40:00,212.9,3.62
09-Aug-2021 17:50:00,213.8,4.44
09-Aug-2021 18:00:00,213.8,8.5
09-Aug-2021 18:10:00,234,5.26
09-Aug-2021 18:20:00,199.4,6.1
09-Aug-2021 18:30:00,209.2,8.25
09-Aug-2021 18:40:00,249.1,11.07
09-Aug-2021 18:50:00,254.5,3.49
09-Aug-2021 19:00:00,263.6,3.83
09-Aug-2021 19:10:00,228.2,3.15
09-Aug-2021 19:20:00,203.7,4.44
09-Aug-2021 19:30:00,185.3,2.41
09-Aug-2021 19:40:00,204,4.12
09-Aug-2021 19:50:00,212.4,3.97
09-Aug-2021 20:00:00,206.9,4.65
09-Aug-2021 20:10:00,195.1,4.93
09-Aug-2021 20:20:00,178.3,3.9
09-Aug-2021 20:30:00,182.4,3.24
09-Aug-2021 20:40:00,182.8,2.76
09-Aug-2021 20:50:00,181.1,3.08
09-Aug-2021 21:00:00,183.8,2.73
09-Aug-2021 21:10:00,178.7,2.51
09-Aug-2021 21:20:00,183,2.97
09-Aug-2021 21:30:00,185.6,2.78
09-Aug-2021 21:40:00,185,2.64
09-Aug-2021 21:50:00,191.1,2.39
09-Aug-2021 22:00:00,174.3,1.6
09-Aug-2021 22:10:00,186.6,2.42
09-Aug-2021 22:20:00,191.7,3.53
09-Aug-2021 22:30:00,193.6,6.06
09-Aug-2021 22:40:00,189.8,4.23
09-Aug-2021 22:50:00,235,3.76
09-Aug-2021 23:00:00,233.8,2.11
09-Aug-2021 23:10:00,256.4,1.76
09-Aug-2021 23:20:00,237.2,1.43
09-Aug-2021 23:30:00,230.7,2.86
09-Aug-2021 23:40:00,194.9,1.7
09-Aug-2021 23:50:00,182.8,1.52
10-Aug-2021 00:00:00,199.4,0.9
10-Aug-2021 00:10:00,193.6,1.38
10-Aug-2021 00:20:00,190.7,0.96
10-Aug-2021 00:30:00,172.8,1.25
10-Aug-2021 00:40:00,191.1,1.94
10-Aug-2021 00:50:00,189.5,4.04
10-Aug-2021 01:00:00,191.9,4.42
10-Aug-2021 01:10:00,200.6,4.72
10-Aug-2021 01:20:00,201.3,4.09
10-Aug-2021 01:30:00,215.2,4.33
10-Aug-2021 01:40:00,237.7,5.47
10-Aug-2021 01:50:00,229.4,5.17
10-Aug-2021 02:00:00,226.8,5.26
10-Aug-2021 02:10:00,232.3,4.55
10-Aug-2021 02:20:00,236,4.04
10-Aug-2021 02:30:00,248.5,3.74
10-Aug-2021 02:40:00,251.1,3.79
10-Aug-2021 02:50:00,240.6,3.51
10-Aug-2021 03:00:00,234.1,3.25
10-Aug-2021 03:10:00,222,3.77
10-Aug-2021 03:20:00,204.1,5.05
10-Aug-2021 03:30:00,215.2,4.33
10-Aug-2021 03:40:00,206.4,4.28
10-Aug-2021 03:50:00,201.3,3.9
10-Aug-2021 04:00:00,198.8,4.06
10-Aug-2021 04:10:00,189.8,3.42
10-Aug-2021 04:20:00,197.2,4.21
10-Aug-2021 04:30:00,201.5,4.91
10-Aug-2021 04:40:00,198.5,4.5
10-Aug-2021 04:50:00,201.6,4.24
10-Aug-2021 05:00:00,196.8,4.4
10-Aug-2021 05:10:00,205.5,5.73
10-Aug-2021 05:20:00,216.1,5.48
10-Aug-2021 05:30:00,218.9,4.99
10-Aug-2021 05:40:00,235.7,5.08
10-Aug-2021 05:50:00,237.7,5.65
10-Aug-2021 06:00:00,220.3,5.35
10-Aug-2021 06:10:00,214.9,6.46
10-Aug-2021 06:20:00,222.5,5.34
10-Aug-2021 06:30:00,218.7,5.23
10-Aug-2021 06:40:00,219.1,4.97
10-Aug-2021 06:50:00,229,5.31
10-Aug-2021 07:00:00,211.5,5.05
10-Aug-2021 07:10:00,199.9,5.1
10-Aug-2021 07:20:00,199,5.25
10-Aug-2021 07:30:00,209.6,5.38
10-Aug-2021 07:40:00,206.3,5.82
10-Aug-2021 07:50:00,217.5,6.03
10-Aug-2021 08:00:00,227.6,4.4
10-Aug-2021 08:10:00,215.5,4.89
10-Aug-2021 08:20:00,224.4,5.06
10-Aug-2021 08:30:00,239.2,4.9
10-Aug-2021 08:40:00,237,3.48
10-Aug-2021 08:50:00,267.7,2.59
10-Aug-2021 09:00:00,102.4,1.88
10-Aug-2021 09:10:00,267.3,2.8
10-Aug-2021 09:20:00,232.3,4.07
10-Aug-2021 09:30:00,236.2,4.51
10-Aug-2021 09:40:00,223.1,4.98
10-Aug-2021 09:50:00,217.3,6.69
10-Aug-2021 10:00:00,202.7,5.4
10-Aug-2021 10:10:00,207.1,3.91
10-Aug-2021 10:20:00,223,4.25
10-Aug-2021 10:30:00,263.3,4.17
10-Aug-2021 10:40:00,272.1,2.53
10-Aug-2021 10:50:00,236.6,2.23
10-Aug-2021 11:00:00,276.7,3.45
10-Aug-2021 11:10:00,259.6,4.47
10-Aug-2021 11:20:00,263.4,2.89
10-Aug-2021 11:30:00,234.8,3.29
10-Aug-2021 11:40:00,292.4,3.29
10-Aug-2021 11:50:00,228.1,2.56
10-Aug-2021 12:00:00,285.5,4.21
10-Aug-2021 12:10:00,231.7,3.18
10-Aug-2021 12:20:00,177.4,2.57
10-Aug-2021 12:30:00,291.5,2.94
10-Aug-2021 12:40:00,206.9,1.85
10-Aug-2021 12:50:00,229.1,1.92
10-Aug-2021 13:00:00,177.7,1.89
10-Aug-2021 13:10:00,219.1,2.34
10-Aug-2021 13:20:00,205.5,2.54
10-Aug-2021 13:30:00,209.9,2.33
10-Aug-2021 13:40:00,209.9,1.85
10-Aug-2021 13:50:00,222.3,2.1
10-Aug-2021 14:00:00,226.4,2.04
10-Aug-2021 14:10:00,224.8,1.54
10-Aug-2021 14:20:00,241.5,1.75
10-Aug-2021 14:30:00,256.3,2.23
10-Aug-2021 14:40:00,252.4,1.82
10-Aug-2021 14:50:00,238.3,2.4
10-Aug-2021 15:00:00,293.6,3.67
10-Aug-2021 15:10:00,316.2,5.06
10-Aug-2021 15:20:00,330.8,3.67
10-Aug-2021 15:30:00,330.2,3.67
10-Aug-2021 15:40:00,280.1,2.52
10-Aug-2021 15:50:00,230.3,1.78
10-Aug-2021 16:00:00,246.3,2.29
10-Aug-2021 16:10:00,240.6,1.98
10-Aug-2021 16:20:00,194.6,1.6
10-Aug-2021 16:30:00,189.5,1.73
10-Aug-2021 16:40:00,238.3,2.97
10-Aug-2021 16:50:00,250,3.28
10-Aug-2021 17:00:00,254.2,2.54
10-Aug-2021 17:10:00,243.1,4.35
10-Aug-2021 17:20:00,254.4,1.92
10-Aug-2021 17:30:00,210.8,1.89
10-Aug-2021 17:40:00,162.6,1.83
10-Aug-2021 17:50:00,223.7,4.28
10-Aug-2021 18:00:00,223.7,1.3
10-Aug-2021 18:10:00,253.6,1.3
10-Aug-2021 18:20:00,236.7,1.31
10-Aug-2021 18:30:00,268.6,1.16
10-Aug-2021 18:40:00,284,1.02
10-Aug-2021 18:50:00,260.8,2.27
10-Aug-2021 19:00:00,264.4,1.55
10-Aug-2021 19:10:00,274.7,2.11
10-Aug-2021 19:20:00,271.7,1.73
10-Aug-2021 19:30:00,294.1,1.26
10-Aug-2021 19:40:00,206.4,0.98
10-Aug-2021 19:50:00,262.4,1.33
10-Aug-2021 20:00:00,259.4,1.2
10-Aug-2021 20:10:00,213.3,1.18
10-Aug-2021 20:20:00,80.9,1.23
10-Aug-2021 20:30:00,219.7,1.62
10-Aug-2021 20:40:00,216.2,1.43
10-Aug-2021 20:50:00,208.3,1.46
10-Aug-2021 21:00:00,182.7,1.45
10-Aug-2021 21:10:00,197.5,1.39
10-Aug-2021 21:20:00,226.3,1.6
10-Aug-2021 21:30:00,234.7,1.18
10-Aug-2021 21:40:00,205,1.08
10-Aug-2021 21:50:00,234.2,1.38
10-Aug-2021 22:00:00,193.4,1.01
10-Aug-2021 22:10:00,165.2,0.86
10-Aug-2021 22:20:00,158.9,0.77
10-Aug-2021 22:30:00,303.1,0.75
10-Aug-2021 22:40:00,222.6,0.78
10-Aug-2021 22:50:00,75.6,0.83
10-Aug-2021 23:00:00,287.4,1
10-Aug-2021 23:10:00,267.7,1.25
10-Aug-2021 23:20:00,229.8,1.39
10-Aug-2021 23:30:00,281,1.61
10-Aug-2021 23:40:00,283.6,1.68
10-Aug-2021 23:50:00,265.3,1.58
11-Aug-2021 00:00:00,230.3,1.51
11-Aug-2021 00:10:00,291.7,1.07
11-Aug-2021 00:20:00,216.2,1.46
11-Aug-2021 00:30:00,199.1,1.1
11-Aug-2021 00:40:00,229.5,1.46
11-Aug-2021 00:50:00,220.8,1.47
11-Aug-2021 01:00:00,182.1,1.4
11-Aug-2021 01:10:00,233.3,1.47
11-Aug-2021 01:20:00,258.5,1.18
11-Aug-2021 01:30:00,311.7,1.14
11-Aug-2021 01:40:00,259.9,1.37
11-Aug-2021 01:50:00,254.5,1.62
11-Aug-2021 02:00:00,230.9,1.31
11-Aug-2021 02:10:00,203.3,1.1
11-Aug-2021 02:20:00,241.1,1.21
11-Aug-2021 02:30:00,233.9,1.22
11-Aug-2021 02:40:00,307.3,1.24
11-Aug-2021 02:50:00,296.8,1.14
11-Aug-2021 03:00:00,212,1.5
11-Aug-2021 03:10:00,255,1.44
11-Aug-2021 03:20:00,222.1,1.21
11-Aug-2021 03:30:00,219.5,1.43
11-Aug-2021 03:40:00,152.2,1.09
11-Aug-2021 03:50:00,268.4,0.98
11-Aug-2021 04:00:00,248.1,1.38
11-Aug-2021 04:10:00,270.3,1.36
11-Aug-2021 04:20:00,211.3,1.13
11-Aug-2021 04:30:00,246.2,1.23
11-Aug-2021 04:40:00,288,1.04
11-Aug-2021 04:50:00,257.1,0.92
11-Aug-2021 05:00:00,228.8,1.12
11-Aug-2021 05:10:00,217.1,1.13
11-Aug-2021 05:20:00,196.9,1.2
11-Aug-2021 05:30:00,174,0.95
11-Aug-2021 05:40:00,185.4,1.02
11-Aug-2021 05:50:00,181.1,1.21
11-Aug-2021 06:00:00,249.7,1.36
11-Aug-2021 06:10:00,265.5,1.61
11-Aug-2021 06:20:00,274.7,1.66
11-Aug-2021 06:30:00,252.5,1.6
11-Aug-2021 06:40:00,270.7,1.14
11-Aug-2021 06:50:00,258.1,1.4
11-Aug-2021 07:00:00,255.2,1.37
11-Aug-2021 07:10:00,265.6,2.05
11-Aug-2021 07:20:00,231.8,1.11
11-Aug-2021 07:30:00,225.2,1.26
11-Aug-2021 07:40:00,235.7,1.88
11-Aug-2021 07:50:00,224.2,1.85
11-Aug-2021 08:00:00,223.7,1.63
11-Aug-2021 08:10:00,203.8,1.45
11-Aug-2021 08:20:00,217.8,1.52
11-Aug-2021 08:30:00,208.1,1.78
11-Aug-2021 08:40:00,226.3,1.69
11-Aug-2021 08:50:00,259.1,2.1
11-Aug-2021 09:00:00,204.4,1.98
11-Aug-2021 09:10:00,218.7,1.65
11-Aug-2021 09:20:00,264.9,0.95
11-Aug-2021 09:30:00,226.9,1.64
11-Aug-2021 09:40:00,193.7,1.47
11-Aug-2021 09:50:00,195.8,1.34
11-Aug-2021 10:00:00,204.4,1.51
11-Aug-2021 10:10:00,270.1,1.2
11-Aug-2021 10:20:00,232.1,1.79
11-Aug-2021 10:30:00,208.6,1.86
11-Aug-2021 10:40:00,203.5,1.77
11-Aug-2021 10:50:00,213.8,1.71
11-Aug-2021 11:00:00,257.3,2.23
11-Aug-2021 11:10:00,242,1.75
11-Aug-2021 11:20:00,202.7,2.06
11-Aug-2021 11:30:00,241.2,1.65
11-Aug-2021 11:40:00,216,1.93
11-Aug-2021 11:50:00,218.9,1.84
11-Aug-2021 12:00:00,261.1,2.05
11-Aug-2021 12:10:00,207.2,1.53
11-Aug-2021 12:20:00,229.7,2.55
11-Aug-2021 12:30:00,201.7,1.85
11-Aug-2021 12:40:00,190.4,1.77
11-Aug-2021 12:50:00,244.9,2.46
11-Aug-2021 13:00:00,211.9,1.71
11-Aug-2021 13:10:00,253.5,2.05
11-Aug-2021 13:20:00,211,1.98
11-Aug-2021 13:30:00,226.3,2.24
11-Aug-2021 13:40:00,259.2,2.24
11-Aug-2021 13:50:00,22.7,2.18
11-Aug-2021 14:00:00,218.5,2.23
11-Aug-2021 14:10:00,202.6,2.08
11-Aug-2021 14:20:00,197.9,1.92
11-Aug-2021 14:30:00,218.4,2.23
11-Aug-2021 14:40:00,250,2.21
11-Aug-2021 14:50:00,201.7,1.9
11-Aug-2021 15:00:00,182.2,1.34
11-Aug-2021 15:10:00,212.9,3.15
11-Aug-2021 15:20:00,203.8,2.17
11-Aug-2021 15:30:00,220.4,2.1
11-Aug-2021 15:40:00,219.7,2.95
11-Aug-2021 15:50:00,196,2.47
11-Aug-2021 16:00:00,222.2,1.91
11-Aug-2021 16:10:00,190.3,1.88
11-Aug-2021 16:20:00,212.5,1.65
11-Aug-2021 16:30:00,217.8,1.76
11-Aug-2021 16:40:00,225,2.22
11-Aug-2021 16:50:00,185.1,1.59
11-Aug-2021 17:00:00,182.4,1.71
11-Aug-2021 17:10:00,195.6,1.72
11-Aug-2021 17:20:00,293.1,3.02
11-Aug-2021 17:30:00,238.3,2.49
11-Aug-2021 17:40:00,207.8,1.87
11-Aug-2021 17:50:00,201.6,1.45
11-Aug-2021 18:00:00,272.7,1.99
11-Aug-2021 18:10:00,247.9,1.67
11-Aug-2021 18:20:00,245.3,2.05
11-Aug-2021 18:30:00,211.7,2.05
11-Aug-2021 18:40:00,238.9,2.01
11-Aug-2021 18:50:00,209.5,1.66
11-Aug-2021 19:00:00,202.6,1.49
11-Aug-2021 19:10:00,201.3,1.16
11-Aug-2021 19:20:00,215.7,1.07
11-Aug-2021 19:30:00,221.4,0.88
11-Aug-2021 19:40:00,197.7,0.84
11-Aug-2021 19:50:00,181.8,0.78
11-Aug-2021 20:00:00,236.4,0.7
11-Aug-2021 20:10:00,221.2,0.68
11-Aug-2021 20:20:00,234.2,0.74
11-Aug-2021 20:30:00,267.2,0.82
11-Aug-2021 20:40:00,324.8,1.23
11-Aug-2021 20:50:00,340.4,0.66
11-Aug-2021 21:00:00,29.1,0.57
11-Aug-2021 21:10:00,45,0.57
11-Aug-2021 21:20:00,27.8,0.55
11-Aug-2021 21:30:00,32.6,0.78
11-Aug-2021 21:40:00,29.6,1.66
11-Aug-2021 21:50:00,42.2,1.62
11-Aug-2021 22:00:00,53.8,0.84
11-Aug-2021 22:10:00,41,0.85
11-Aug-2021 22:20:00,81.1,0.4
11-Aug-2021 22:30:00,89.4,0.29
11-Aug-2021 22:40:00,149.3,0.26
11-Aug-2021 22:50:00,179.9,0.28
11-Aug-2021 23:00:00,139.7,0.25
11-Aug-2021 23:10:00,258.9,0.26
11-Aug-2021 23:20:00,357.8,0.24
11-Aug-2021 23:30:00,305.7,0.27
11-Aug-2021 23:40:00,184.2,0.26
11-Aug-2021 23:50:00,169.5,0.33
12-Aug-2021 00:00:00,199.6,0.76
12-Aug-2021 00:10:00,196.9,0.9
12-Aug-2021 00:20:00,188.3,1.18
12-Aug-2021 00:30:00,201.9,1.05
12-Aug-2021 00:40:00,203.2,0.92
12-Aug-2021 00:50:00,203.5,1.03
12-Aug-2021 01:00:00,185.1,2.05
12-Aug-2021 01:10:00,195.1,1.57
12-Aug-2021 01:20:00,198.4,1.38
12-Aug-2021 01:30:00,181.6,2.43
12-Aug-2021 01:40:00,180.4,2.78
12-Aug-2021 01:50:00,177.6,2.85
12-Aug-2021 02:00:00,180,2.72
12-Aug-2021 02:10:00,180.7,2.67
12-Aug-2021 02:20:00,181.9,3.21
12-Aug-2021 02:30:00,181.3,3.07
12-Aug-2021 02:40:00,181.6,3.5
12-Aug-2021 02:50:00,178.6,4.19
12-Aug-2021 03:00:00,184.6,4.12
12-Aug-2021 03:10:00,182.4,5.29
12-Aug-2021 03:20:00,180.1,5.25
12-Aug-2021 03:30:00,180.2,4.9
12-Aug-2021 03:40:00,181.4,4.92
12-Aug-2021 03:50:00,180.3,4.68
12-Aug-2021 04:00:00,182.3,5.18
12-Aug-2021 04:10:00,186.7,5.26
12-Aug-2021 04:20:00,180.5,4.53
12-Aug-2021 04:30:00,180.1,4.03
12-Aug-2021 04:40:00,182.5,4.42
12-Aug-2021 04:50:00,182.8,4.23
12-Aug-2021 05:00:00,181.6,5.02
12-Aug-2021 05:10:00,182.5,4.62
12-Aug-2021 05:20:00,183,4.52
12-Aug-2021 05:30:00,183.5,4.11
12-Aug-2021 05:40:00,184.4,3.24
12-Aug-2021 05:50:00,183.1,3.51
12-Aug-2021 06:00:00,184.6,4.52
12-Aug-2021 06:10:00,183.7,4.1
12-Aug-2021 06:20:00,185.9,4.4
12-Aug-2021 06:30:00,181.4,3.61
12-Aug-2021 06:40:00,185.2,1.86
12-Aug-2021 06:50:00,191.5,2
12-Aug-2021 07:00:00,186.2,2.54
12-Aug-2021 07:10:00,169.6,1.96
12-Aug-2021 07:20:00,182.2,2.8
12-Aug-2021 07:30:00,NaN,NaN
12-Aug-2021 07:40:00,NaN,NaN
12-Aug-2021 07:50:00,NaN,NaN
12-Aug-2021 08:00:00,NaN,NaN
12-Aug-2021 08:10:00,NaN,NaN
12-Aug-2021 08:20:00,NaN,NaN
12-Aug-2021 08:30:00,NaN,NaN
12-Aug-2021 08:40:00,NaN,NaN
12-Aug-2021 08:50:00,NaN,NaN
12-Aug-2021 09:00:00,NaN,NaN
12-Aug-2021 09:10:00,NaN,NaN
12-Aug-2021 09:20:00,140.6,2.76
12-Aug-2021 09:30:00,154.5,3.05
12-Aug-2021 09:40:00,177,2
12-Aug-2021 09:50:00,171.3,2.02
12-Aug-2021 10:00:00,207.7,1.44
12-Aug-2021 10:10:00,193.4,1.52
12-Aug-2021 10:20:00,188.9,2.61
12-Aug-2021 10:30:00,185.4,3.01
12-Aug-2021 10:40:00,188.4,2.62
12-Aug-2021 10:50:00,195.1,2.17
12-Aug-2021 11:00:00,186.3,2.9
12-Aug-2021 11:10:00,191.6,1.82
12-Aug-2021 11:20:00,195.8,2.56
12-Aug-2021 11:30:00,184.7,2.73
12-Aug-2021 11:40:00,180.6,2.53
12-Aug-2021 11:50:00,176.5,2.64
12-Aug-2021 12:00:00,194.5,3
12-Aug-2021 12:10:00,190.2,3.34
12-Aug-2021 12:20:00,220.8,4.53
12-Aug-2021 12:30:00,205,4.48
12-Aug-2021 12:40:00,191.2,3.66
12-Aug-2021 12:50:00,210.3,5.07
12-Aug-2021 13:00:00,209.7,5.57
12-Aug-2021 13:10:00,194.3,4.77
12-Aug-2021 13:20:00,186.9,4.92
12-Aug-2021 13:30:00,202.2,3.59
12-Aug-2021 13:40:00,178.8,1.89
12-Aug-2021 13:50:00,194.1,3.13
12-Aug-2021 14:00:00,221.8,1.62
12-Aug-2021 14:10:00,187.5,2.99
12-Aug-2021 14:20:00,175,2.05
12-Aug-2021 14:30:00,169.3,2.11
12-Aug-2021 14:40:00,231.2,2.67
12-Aug-2021 14:50:00,193.4,2.54
12-Aug-2021 15:00:00,242.7,2.08
12-Aug-2021 15:10:00,215.7,1.67
12-Aug-2021 15:20:00,264.4,1.97
12-Aug-2021 15:30:00,204,1.94
12-Aug-2021 15:40:00,254.7,2.97
12-Aug-2021 15:50:00,213.9,2.36
12-Aug-2021 16:00:00,173,1.78
12-Aug-2021 16:10:00,269.5,1.82
12-Aug-2021 16:20:00,248.8,2.22
12-Aug-2021 16:30:00,222.4,1.77
12-Aug-2021 16:40:00,292.3,2
12-Aug-2021 16:50:00,224.5,1.36
12-Aug-2021 17:00:00,205.1,1.72
12-Aug-2021 17:10:00,200,1.46
12-Aug-2021 17:20:00,196,1.58
12-Aug-2021 17:30:00,190.8,1.51
12-Aug-2021 17:40:00,193.4,1.52
12-Aug-2021 17:50:00,202.9,1.43
12-Aug-2021 18:00:00,203.5,1.75
12-Aug-2021 18:10:00,195,1.73
12-Aug-2021 18:20:00,191.9,1.33
12-Aug-2021 18:30:00,189.4,1.35
12-Aug-2021 18:40:00,192.6,1.07
12-Aug-2021 18:50:00,214,1.39
12-Aug-2021 19:00:00,199.7,0.93
12-Aug-2021 19:10:00,216.8,0.96
12-Aug-2021 19:20:00,204.9,1.21
12-Aug-2021 19:30:00,186.4,1
12-Aug-2021 19:40:00,181.6,0.84
12-Aug-2021 19:50:00,220.7,1.16
12-Aug-2021 20:00:00,191.6,1.09
12-Aug-2021 20:10:00,188.6,1.07
12-Aug-2021 20:20:00,185.5,1.13
12-Aug-2021 20:30:00,198,1.07
12-Aug-2021 20:40:00,280.9,1.74
12-Aug-2021 20:50:00,274.6,1.59
12-Aug-2021 21:00:00,250.5,1.39
12-Aug-2021 21:10:00,302.3,2.1
12-Aug-2021 21:20:00,302,1.86
12-Aug-2021 21:30:00,331.4,2.45
12-Aug-2021 21:40:00,332.7,2.74
12-Aug-2021 21:50:00,323,2.61
12-Aug-2021 22:00:00,333.3,1.87
12-Aug-2021 22:10:00,343.4,1.3
12-Aug-2021 22:20:00,299.3,1
12-Aug-2021 22:30:00,5.5,0.9
12-Aug-2021 22:40:00,89.9,0.93
12-Aug-2021 22:50:00,60.1,1.08
12-Aug-2021 23:00:00,28.3,1
12-Aug-2021 23:10:00,342.7,1.46
12-Aug-2021 23:20:00,343.8,1.67
12-Aug-2021 23:30:00,1.1,1.22
12-Aug-2021 23:40:00,49.7,1.18
12-Aug-2021 23:50:00,33,1.61
13-Aug-2021 00:00:00,46.2,2.64
13-Aug-2021 00:10:00,55.7,1.78
13-Aug-2021 00:20:00,59.4,1.23
13-Aug-2021 00:30:00,77.5,1.43
13-Aug-2021 00:40:00,85.5,1.08
13-Aug-2021 00:50:00,124,0.79
13-Aug-2021 01:00:00,134.3,0.89
13-Aug-2021 01:10:00,153.6,1.03
13-Aug-2021 01:20:00,146.7,0.93
13-Aug-2021 01:30:00,146.7,0.82
13-Aug-2021 01:40:00,169.2,0.43
13-Aug-2021 01:50:00,170.4,0.65
13-Aug-2021 02:00:00,187.1,0.87
13-Aug-2021 02:10:00,179.3,1.52
13-Aug-2021 02:20:00,200.9,2.49
13-Aug-2021 02:30:00,183.1,1.57
13-Aug-2021 02:40:00,184.9,1.81
13-Aug-2021 02:50:00,195.7,2.92
13-Aug-2021 03:00:00,194.4,3.1
13-Aug-2021 03:10:00,198.8,3.1
13-Aug-2021 03:20:00,200.5,3.12
13-Aug-2021 03:30:00,179.4,2.34
13-Aug-2021 03:40:00,174.9,2.44
13-Aug-2021 03:50:00,173,2.53
13-Aug-2021 04:00:00,175.5,2.07
13-Aug-2021 04:10:00,179.9,2.2
13-Aug-2021 04:20:00,177.1,2.96
13-Aug-2021 04:30:00,188.7,3.82
13-Aug-2021 04:40:00,202.7,4.32
13-Aug-2021 04:50:00,193,4.4
13-Aug-2021 05:00:00,188.9,4.52
13-Aug-2021 05:10:00,200.3,5.33
13-Aug-2021 05:20:00,209.2,4.92
13-Aug-2021 05:30:00,226.9,4.15
13-Aug-2021 05:40:00,222.4,4.23
13-Aug-2021 05:50:00,220.7,4.24
13-Aug-2021 06:00:00,216.8,4.07
13-Aug-2021 06:10:00,218.3,3.82
13-Aug-2021 06:20:00,216.1,4.25
13-Aug-2021 06:30:00,211.2,4
13-Aug-2021 06:40:00,220.5,3.23
13-Aug-2021 06:50:00,244.6,2.25
13-Aug-2021 07:00:00,243.9,3.96
13-Aug-2021 07:10:00,255.6,4.08
13-Aug-2021 07:20:00,242.4,2.64
13-Aug-2021 07:30:00,247.8,2.88
13-Aug-2021 07:40:00,251.3,2.14
13-Aug-2021 07:50:00,248.5,2.21
13-Aug-2021 08:00:00,270.5,2.18
13-Aug-2021 08:10:00,282.4,1.93
13-Aug-2021 08:20:00,298.4,1.72
13-Aug-2021 08:30:00,237,2.11
13-Aug-2021 08:40:00,258.5,2.48
13-Aug-2021 08:50:00,262.7,2.32
13-Aug-2021 09:00:00,268.6,2.51
13-Aug-2021 09:10:00,228.1,2.66
13-Aug-2021 09:20:00,228.8,1.77
13-Aug-2021 09:30:00,231,1.86
13-Aug-2021 09:40:00,240.7,1.92
13-Aug-2021 09:50:00,240.7,2
13-Aug-2021 10:00:00,250.8,2.77
13-Aug-2021 10:10:00,282.5,1.94
13-Aug-2021 10:20:00,248.7,2.1
13-Aug-2021 10:30:00,235.3,1.44
13-Aug-2021 10:40:00,233.1,2.32
13-Aug-2021 10:50:00,232.7,2.78
13-Aug-2021 11:00:00,278.5,2.76
13-Aug-2021 11:10:00,232.8,1.75
13-Aug-2021 11:20:00,234.6,2.88
13-Aug-2021 11:30:00,244.5,4.14
13-Aug-2021 11:40:00,243,3.55
13-Aug-2021 11:50:00,241.5,1.74
13-Aug-2021 12:00:00,276.1,2.54
13-Aug-2021 12:10:00,230.1,2.74
13-Aug-2021 12:20:00,247.4,1.57
13-Aug-2021 12:30:00,250.4,3.37
13-Aug-2021 12:40:00,250.1,2.67
13-Aug-2021 12:50:00,270.1,2.62
13-Aug-2021 13:00:00,164,2.79
13-Aug-2021 13:10:00,236.8,3.33
13-Aug-2021 13:20:00,67.7,2.52
13-Aug-2021 13:30:00,257.8,2.88
13-Aug-2021 13:40:00,233.9,2.34
13-Aug-2021 13:50:00,219.8,2.09
13-Aug-2021 14:00:00,331.1,2.46
13-Aug-2021 14:10:00,186.2,2.25
13-Aug-2021 14:20:00,218.2,2.46
13-Aug-2021 14:30:00,201.5,2.47
13-Aug-2021 14:40:00,223.7,2.75
13-Aug-2021 14:50:00,242.6,2.62
13-Aug-2021 15:00:00,208.2,2.97
13-Aug-2021 15:10:00,237.7,2.96
13-Aug-2021 15:20:00,244.5,3.35
13-Aug-2021 15:30:00,255.6,3.59
13-Aug-2021 15:40:00,163.8,2.28
13-Aug-2021 15:50:00,206.9,2.53
13-Aug-2021 16:00:00,206.4,3.09
13-Aug-2021 16:10:00,200.6,3.51
13-Aug-2021 16:20:00,246.8,4.52
13-Aug-2021 16:30:00,212.2,3.95
13-Aug-2021 16:40:00,190.7,3.17
13-Aug-2021 16:50:00,203.9,2.87
13-Aug-2021 17:00:00,196.3,3.42
13-Aug-2021 17:10:00,222.8,3.28
13-Aug-2021 17:20:00,205.8,3.7
13-Aug-2021 17:30:00,181.5,3.09
13-Aug-2021 17:40:00,196.4,2.87
13-Aug-2021 17:50:00,197.3,2.76
13-Aug-2021 18:00:00,207.5,3.04
13-Aug-2021 18:10:00,204.1,2.79
13-Aug-2021 18:20:00,207,2.3
13-Aug-2021 18:30:00,287.3,3.45
13-Aug-2021 18:40:00,307.3,5.03
13-Aug-2021 18:50:00,272.3,2.64
13-Aug-2021 19:00:00,224.7,2.7
13-Aug-2021 19:10:00,272.9,3.62
13-Aug-2021 19:20:00,220.8,2.12
13-Aug-2021 19:30:00,238.9,2.4
13-Aug-2021 19:40:00,191.3,2.34
13-Aug-2021 19:50:00,199.8,2.09
13-Aug-2021 20:00:00,241.2,1.73
13-Aug-2021 20:10:00,212.7,2.03
13-Aug-2021 20:20:00,194.8,2.11
13-Aug-2021 20:30:00,248.7,3.11
13-Aug-2021 20:40:00,222.1,2.38
13-Aug-2021 20:50:00,214,2.29
13-Aug-2021 21:00:00,196.4,2.09
13-Aug-2021 21:10:00,215.1,1.96
13-Aug-2021 21:20:00,201.1,2.04
13-Aug-2021 21:30:00,207.7,2.04
13-Aug-2021 21:40:00,237.2,1.93
13-Aug-2021 21:50:00,227.7,1.75
13-Aug-2021 22:00:00,221.6,1.99
13-Aug-2021 22:10:00,244.9,2.45
13-Aug-2021 22:20:00,215.4,1.96
13-Aug-2021 22:30:00,231.8,2.26
13-Aug-2021 22:40:00,204.5,2.24
13-Aug-2021 22:50:00,238.5,2.25
13-Aug-2021 23:00:00,176.1,1.77
13-Aug-2021 23:10:00,192.3,1.58
13-Aug-2021 23:20:00,188.4,1.56
13-Aug-2021 23:30:00,213.6,1.9
13-Aug-2021 23:40:00,195.5,1.58
13-Aug-2021 23:50:00,221.7,1.81
14-Aug-2021 00:00:00,194.3,1.65
14-Aug-2021 00:10:00,196.6,1.68
14-Aug-2021 00:20:00,186.7,1.35
14-Aug-2021 00:30:00,270.4,1.36
14-Aug-2021 00:40:00,208.6,1.69
14-Aug-2021 00:50:00,251.1,1.55
14-Aug-2021 01:00:00,185,0.96
14-Aug-2021 01:10:00,242.2,1.38
14-Aug-2021 01:20:00,245,1.29
14-Aug-2021 01:30:00,273.1,1.46
14-Aug-2021 01:40:00,301.8,1.61
14-Aug-2021 01:50:00,295,1.99
14-Aug-2021 02:00:00,308.6,1.37
14-Aug-2021 02:10:00,267.9,1.97
14-Aug-2021 02:20:00,288.7,1.51
14-Aug-2021 02:30:00,312,1.42
14-Aug-2021 02:40:00,280.1,2.06
14-Aug-2021 02:50:00,272.7,1.88
14-Aug-2021 03:00:00,300.9,1.62
14-Aug-2021 03:10:00,280.4,2.13
14-Aug-2021 03:20:00,271.4,2.49
14-Aug-2021 03:30:00,284,2.24
14-Aug-2021 03:40:00,279,2.74
14-Aug-2021 03:50:00,267.8,2.48
14-Aug-2021 04:00:00,259.2,2.28
14-Aug-2021 04:10:00,259.8,3.75
14-Aug-2021 04:20:00,250.6,4.07
14-Aug-2021 04:30:00,267.1,3.6
14-Aug-2021 04:40:00,257.3,4.22
14-Aug-2021 04:50:00,253.1,4.19
14-Aug-2021 05:00:00,260.3,3.6
14-Aug-2021 05:10:00,277.1,2.24
14-Aug-2021 05:20:00,256.4,3.93
14-Aug-2021 05:30:00,267.9,3.85
14-Aug-2021 05:40:00,244.2,4.4
14-Aug-2021 05:50:00,271.6,4.01
14-Aug-2021 06:00:00,268.7,3.15
14-Aug-2021 06:10:00,263.1,3.4
14-Aug-2021 06:20:00,258,5.23
14-Aug-2021 06:30:00,268.5,4.27
14-Aug-2021 06:40:00,268.6,3.29
14-Aug-2021 06:50:00,252.2,3.78
14-Aug-2021 07:00:00,265.3,3.35
14-Aug-2021 07:10:00,266.3,2.48
14-Aug-2021 07:20:00,236.5,3.4
14-Aug-2021 07:30:00,301.1,3.02
14-Aug-2021 07:40:00,277.5,2.97
14-Aug-2021 07:50:00,270.9,4.13
14-Aug-2021 08:00:00,261.9,3.88
14-Aug-2021 08:10:00,254.8,3.97
14-Aug-2021 08:20:00,4.8,2.13
14-Aug-2021 08:30:00,275,3.83
14-Aug-2021 08:40:00,326.9,2.57
14-Aug-2021 08:50:00,285.3,4.25
14-Aug-2021 09:00:00,243,4.6
14-Aug-2021 09:10:00,256.8,4.29
14-Aug-2021 09:20:00,255.4,6.31
14-Aug-2021 09:30:00,262.4,3.95
14-Aug-2021 09:40:00,285.7,3.68
14-Aug-2021 09:50:00,246.3,3.28
14-Aug-2021 10:00:00,251.2,5.36
14-Aug-2021 10:10:00,255.3,4.68
14-Aug-2021 10:20:00,257.6,4.78
14-Aug-2021 10:30:00,261.5,3.1
14-Aug-2021 10:40:00,261.5,4.4
14-Aug-2021 10:50:00,271.3,4.33
14-Aug-2021 11:00:00,261.9,3.36
14-Aug-2021 11:10:00,268.1,4.38
14-Aug-2021 11:20:00,276.9,2.96
14-Aug-2021 11:30:00,263.3,4.76
14-Aug-2021 11:40:00,350.6,3.2
14-Aug-2021 11:50:00,272.1,3.53
14-Aug-2021 12:00:00,254.2,4.64
14-Aug-2021 12:10:00,126.8,2.47
14-Aug-2021 12:20:00,219.7,3.4
14-Aug-2021 12:30:00,293.1,3.5
14-Aug-2021 12:40:00,256.8,3.71
14-Aug-2021 12:50:00,223.7,3.65
14-Aug-2021 13:00:00,214.4,3.52
14-Aug-2021 13:10:00,245.2,2.49
14-Aug-2021 13:20:00,218.7,3.03
14-Aug-2021 13:30:00,194.5,2.79
14-Aug-2021 13:40:00,238.8,2.45
14-Aug-2021 13:50:00,215.9,3.01
14-Aug-2021 14:00:00,208,2.92
14-Aug-2021 14:10:00,220.7,2.62
14-Aug-2021 14:20:00,226.6,2.65
14-Aug-2021 14:30:00,348.8,2.51
14-Aug-2021 14:40:00,202.5,2.65
14-Aug-2021 14:50:00,237.1,2.35
14-Aug-2021 15:00:00,255.9,2.52
14-Aug-2021 15:10:00,277,3.07
14-Aug-2021 15:20:00,208.5,2.6
14-Aug-2021 15:30:00,221.2,2.35
14-Aug-2021 15:40:00,230.2,2.14
14-Aug-2021 15:50:00,214.5,3.45
14-Aug-2021 16:00:00,202,3.03
14-Aug-2021 16:10:00,263.7,4.04
14-Aug-2021 16:20:00,241.4,2.92
14-Aug-2021 16:30:00,227.1,2.75
14-Aug-2021 16:40:00,220.3,2.81
14-Aug-2021 16:50:00,223.2,2.77
14-Aug-2021 17:00:00,256.4,3.27
14-Aug-2021 17:10:00,208.4,3.67
14-Aug-2021 17:20:00,234.8,3.07
14-Aug-2021 17:30:00,208,2.81
14-Aug-2021 17:40:00,223.3,2.55
14-Aug-2021 17:50:00,242.2,2.36
14-Aug-2021 18:00:00,212.4,3.15
14-Aug-2021 18:10:00,262.8,3.61
14-Aug-2021 18:20:00,302.8,4.82
14-Aug-2021 18:30:00,227.7,3.31
14-Aug-2021 18:40:00,234.9,2.8
14-Aug-2021 18:50:00,235,2.64
14-Aug-2021 19:00:00,244,3.09
14-Aug-2021 19:10:00,270.1,3.99
14-Aug-2021 19:20:00,199.5,2.09
14-Aug-2021 19:30:00,240.3,3.12
14-Aug-2021 19:40:00,216.1,2.53
14-Aug-2021 19:50:00,197.9,1.99
14-Aug-2021 20:00:00,174.6,1.8
14-Aug-2021 20:10:00,206.7,2.12
14-Aug-2021 20:20:00,204.8,1.75
14-Aug-2021 20:30:00,191.6,1.96
14-Aug-2021 20:40:00,213.2,2.16
14-Aug-2021 20:50:00,224.9,1.94
14-Aug-2021 21:00:00,223.1,2.09
14-Aug-2021 21:10:00,202.4,1.65
14-Aug-2021 21:20:00,222.6,2.16
14-Aug-2021 21:30:00,191.3,1.5
14-Aug-2021 21:40:00,215.4,1.69
14-Aug-2021 21:50:00,215.8,1.93
14-Aug-2021 22:00:00,205.8,1.89
14-Aug-2021 22:10:00,217.3,1.27
14-Aug-2021 22:20:00,192,1.44
14-Aug-2021 22:30:00,170.6,1.4
14-Aug-2021 22:40:00,202.9,1.33
14-Aug-2021 22:50:00,210.5,1.7
14-Aug-2021 23:00:00,230,1.87
14-Aug-2021 23:10:00,246.1,2.01
14-Aug-2021 23:20:00,191.6,1.38
14-Aug-2021 23:30:00,188.8,1.62
14-Aug-2021 23:40:00,217,1.98
14-Aug-2021 23:50:00,222.8,1.67
15-Aug-2021 00:00:00,250.4,2.03
15-Aug-2021 00:10:00,11.8,1.58
15-Aug-2021 00:20:00,204.3,1.58
15-Aug-2021 00:30:00,248.2,1.79
15-Aug-2021 00:40:00,287.1,1.59
15-Aug-2021 00:50:00,243.4,1.57
15-Aug-2021 01:00:00,0.3,1.27
15-Aug-2021 01:10:00,243.1,2.03
15-Aug-2021 01:20:00,268.3,1.54
15-Aug-2021 01:30:00,231,1.9
15-Aug-2021 01:40:00,258.5,2.36
15-Aug-2021 01:50:00,266.9,2.79
15-Aug-2021 02:00:00,286.8,2.28
15-Aug-2021 02:10:00,319.2,2.05
15-Aug-2021 02:20:00,304.1,2.11
15-Aug-2021 02:30:00,257.9,1.76
15-Aug-2021 02:40:00,278.9,2.6
15-Aug-2021 02:50:00,261.1,1.81
15-Aug-2021 03:00:00,267.9,2.27
15-Aug-2021 03:10:00,273.9,2.7
15-Aug-2021 03:20:00,254.8,2.33
15-Aug-2021 03:30:00,198.5,1.66
15-Aug-2021 03:40:00,187,1.19
15-Aug-2021 03:50:00,188.4,1.13
15-Aug-2021 04:00:00,206.1,1.02
15-Aug-2021 04:10:00,205.8,1.34
15-Aug-2021 04:20:00,203,1.29
15-Aug-2021 04:30:00,199.5,1.7
15-Aug-2021 04:40:00,189.5,1.11
15-Aug-2021 04:50:00,260.2,1.2
15-Aug-2021 05:00:00,206.8,1.54
15-Aug-2021 05:10:00,239.2,2.24
15-Aug-2021 05:20:00,276.1,1.05
15-Aug-2021 05:30:00,229.9,1.32
15-Aug-2021 05:40:00,212.4,1.17
15-Aug-2021 05:50:00,225.5,1.4
15-Aug-2021 06:00:00,264.4,1.88
15-Aug-2021 06:10:00,238.9,2.48
15-Aug-2021 06:20:00,295.4,2.02
15-Aug-2021 06:30:00,231,1.56
15-Aug-2021 06:40:00,252.5,1.08
15-Aug-2021 06:50:00,227.1,1.08
15-Aug-2021 07:00:00,229.2,0.96
15-Aug-2021 07:10:00,196.3,1.35
15-Aug-2021 07:20:00,199.5,1.13
15-Aug-2021 07:30:00,233.8,1.02
15-Aug-2021 07:40:00,200.9,0.75
15-Aug-2021 07:50:00,250.3,0.81
15-Aug-2021 08:00:00,242.7,0.76
15-Aug-2021 08:10:00,252,0.78
15-Aug-2021 08:20:00,236.8,0.72
15-Aug-2021 08:30:00,253.7,0.86
15-Aug-2021 08:40:00,297.5,0.54
15-Aug-2021 08:50:00,322,0.78
15-Aug-2021 09:00:00,322.7,0.41
15-Aug-2021 09:10:00,23.7,0.38
15-Aug-2021 09:20:00,347,0.71
15-Aug-2021 09:30:00,24.9,0.59
15-Aug-2021 09:40:00,214.1,0.48
15-Aug-2021 09:50:00,237.6,1.15
15-Aug-2021 10:00:00,249.6,0.76
15-Aug-2021 10:10:00,236,1.38
15-Aug-2021 10:20:00,215.9,2.49
15-Aug-2021 10:30:00,199.8,2.87
15-Aug-2021 10:40:00,207.7,2.77
15-Aug-2021 10:50:00,234.8,2.44
15-Aug-2021 11:00:00,263.1,1.81
15-Aug-2021 11:10:00,234.6,1
15-Aug-2021 11:20:00,248.9,1.01
15-Aug-2021 11:30:00,226.5,0.96
15-Aug-2021 11:40:00,227.1,0.87
15-Aug-2021 11:50:00,272.7,0.8
15-Aug-2021 12:00:00,249.6,0.7
15-Aug-2021 12:10:00,318.8,0.77
15-Aug-2021 12:20:00,219.4,1.3
15-Aug-2021 12:30:00,132.7,0.84
15-Aug-2021 12:40:00,234.2,0.91
15-Aug-2021 12:50:00,245.6,0.96
15-Aug-2021 13:00:00,197.2,1.38
15-Aug-2021 13:10:00,223.9,0.94
15-Aug-2021 13:20:00,214.5,0.89
15-Aug-2021 13:30:00,179.7,0.61
15-Aug-2021 13:40:00,185.6,1.06
15-Aug-2021 13:50:00,239.6,1.65
15-Aug-2021 14:00:00,240.8,0.98
15-Aug-2021 14:10:00,283.3,1.53
15-Aug-2021 14:20:00,250.8,0.98
15-Aug-2021 14:30:00,129.3,1.13
15-Aug-2021 14:40:00,212,1.83
15-Aug-2021 14:50:00,184.8,2.33
15-Aug-2021 15:00:00,196.2,1.43
15-Aug-2021 15:10:00,197.3,0.88
15-Aug-2021 15:20:00,214,1.51
15-Aug-2021 15:30:00,197.6,1.74
15-Aug-2021 15:40:00,232.8,1.65
15-Aug-2021 15:50:00,136.9,0.86
15-Aug-2021 16:00:00,183.2,2.04
15-Aug-2021 16:10:00,228.8,2.51
15-Aug-2021 16:20:00,253.3,3.05
15-Aug-2021 16:30:00,250.1,2.86
15-Aug-2021 16:40:00,235.4,5.48
15-Aug-2021 16:50:00,224.9,6.09
15-Aug-2021 17:00:00,253.5,3.99
15-Aug-2021 17:10:00,236.7,4.69
15-Aug-2021 17:20:00,242.1,4.7
15-Aug-2021 17:30:00,236.9,5.6
15-Aug-2021 17:40:00,244.4,3.02
15-Aug-2021 17:50:00,269.9,2.41
15-Aug-2021 18:00:00,290.7,2.1
15-Aug-2021 18:10:00,271.3,4.14
15-Aug-2021 18:20:00,268.9,2.12
15-Aug-2021 18:30:00,261.3,3.04
15-Aug-2021 18:40:00,255.2,4.73
15-Aug-2021 18:50:00,253.6,4.84
15-Aug-2021 19:00:00,263.4,4.01
15-Aug-2021 19:10:00,238.4,5.96
15-Aug-2021 19:20:00,237,6.2
15-Aug-2021 19:30:00,241.1,5.78
15-Aug-2021 19:40:00,258,4.78
15-Aug-2021 19:50:00,262.7,3.83
15-Aug-2021 20:00:00,261.3,3.64
15-Aug-2021 20:10:00,267.1,4.45
15-Aug-2021 20:20:00,277.5,3.28
15-Aug-2021 20:30:00,279.9,4.34
15-Aug-2021 20:40:00,292.8,3.83
15-Aug-2021 20:50:00,245.2,4.15
15-Aug-2021 21:00:00,254.1,4.32
15-Aug-2021 21:10:00,252.2,3.6
15-Aug-2021 21:20:00,274,3.73
15-Aug-2021 21:30:00,244.2,2.65
15-Aug-2021 21:40:00,249,2.31
15-Aug-2021 21:50:00,222.9,2.17
15-Aug-2021 22:00:00,229.1,1.66
15-Aug-2021 22:10:00,195,1.1
15-Aug-2021 22:20:00,192.6,0.88
15-Aug-2021 22:30:00,189.5,1.05
15-Aug-2021 22:40:00,194.5,1.16
15-Aug-2021 22:50:00,161.3,0.74
15-Aug-2021 23:00:00,204.1,0.78
15-Aug-2021 23:10:00,179.5,0.96
15-Aug-2021 23:20:00,250.2,1.5
15-Aug-2021 23:30:00,271.1,1.35
15-Aug-2021 23:40:00,205.3,1.8
15-Aug-2021 23:50:00,208.3,1.64
