UTC;Direction50m;Speed50m;Direction110m;Speed110m
01-08-2021 00:00:00;256.98;5.6;267.31;7.41
01-08-2021 00:10:00;252;4.92;262.85;6.44
01-08-2021 00:20:00;246.23;5.77;261.3;7.48
01-08-2021 00:30:00;251.46;5.65;261.01;7.75
01-08-2021 00:40:00;252.28;5.81;263.23;7.31
01-08-2021 00:50:00;252.33;5.01;264.9;6.42
01-08-2021 01:00:00;251.68;5.09;260.42;6.67
01-08-2021 01:10:00;252.37;5.2;263.59;6.39
01-08-2021 01:20:00;248.91;6.34;262.05;7.76
01-08-2021 01:30:00;247.85;5.11;261.35;6.73
01-08-2021 01:40:00;243.26;6.28;256.95;7.59
01-08-2021 01:50:00;244.54;4.53;254.56;6.05
01-08-2021 02:00:00;236.92;4.24;252.41;6.23
01-08-2021 02:10:00;241.93;4.88;255.43;6.6
01-08-2021 02:20:00;246.02;5.03;258.83;7
01-08-2021 02:30:00;248.98;5.65;260.49;7.43
01-08-2021 02:40:00;245.78;5.65;259.94;6.91
01-08-2021 02:50:00;237.1;4.86;249.72;6.38
01-08-2021 03:00:00;236.76;3.99;249.93;5.86
01-08-2021 03:10:00;244.17;5.51;255.27;6.81
01-08-2021 03:20:00;243.07;4.28;258.18;5.74
01-08-2021 03:30:00;242.29;4.38;256.58;5.88
01-08-2021 03:40:00;244.68;4.57;254.46;5.96
01-08-2021 03:50:00;243.95;4.75;255.27;6.49
01-08-2021 04:00:00;244.16;4.8;256.35;6.31
01-08-2021 04:10:00;244.87;5.27;258.78;6.77
01-08-2021 04:20:00;249.01;5.24;258.04;6.6
01-08-2021 04:30:00;250.22;5.73;261.92;7.38
01-08-2021 04:40:00;250.87;5.44;263.23;7.12
01-08-2021 04:50:00;264.07;5.56;275.5;7.29
01-08-2021 05:00:00;276.05;6;285.01;8.19
01-08-2021 05:10:00;273.54;5.42;285.25;6.93
01-08-2021 05:20:00;265.38;4.24;278.18;5.65
01-08-2021 05:30:00;254.06;4.56;271;5.78
01-08-2021 05:40:00;250.39;4.66;262.97;6.33
01-08-2021 05:50:00;253.18;4.94;267.93;6.06
01-08-2021 06:00:00;247.38;4.89;262.46;6.16
01-08-2021 06:10:00;242.4;4.48;256.88;5.69
01-08-2021 06:20:00;250.91;4.59;259.72;6.1
01-08-2021 06:30:00;254.25;5.36;264.04;6.13
01-08-2021 06:40:00;246.66;3.76;260.85;4.95
01-08-2021 06:50:00;238.52;3.68;254.19;4.32
01-08-2021 07:00:00;240.43;3.11;250.7;3.82
01-08-2021 07:10:00;238.19;3.02;256.09;3.99
01-08-2021 07:20:00;248.17;3.65;261.56;4.41
01-08-2021 07:30:00;249.42;4.57;259.63;5.66
01-08-2021 07:40:00;245.03;4.73;259.23;5.3
01-08-2021 07:50:00;247.37;4.62;258.23;5.41
01-08-2021 08:00:00;243.34;4.62;256;5.33
01-08-2021 08:10:00;229.01;3.49;244.92;4.55
01-08-2021 08:20:00;229.04;4.25;241.03;4.93
01-08-2021 08:30:00;233.77;4.13;245.96;4.85
01-08-2021 08:40:00;231.95;3.65;245.29;4.52
01-08-2021 08:50:00;239.28;3.71;248.15;4.54
01-08-2021 09:00:00;240.79;4.65;252.22;5.93
01-08-2021 09:10:00;238.82;4.9;251.08;5.5
01-08-2021 09:20:00;242.3;4.4;252.46;4.65
01-08-2021 09:30:00;235.7;4.68;245.47;5.25
01-08-2021 09:40:00;238.76;4.76;250.05;5.57
01-08-2021 09:50:00;236.25;4.46;249.23;5.12
01-08-2021 10:00:00;249.61;5.08;256.25;5.28
01-08-2021 10:10:00;244.78;4.32;253.61;4.97
01-08-2021 10:20:00;245.44;4.02;258.82;4.9
01-08-2021 10:30:00;237.42;3.25;248.21;3.67
01-08-2021 10:40:00;239.19;3.34;256.88;3.87
01-08-2021 10:50:00;237.18;4.82;249.6;5.19
01-08-2021 11:00:00;233.21;5.13;244.75;5.56
01-08-2021 11:10:00;237.33;4.44;244.27;4.71
01-08-2021 11:20:00;235.43;5.02;246.5;5.99
01-08-2021 11:30:00;251.03;4.4;258.21;4.94
01-08-2021 11:40:00;237;3.98;253.94;4.4
01-08-2021 11:50:00;233.29;5.79;244.27;6.32
01-08-2021 12:00:00;224.34;5.04;242.07;5.38
01-08-2021 12:10:00;225.47;4.05;244.27;4.17
01-08-2021 12:20:00;229.82;4.25;236.43;4.82
01-08-2021 12:30:00;245.57;4.15;253.99;4.58
01-08-2021 12:40:00;284.05;4.3;293.62;5.46
01-08-2021 12:50:00;304.6;5.55;310.91;6.35
01-08-2021 13:00:00;322.01;5.04;329.1;6.56
01-08-2021 13:10:00;326.73;5.09;330.15;6.55
01-08-2021 13:20:00;327.89;4.69;334.85;5.4
01-08-2021 13:30:00;318.49;3.49;325.46;4.44
01-08-2021 13:40:00;312.35;3.33;315.05;4.04
01-08-2021 13:50:00;305.18;2.6;314.46;3.33
01-08-2021 14:00:00;310.63;2.46;310.33;3.24
01-08-2021 14:10:00;278.69;3.76;291.21;5.48
01-08-2021 14:20:00;291.49;5.67;299.45;6.82
01-08-2021 14:30:00;290.3;5.63;297.45;6.28
01-08-2021 14:40:00;279.15;3.79;292.21;4.3
01-08-2021 14:50:00;278.56;3.7;289.02;4.67
01-08-2021 15:00:00;277.49;3.89;289.79;4.72
01-08-2021 15:10:00;275.28;5.32;285.22;6.09
01-08-2021 15:20:00;275.14;4.41;284.04;5.01
01-08-2021 15:30:00;274.62;4.93;289.79;5.31
01-08-2021 15:40:00;286.52;5.11;293.77;5.78
01-08-2021 15:50:00;280.29;5.62;287.38;6.57
01-08-2021 16:00:00;279.77;5.58;291.68;6.18
01-08-2021 16:10:00;281;4.64;287.45;5.57
01-08-2021 16:20:00;268.58;4.82;284.87;6.13
01-08-2021 16:30:00;280.99;6.25;288.99;6.72
01-08-2021 16:40:00;275.33;5.53;288.3;6.29
01-08-2021 16:50:00;274.67;4.79;286.73;5.11
01-08-2021 17:00:00;279.51;4.58;289.98;5.44
01-08-2021 17:10:00;291.69;5.76;296.29;5.88
01-08-2021 17:20:00;297.38;5.69;306.43;6.41
01-08-2021 17:30:00;305.29;5.83;312.31;6.98
01-08-2021 17:40:00;288.51;6.76;300.55;7.9
01-08-2021 17:50:00;296.7;7.37;304.93;8.45
01-08-2021 18:00:00;299.85;6.62;304.82;7.6
01-08-2021 18:10:00;301.19;7.25;309.47;8.63
01-08-2021 18:20:00;289.52;6.45;298.14;8.29
01-08-2021 18:30:00;292.95;7.05;303.18;8.61
01-08-2021 18:40:00;288.29;7.09;298.53;8.21
01-08-2021 18:50:00;300.84;6.67;310.65;7.64
01-08-2021 19:00:00;313.52;6.41;317.81;7.4
01-08-2021 19:10:00;307.3;6.29;312.98;7.09
01-08-2021 19:20:00;302.11;6.82;305.97;7.63
01-08-2021 19:30:00;292.29;6.05;301.3;6.84
01-08-2021 19:40:00;287.17;5.93;298.8;7.17
01-08-2021 19:50:00;294.75;5.74;301.01;6.92
01-08-2021 20:00:00;296.18;6.01;302.77;7.09
01-08-2021 20:10:00;288.88;4.79;297.61;6.06
01-08-2021 20:20:00;291.97;6.88;300.51;8.01
01-08-2021 20:30:00;294.56;6.29;301.75;7.31
01-08-2021 20:40:00;294.21;5.98;303.35;7.49
01-08-2021 20:50:00;291.5;5.42;298.67;6.93
01-08-2021 21:00:00;288.99;5.36;293.78;6.5
01-08-2021 21:10:00;287.7;4.67;294.82;5.94
01-08-2021 21:20:00;283.91;4.53;292.22;5.69
01-08-2021 21:30:00;284.45;4.51;292.33;5.48
01-08-2021 21:40:00;289.64;4.87;296.98;6.18
01-08-2021 21:50:00;286.2;4.32;294.68;6.16
01-08-2021 22:00:00;285.46;4.65;295.8;5.8
01-08-2021 22:10:00;286.43;4.17;291.69;5.26
01-08-2021 22:20:00;277.67;4.68;287.18;5.91
01-08-2021 22:30:00;264.07;4.2;278.63;5.33
01-08-2021 22:40:00;259.43;3.2;277.67;4.24
01-08-2021 22:50:00;260.5;2.99;283.71;4.43
01-08-2021 23:00:00;271.46;4.24;283.92;5.69
01-08-2021 23:10:00;266.23;4.06;280.52;5.4
01-08-2021 23:20:00;266.88;3.98;283.41;5.45
01-08-2021 23:30:00;261.44;4.07;277.66;5.83
01-08-2021 23:40:00;254.22;3.61;278.72;5.14
01-08-2021 23:50:00;251.51;4.03;273.85;5.07
02-08-2021 00:00:00;253.41;4.2;275.64;5.16
02-08-2021 00:10:00;260.28;3.99;276.68;5.76
02-08-2021 00:20:00;264.16;3.61;274.65;6.13
02-08-2021 00:30:00;257.73;3.82;274.06;5.39
02-08-2021 00:40:00;263.1;3.47;275.66;5.79
02-08-2021 00:50:00;261.66;3.43;274.15;5.64
02-08-2021 01:00:00;252;3.84;271.95;4.88
02-08-2021 01:10:00;253.48;4.17;271.5;5.01
02-08-2021 01:20:00;252.27;4.13;271.27;5.14
02-08-2021 01:30:00;252.89;4.61;271.84;5.98
02-08-2021 01:40:00;263.86;4.07;276.35;5.85
02-08-2021 01:50:00;263.8;4.65;275.48;6.52
02-08-2021 02:00:00;265.12;4.6;274.39;6.4
02-08-2021 02:10:00;259.8;3.73;274.2;5.5
02-08-2021 02:20:00;259.57;4.04;272.86;5.61
02-08-2021 02:30:00;253.92;4.34;269.77;5.39
02-08-2021 02:40:00;256.46;4.23;272.12;5.06
02-08-2021 02:50:00;255.02;4.11;272.41;5.82
02-08-2021 03:00:00;259.76;4.26;274.31;5.88
02-08-2021 03:10:00;255.96;4.13;272.44;5.68
02-08-2021 03:20:00;257.29;4.18;274.39;6.14
02-08-2021 03:30:00;264.12;4.08;273.86;6.77
02-08-2021 03:40:00;258.49;3.98;273.58;6.13
02-08-2021 03:50:00;258.39;4.28;273.34;5.87
02-08-2021 04:00:00;254.79;3.96;271.45;5.55
02-08-2021 04:10:00;256.2;4.28;273.66;6.07
02-08-2021 04:20:00;256.2;4.2;271.32;5.86
02-08-2021 04:30:00;261.61;3.85;273.12;5.9
02-08-2021 04:40:00;261.18;4.16;274.58;6.6
02-08-2021 04:50:00;260.85;4.29;273.43;6.32
02-08-2021 05:00:00;263.13;4.06;275.14;5.61
02-08-2021 05:10:00;254.38;4.09;271.28;5.57
02-08-2021 05:20:00;251.3;4.28;268.46;5.34
02-08-2021 05:30:00;253.23;4.53;267.3;5.78
02-08-2021 05:40:00;248.51;5.48;261.82;6.7
02-08-2021 05:50:00;245.15;4.55;261.31;5.88
02-08-2021 06:00:00;250.57;5.1;263.87;6.79
02-08-2021 06:10:00;253.45;5.06;266.73;6.69
02-08-2021 06:20:00;260.39;5.79;271.08;7.46
02-08-2021 06:30:00;261.26;5.13;272.68;6.76
02-08-2021 06:40:00;255.71;6.11;267.5;7.23
02-08-2021 06:50:00;253.81;5.77;266.82;6.55
02-08-2021 07:00:00;251.37;5.28;271.58;5.59
02-08-2021 07:10:00;257.49;5.24;271.39;6.3
02-08-2021 07:20:00;254.77;4.8;270.41;5.78
02-08-2021 07:30:00;252.99;4.57;268.37;5.84
02-08-2021 07:40:00;252.95;5.96;264.68;6.58
02-08-2021 07:50:00;253.01;6.08;265.89;6.78
02-08-2021 08:00:00;251.85;5.45;260.59;6.49
02-08-2021 08:10:00;252.3;5.65;264.12;6.45
02-08-2021 08:20:00;253.4;6.16;261.05;7.07
02-08-2021 08:30:00;252.38;5.81;264.68;7.19
02-08-2021 08:40:00;254.98;7.16;268.28;7.89
02-08-2021 08:50:00;277.54;7.71;285.03;9.16
02-08-2021 09:00:00;273.98;4.93;281.21;5.88
02-08-2021 09:10:00;265.5;5.61;274.55;7.07
02-08-2021 09:20:00;261.62;5.95;271.82;6.87
02-08-2021 09:30:00;249.13;6.58;260.05;7.72
02-08-2021 09:40:00;256.85;6.51;269.45;7.37
02-08-2021 09:50:00;259.01;5.14;269.05;6.62
02-08-2021 10:00:00;253.7;6.01;268.25;6.74
02-08-2021 10:10:00;260.43;5.36;271.1;6.91
02-08-2021 10:20:00;263.15;5.56;271.21;5.94
02-08-2021 10:30:00;263.01;5.73;267.23;6.4
02-08-2021 10:40:00;249.46;5.45;259.34;6.54
02-08-2021 10:50:00;270.47;5.84;276.15;6.35
02-08-2021 11:00:00;266.94;6.9;273.85;7.99
02-08-2021 11:10:00;257.92;7.11;269.6;7.89
02-08-2021 11:20:00;254.98;7.11;265.88;8.01
02-08-2021 11:30:00;272.22;7.35;279.19;8.38
02-08-2021 11:40:00;266.63;7.55;277.2;9.38
02-08-2021 11:50:00;268.72;8.06;278.71;10.12
02-08-2021 12:00:00;289.52;10.64;297.97;12.4
02-08-2021 12:10:00;283.02;9.37;291.11;11.22
02-08-2021 12:20:00;278.82;7.18;288.27;8.37
02-08-2021 12:30:00;271.36;4.93;279.53;6.12
02-08-2021 12:40:00;265.06;5.85;276.23;6.95
02-08-2021 12:50:00;255.88;5.54;269.47;6.51
02-08-2021 13:00:00;251.12;5.55;265.11;7.34
02-08-2021 13:10:00;251.04;6.49;263.65;7.45
02-08-2021 13:20:00;249.94;5.58;263.81;6.05
02-08-2021 13:30:00;251.36;6.16;261.73;6.8
02-08-2021 13:40:00;244.57;4.78;257.12;5.33
02-08-2021 13:50:00;236.73;4.31;242.98;4.75
02-08-2021 14:00:00;241.14;3.97;252.44;4.24
02-08-2021 14:10:00;252.1;2.89;270.06;2.95
02-08-2021 14:20:00;244.3;3.94;257.8;4.53
02-08-2021 14:30:00;247.22;3.53;266.68;4.35
02-08-2021 14:40:00;252.55;3.82;271.77;5.04
02-08-2021 14:50:00;269.01;4.75;277.42;6.36
02-08-2021 15:00:00;229.54;4.4;247.32;4.73
02-08-2021 15:10:00;236.89;3.73;255.53;4.6
02-08-2021 15:20:00;255.76;4.65;264.98;5.7
02-08-2021 15:30:00;269.2;6.43;277.3;7.4
02-08-2021 15:40:00;266.75;5.61;276.14;6.83
02-08-2021 15:50:00;266.99;4.23;276.79;5.38
02-08-2021 16:00:00;263.54;6.39;272.38;7.63
02-08-2021 16:10:00;286.27;7.49;294.05;8.56
02-08-2021 16:20:00;271.89;6.53;279.51;6.95
02-08-2021 16:30:00;265.75;6.44;276.3;7.15
02-08-2021 16:40:00;255.27;5.78;265.17;6.81
02-08-2021 16:50:00;257.86;5.94;264.58;7.17
02-08-2021 17:00:00;265.49;6.51;271.87;7.68
02-08-2021 17:10:00;260.27;5.48;271.94;7.03
02-08-2021 17:20:00;279.45;6.18;287.96;7.22
02-08-2021 17:30:00;290.25;3.22;292.88;4.47
02-08-2021 17:40:00;288.87;3.52;301.37;4.8
02-08-2021 17:50:00;275.69;3.68;281.55;4.94
02-08-2021 18:00:00;277.47;4.31;289.06;5.6
02-08-2021 18:10:00;291.96;6.16;301.96;7.69
02-08-2021 18:20:00;297.52;6.26;306.61;7.19
02-08-2021 18:30:00;298.32;6.54;304.73;7.83
02-08-2021 18:40:00;295.41;7.47;303.27;8.9
02-08-2021 18:50:00;290.64;5.94;298.99;7.26
02-08-2021 19:00:00;286.63;5.67;291.73;6.58
02-08-2021 19:10:00;286.31;5.71;294.12;6.87
02-08-2021 19:20:00;279.45;5.47;289.08;6.89
02-08-2021 19:30:00;281.11;5.41;292.82;6.57
02-08-2021 19:40:00;282.13;5.9;289.37;7.22
02-08-2021 19:50:00;284.99;3.69;292.64;4.61
02-08-2021 20:00:00;292.48;5.65;299.76;6.75
02-08-2021 20:10:00;292.13;5.91;300.41;6.76
02-08-2021 20:20:00;293.51;4.65;302.86;5.31
02-08-2021 20:30:00;292.36;5.83;300.87;6.58
02-08-2021 20:40:00;293.64;5.47;301.41;6.99
02-08-2021 20:50:00;295.1;5.03;302.02;6.02
02-08-2021 21:00:00;290.17;4.4;301.79;5.58
02-08-2021 21:10:00;290.61;4.09;299.09;5.47
02-08-2021 21:20:00;288.02;4.63;295.14;5.42
02-08-2021 21:30:00;283.15;3.73;291.39;5.11
02-08-2021 21:40:00;283.7;5.3;293.94;6.67
02-08-2021 21:50:00;272.43;3.35;284.16;4.37
02-08-2021 22:00:00;240.86;3.37;264.13;4.06
02-08-2021 22:10:00;249.14;4.01;274.08;5.15
02-08-2021 22:20:00;258.85;3.85;276.67;5.7
02-08-2021 22:30:00;267.33;4.44;279.57;5.72
02-08-2021 22:40:00;266.16;4.18;276.97;5.2
02-08-2021 22:50:00;265.18;3.38;282.76;4.11
02-08-2021 23:00:00;274.16;4.51;282.89;5.29
02-08-2021 23:10:00;268.83;3.33;282.33;4.72
02-08-2021 23:20:00;274.05;4.96;285;5.99
02-08-2021 23:30:00;271.82;4.22;286.77;4.91
02-08-2021 23:40:00;273.09;3.78;286.05;4.57
02-08-2021 23:50:00;271.27;3.47;284.95;4.36
03-08-2021 00:00:00;268.92;2.92;284.61;4.19
03-08-2021 00:10:00;272.46;3.65;285.52;4.81
03-08-2021 00:20:00;273.16;2.98;285.94;4.47
03-08-2021 00:30:00;273.12;3.57;283.99;4.72
03-08-2021 00:40:00;265.54;2.91;281.54;4.05
03-08-2021 00:50:00;257.54;2.78;281.93;3.65
03-08-2021 01:00:00;255.99;2.84;283.83;3.39
03-08-2021 01:10:00;266.41;2.74;289.99;3.58
03-08-2021 01:20:00;270.24;2.94;286.89;4.23
03-08-2021 01:30:00;255.12;3.01;276.8;4.23
03-08-2021 01:40:00;257.5;3.07;275.34;3.84
03-08-2021 01:50:00;268.69;3.24;275.55;4.31
03-08-2021 02:00:00;262.43;3.42;276.33;3.95
03-08-2021 02:10:00;264.66;3.38;279.09;4.18
03-08-2021 02:20:00;267.97;2.99;279.48;4.04
03-08-2021 02:30:00;253.08;2.98;269.71;3.62
03-08-2021 02:40:00;245.46;3.01;264.98;3.58
03-08-2021 02:50:00;243.18;2.89;266.69;3.54
03-08-2021 03:00:00;248.93;2.65;271.32;2.74
03-08-2021 03:10:00;244.03;2.56;265.44;2.64
03-08-2021 03:20:00;248.79;2.61;268.8;3.34
03-08-2021 03:30:00;250.01;3.02;265.36;3.29
03-08-2021 03:40:00;240.87;2.22;264.3;3.09
03-08-2021 03:50:00;260.23;2.14;277.64;2.95
03-08-2021 04:00:00;264.5;2.84;275.84;3.72
03-08-2021 04:10:00;270.51;2.95;282.17;4.16
03-08-2021 04:20:00;279.8;2.87;289.76;4.17
03-08-2021 04:30:00;284.47;2.5;298.71;3.67
03-08-2021 04:40:00;277.49;2.72;292.32;3.54
03-08-2021 04:50:00;277.94;3.14;290.93;4.54
03-08-2021 05:00:00;279.24;3.88;289.31;4.87
03-08-2021 05:10:00;263.32;2.9;281.33;4.12
03-08-2021 05:20:00;257.82;3.47;275.6;4.19
03-08-2021 05:30:00;269.38;3.03;288.32;4.05
03-08-2021 05:40:00;289.01;3.08;305.63;4.16
03-08-2021 05:50:00;294.22;4.74;308.37;5.34
03-08-2021 06:00:00;293.39;4.41;303.54;5.1
03-08-2021 06:10:00;299.29;4.56;305.55;5.54
03-08-2021 06:20:00;308.48;2.45;317.75;3.56
03-08-2021 06:30:00;103.05;0.74;345.13;1.36
03-08-2021 06:40:00;115.59;2.35;112.14;0.54
03-08-2021 06:50:00;106.48;2.4;101.13;1
03-08-2021 07:00:00;114.66;1.71;131.69;1.83
03-08-2021 07:10:00;117.36;2;192.28;0.9
03-08-2021 07:20:00;116.05;1.93;225.68;0.69
03-08-2021 07:30:00;159.1;1.82;167.19;1.73
03-08-2021 07:40:00;149.34;1.73;146.05;1.93
03-08-2021 07:50:00;166.36;1.46;178.11;1.31
03-08-2021 08:00:00;179.62;1.25;183.1;1.29
03-08-2021 08:10:00;194.58;1.48;217.73;1.33
03-08-2021 08:20:00;205.11;1.36;213.24;1.29
03-08-2021 08:30:00;177.48;1.22;202.54;1.12
03-08-2021 08:40:00;198.68;1.47;214.45;1.4
03-08-2021 08:50:00;173.97;1.4;198.03;1.35
03-08-2021 09:00:00;211.26;1.36;233.49;1.37
03-08-2021 09:10:00;223.3;1.29;245.47;1.52
03-08-2021 09:20:00;230.28;1.34;257.26;1.35
03-08-2021 09:30:00;202.54;1.45;233.87;1.26
03-08-2021 09:40:00;163.18;1.4;217.96;1.14
03-08-2021 09:50:00;233.39;1.69;259.46;1.88
03-08-2021 10:00:00;263.56;1.41;269.08;1.65
03-08-2021 10:10:00;277.77;1.65;285.76;1.67
03-08-2021 10:20:00;288.13;1.5;284.55;1.84
03-08-2021 10:30:00;252.44;1.63;283.65;1.72
03-08-2021 10:40:00;272.48;1.79;277.62;1.69
03-08-2021 10:50:00;251.33;2.11;263.17;2.02
03-08-2021 11:00:00;251.73;1.64;281.46;1.98
03-08-2021 11:10:00;246.11;1.33;272.22;1.28
03-08-2021 11:20:00;240.41;1.28;259.49;1.17
03-08-2021 11:30:00;170.81;1.8;200.72;2.28
03-08-2021 11:40:00;176.01;2.01;205.16;2.22
03-08-2021 11:50:00;223;2.32;233.3;2.27
03-08-2021 12:00:00;250.03;1.96;253.45;2.03
03-08-2021 12:10:00;172.65;2.23;185.91;2.12
03-08-2021 12:20:00;184.89;2.26;189.04;2.06
03-08-2021 12:30:00;198.58;2.3;202.38;2.47
03-08-2021 12:40:00;200.25;3.69;212.69;3.62
03-08-2021 12:50:00;202.45;3.4;218.02;3.26
03-08-2021 13:00:00;199.86;2.83;202.71;2.56
03-08-2021 13:10:00;204.32;2.09;220.34;2.08
03-08-2021 13:20:00;217.67;2.44;223.86;2.21
03-08-2021 13:30:00;197.15;2.27;207.62;1.8
03-08-2021 13:40:00;188.66;2;201.69;2.26
03-08-2021 13:50:00;166.28;1.32;212.16;1.19
03-08-2021 14:00:00;258.06;2.25;267.56;2.09
03-08-2021 14:10:00;269.1;2.2;282.74;2.31
03-08-2021 14:20:00;340.06;2.35;344.29;3.05
03-08-2021 14:30:00;44443;2.21;0.77;2.44
03-08-2021 14:40:00;17777;2.35;16.7;2.61
03-08-2021 14:50:00;359.4;2.22;2.36;2.66
03-08-2021 15:00:00;345.07;2.1;355.71;2.61
03-08-2021 15:10:00;341.96;2.66;352.24;3.32
03-08-2021 15:20:00;350.86;2.15;1.02;2.9
03-08-2021 15:30:00;346.45;1.99;359.3;2.91
03-08-2021 15:40:00;14.37;1.82;12.43;2.26
03-08-2021 15:50:00;30103;1.43;358.46;1.57
03-08-2021 16:00:00;352.59;1.51;354.42;2.2
03-08-2021 16:10:00;0.2;1.2;7.86;1.67
03-08-2021 16:20:00;24228;1.1;3.31;1.48
03-08-2021 16:30:00;44200;1.23;355.09;1.63
03-08-2021 16:40:00;358.16;1.58;352.93;2.25
03-08-2021 16:50:00;345;1.54;344.01;2.26
03-08-2021 17:00:00;355.17;1.53;8.13;1.54
03-08-2021 17:10:00;351.51;1.27;12.47;1.3
03-08-2021 17:20:00;338.08;1.4;0.04;1.72
03-08-2021 17:30:00;15.73;1.2;24.24;1.66
03-08-2021 17:40:00;19.36;1.46;16.18;1.93
03-08-2021 17:50:00;340.84;1.73;349.28;2.46
03-08-2021 18:00:00;346.13;1.35;358.6;1.88
03-08-2021 18:10:00;44384;1.3;10.35;1.52
03-08-2021 18:20:00;350.36;1.39;8.1;1.76
03-08-2021 18:30:00;358.71;1.42;3.36;2.02
03-08-2021 18:40:00;45689;1.22;10.12;1.67
03-08-2021 18:50:00;33939;1.74;15.87;2.02
03-08-2021 19:00:00;20.15;2.28;22.18;2.74
03-08-2021 19:10:00;25112;1.58;18.19;2.13
03-08-2021 19:20:00;27.35;2.35;28.1;2.41
03-08-2021 19:30:00;29.61;2.74;32.4;3.02
03-08-2021 19:40:00;22.51;1.96;24.96;2.23
03-08-2021 19:50:00;16.28;1.45;6.69;1.44
03-08-2021 20:00:00;44214;1.65;11.11;1.68
03-08-2021 20:10:00;24381;1.85;16.88;2.45
03-08-2021 20:20:00;44416;1.58;15.24;2.3
03-08-2021 20:30:00;35490;1.38;11.7;2.09
03-08-2021 20:40:00;359.43;1.32;9.9;2.07
03-08-2021 20:50:00;19.99;1.08;15.61;1.97
03-08-2021 21:00:00;0.67;0.95;11.66;2.1
03-08-2021 21:10:00;14;1.39;18.15;2.38
03-08-2021 21:20:00;348.76;1.54;8.56;2.4
03-08-2021 21:30:00;346.79;1.41;10.68;2.29
03-08-2021 21:40:00;349.66;1.49;10.27;2.17
03-08-2021 21:50:00;19.74;1.77;25.97;3.2
03-08-2021 22:00:00;17.73;1.81;36.85;4.51
03-08-2021 22:10:00;20.59;1.7;40.48;4.52
03-08-2021 22:20:00;15.32;1.64;39.2;3.92
03-08-2021 22:30:00;44409;1.25;32.45;2.93
03-08-2021 22:40:00;20149;1.29;28.27;2.54
03-08-2021 22:50:00;36069;1.29;33.58;2.8
03-08-2021 23:00:00;18.86;1.31;43.6;3.42
03-08-2021 23:10:00;22.98;1.35;44.2;3.36
03-08-2021 23:20:00;21.49;1.45;41.07;3.21
03-08-2021 23:30:00;44221;1.98;51.78;3.15
03-08-2021 23:40:00;20.76;1.22;48.44;3.25
03-08-2021 23:50:00;23986;1.32;47.2;3.19
04-08-2021 00:00:00;343.01;1.47;34.74;2.78
04-08-2021 00:10:00;17.39;1.11;37.51;3.12
04-08-2021 00:20:00;18.17;1.09;37.98;3.01
04-08-2021 00:30:00;27211;1;37.85;2.75
04-08-2021 00:40:00;33848;0.97;47.42;2.61
04-08-2021 00:50:00;16.85;0.75;53.83;2.41
04-08-2021 01:00:00;44293;0.79;49;2.37
04-08-2021 01:10:00;44249;1.37;52;3.04
04-08-2021 01:20:00;29.2;2.22;61.39;3.16
04-08-2021 01:30:00;29.48;2.34;62.42;3.41
04-08-2021 01:40:00;33.14;2.05;61.35;3.99
04-08-2021 01:50:00;30.31;1.81;60.48;3.74
04-08-2021 02:00:00;44340;1.75;60.59;3.74
04-08-2021 02:10:00;44513;1;57.87;3.31
04-08-2021 02:20:00;347.64;1.16;52.61;2.65
04-08-2021 02:30:00;15158;1.07;52.07;2.68
04-08-2021 02:40:00;26.84;1.56;66.61;3.12
04-08-2021 02:50:00;24.71;0.97;67.65;3.03
04-08-2021 03:00:00;23.63;1.04;65.62;2.22
04-08-2021 03:10:00;42095;0.9;57.74;2
04-08-2021 03:20:00;343.12;1.46;46.77;1.97
04-08-2021 03:30:00;33878;1.18;53.72;2.86
04-08-2021 03:40:00;21.22;1.61;56.02;3.79
04-08-2021 03:50:00;42125;1.43;46.23;3.79
04-08-2021 04:00:00;349.12;1.56;28.34;2.73
04-08-2021 04:10:00;28976;1.37;37.18;3.57
04-08-2021 04:20:00;22.53;1.25;43.39;4.64
04-08-2021 04:30:00;21.19;1.82;52.03;5
04-08-2021 04:40:00;13.67;1.35;44.47;5.2
04-08-2021 04:50:00;44276;2.03;47.66;5.33
04-08-2021 05:00:00;21.68;1.7;45.83;5.5
04-08-2021 05:10:00;16163;1.42;36.34;4.54
04-08-2021 05:20:00;21186;1.44;19.44;2.6
04-08-2021 05:30:00;13.33;1.32;21.27;2.55
04-08-2021 05:40:00;46235;1.2;27.76;2.74
04-08-2021 05:50:00;17.35;1.55;28.61;3.26
04-08-2021 06:00:00;18.44;2.2;40.67;6.4
04-08-2021 06:10:00;44546;1.69;33.42;5.37
04-08-2021 06:20:00;20.91;2.11;33.91;5.62
04-08-2021 06:30:00;44429;2.53;35.96;6.06
04-08-2021 06:40:00;23.87;3.01;40.21;6.74
04-08-2021 06:50:00;44462;2.87;37.9;5.84
04-08-2021 07:00:00;25.58;2.59;35.5;4.5
04-08-2021 07:10:00;25.44;2.58;32.27;4.48
04-08-2021 07:20:00;44338;1.89;30.8;3.7
04-08-2021 07:30:00;23.29;1.88;34.21;3.55
04-08-2021 07:40:00;28.62;1.95;35.8;3.05
04-08-2021 07:50:00;27.86;1.44;39.99;2.41
04-08-2021 08:00:00;30.76;1.89;30.37;2.35
04-08-2021 08:10:00;22.93;1.98;39.53;2.21
04-08-2021 08:20:00;26;1.92;41.01;2.36
04-08-2021 08:30:00;25.63;1.32;30.9;1.7
04-08-2021 08:40:00;44335;1.6;32.74;2.06
04-08-2021 08:50:00;18.22;1.47;32.06;2.07
04-08-2021 09:00:00;16.42;1.65;27.65;2.39
04-08-2021 09:10:00;18.55;1.47;29.55;2.5
04-08-2021 09:20:00;47027;1.35;25.96;2.06
04-08-2021 09:30:00;21.53;2.02;31.37;2.78
04-08-2021 09:40:00;26.22;2.52;37.36;3.34
04-08-2021 09:50:00;29.55;2.54;43.61;3.46
04-08-2021 10:00:00;44375;1.65;41.96;2.84
04-08-2021 10:10:00;44424;1.63;32.23;2.14
04-08-2021 10:20:00;44399;2.82;33.31;3.21
04-08-2021 10:30:00;43739;1.98;30.45;2.81
04-08-2021 10:40:00;19.95;1.9;29.55;2.54
04-08-2021 10:50:00;44371;1.69;33.37;2.33
04-08-2021 11:00:00;24.27;2.96;32.88;3.6
04-08-2021 11:10:00;31.62;3.6;40.19;3.77
04-08-2021 11:20:00;46.13;2.75;46.15;2.94
04-08-2021 11:30:00;34.67;3.2;42.19;3.61
04-08-2021 11:40:00;39.14;2.1;27.66;2.2
04-08-2021 11:50:00;20.49;2.71;28.3;3.21
04-08-2021 12:00:00;18.87;1.74;34.5;2.53
04-08-2021 12:10:00;36.4;2.87;31.07;2.39
04-08-2021 12:20:00;44384;2.62;20.63;3.19
04-08-2021 12:30:00;33359;1.84;16.64;2.82
04-08-2021 12:40:00;14.56;2.43;24.25;2.91
04-08-2021 12:50:00;355.4;2.42;352.7;2.9
04-08-2021 13:00:00;19.74;2.77;18.67;2.89
04-08-2021 13:10:00;25051;2.26;11.93;2.54
04-08-2021 13:20:00;18.84;2.86;23.25;3.24
04-08-2021 13:30:00;27.13;3.44;27.38;3.28
04-08-2021 13:40:00;30.02;3.46;29.1;3.38
04-08-2021 13:50:00;43.03;4.43;46.87;4.54
04-08-2021 14:00:00;40.4;4.41;41.77;4.72
04-08-2021 14:10:00;23.35;3.23;27.8;3.67
04-08-2021 14:20:00;47.01;3.33;43.27;2.99
04-08-2021 14:30:00;94.1;4.39;97.5;4.78
04-08-2021 14:40:00;158.56;4.69;158.11;5.12
04-08-2021 14:50:00;163.88;4.18;166.92;4.51
04-08-2021 15:00:00;169.44;4.57;158.99;5.5
04-08-2021 15:10:00;171;3.67;161.81;3.88
04-08-2021 15:20:00;161.48;2.56;146.94;3.04
04-08-2021 15:30:00;146.99;1.86;143.79;3.18
04-08-2021 15:40:00;95.23;1.58;133.73;2.52
04-08-2021 15:50:00;49.27;1.71;126.88;1.96
04-08-2021 16:00:00;68.18;1.84;112.45;1.65
04-08-2021 16:10:00;50.36;2.04;79.24;1.83
04-08-2021 16:20:00;34.95;2.87;54.25;3.77
04-08-2021 16:30:00;38.81;4.57;49.93;5.57
04-08-2021 16:40:00;38.18;4.67;49.86;5.96
04-08-2021 16:50:00;46.5;3.42;53.25;6.07
04-08-2021 17:00:00;37.87;2.34;48.96;4.61
04-08-2021 17:10:00;322.76;0.86;22.08;1.46
04-08-2021 17:20:00;33543;1.41;31.43;2.26
04-08-2021 17:30:00;25.69;2.22;41.2;3.55
04-08-2021 17:40:00;19.37;1.63;42.09;4.27
04-08-2021 17:50:00;26.67;2.38;47.17;4.84
04-08-2021 18:00:00;44282;2.99;46.23;5.56
04-08-2021 18:10:00;27.51;2.6;44.19;4.86
04-08-2021 18:20:00;44345;2.64;47.68;4.48
04-08-2021 18:30:00;18.97;1.74;45.17;4.11
04-08-2021 18:40:00;16.18;1.72;35.01;3.51
04-08-2021 18:50:00;22.24;2.33;39.02;4.59
04-08-2021 19:00:00;22.58;2.72;42.66;5.47
04-08-2021 19:10:00;19.87;2.58;43.56;5.93
04-08-2021 19:20:00;24.22;2.69;45.53;6.09
04-08-2021 19:30:00;25.39;2.91;48.26;6.36
04-08-2021 19:40:00;44340;2.58;48.8;6
04-08-2021 19:50:00;27.66;2.67;49.92;5.78
04-08-2021 20:00:00;34.85;2.44;52.4;4.95
04-08-2021 20:10:00;42.22;2;56.74;4.63
04-08-2021 20:20:00;41.91;2.65;55.51;5.2
04-08-2021 20:30:00;76.12;1.61;79.16;2.71
04-08-2021 20:40:00;89.94;1.63;87.75;2.63
04-08-2021 20:50:00;61.59;1.38;71.76;2.95
04-08-2021 21:00:00;70.66;1.25;83.32;2.63
04-08-2021 21:10:00;89.36;0.8;92.41;1.99
04-08-2021 21:20:00;64.53;0.98;86.77;2.37
04-08-2021 21:30:00;37.28;1.01;75.98;3.01
04-08-2021 21:40:00;36.7;1.05;76.09;3.11
04-08-2021 21:50:00;32.49;1.54;69.99;4.11
04-08-2021 22:00:00;34.93;2.18;68.48;4.32
04-08-2021 22:10:00;37.48;3.04;68.1;5.42
04-08-2021 22:20:00;37.09;2.91;67.15;5.61
04-08-2021 22:30:00;38.63;2.96;67.04;5.74
04-08-2021 22:40:00;38.28;2.72;67.61;5.67
04-08-2021 22:50:00;45.42;2.82;68.98;5.81
04-08-2021 23:00:00;49.2;2.67;70.02;6.34
04-08-2021 23:10:00;51.54;2.62;71.56;6.77
04-08-2021 23:20:00;58.02;3.12;76.67;7.64
04-08-2021 23:30:00;62.84;3.22;80.12;7.77
04-08-2021 23:40:00;65.78;2.79;79.63;6.81
04-08-2021 23:50:00;66.44;2.13;78.01;5.43
05-08-2021 00:00:00;61.57;2.08;76.35;5.4
05-08-2021 00:10:00;72.76;2.06;81.22;5.06
05-08-2021 00:20:00;109.51;1.28;83.98;4.11
05-08-2021 00:30:00;95.74;1.93;84.14;4.55
05-08-2021 00:40:00;88.44;2.45;86.27;4.95
05-08-2021 00:50:00;98.02;2.08;90.71;4
05-08-2021 01:00:00;90.08;2.05;95.78;3.67
05-08-2021 01:10:00;84.16;1.97;96.9;3.8
05-08-2021 01:20:00;84.46;2.3;98.24;4.05
05-08-2021 01:30:00;80.6;2.58;94.7;4.57
05-08-2021 01:40:00;80.15;2.68;94.79;4.81
05-08-2021 01:50:00;76.14;2.99;91.72;5.25
05-08-2021 02:00:00;76.82;2.75;90.14;5.2
05-08-2021 02:10:00;78.52;2.82;92.01;5.23
05-08-2021 02:20:00;75.57;2.89;92.37;5.24
05-08-2021 02:30:00;85.62;1.8;92.85;4.25
05-08-2021 02:40:00;83.45;2.79;97.44;5.02
05-08-2021 02:50:00;77.77;3.19;98.77;5.71
05-08-2021 03:00:00;77.51;2.92;96.43;5.8
05-08-2021 03:10:00;77.72;2.85;95.03;6.25
05-08-2021 03:20:00;77.07;2.96;93.76;6.49
05-08-2021 03:30:00;84.13;2.36;94.41;6.21
05-08-2021 03:40:00;82.34;3.28;98.02;6.43
05-08-2021 03:50:00;82.38;3.44;101.95;6.14
05-08-2021 04:00:00;81.23;3.2;101.71;5.97
05-08-2021 04:10:00;80.04;3.64;104.14;6.26
05-08-2021 04:20:00;84.87;4.34;107.52;6.41
05-08-2021 04:30:00;85.42;4.27;107.37;6.75
05-08-2021 04:40:00;87.92;3.98;108.17;6.59
05-08-2021 04:50:00;91.14;3.79;109.76;5.82
05-08-2021 05:00:00;89.81;3.58;108.75;5.54
05-08-2021 05:10:00;92.2;3.46;110.93;5.25
05-08-2021 05:20:00;95.06;3.47;110.57;5.46
05-08-2021 05:30:00;96.78;3.62;111.13;5.76
05-08-2021 05:40:00;90.19;3.57;109.88;5.63
05-08-2021 05:50:00;86.19;3.13;110.15;5.53
05-08-2021 06:00:00;87;2.73;110.85;5.41
05-08-2021 06:10:00;82.87;2.61;109.62;5.38
05-08-2021 06:20:00;84.9;2.85;107.94;5.3
05-08-2021 06:30:00;87.49;2.64;108.25;4.93
05-08-2021 06:40:00;103.45;2.23;114.61;4.28
05-08-2021 06:50:00;105.52;2.71;112.93;4.9
05-08-2021 07:00:00;100.03;2.81;110.67;5.44
05-08-2021 07:10:00;100.12;3;113.37;5.25
05-08-2021 07:20:00;106.65;3.02;115.83;4.71
05-08-2021 07:30:00;110.11;2.68;117.1;4.2
05-08-2021 07:40:00;106.53;2.32;117.53;3.56
05-08-2021 07:50:00;105.12;2.27;120.76;3.31
05-08-2021 08:00:00;104.79;1.86;120.35;3.06
05-08-2021 08:10:00;89.44;2.15;110.05;3.03
05-08-2021 08:20:00;88.48;2.86;103.09;3.44
05-08-2021 08:30:00;98.98;2.27;109.94;3.58
05-08-2021 08:40:00;120.79;2.19;122.11;2.59
05-08-2021 08:50:00;121.11;2.23;131.85;2.47
05-08-2021 09:00:00;123.12;3.14;126.93;3.16
05-08-2021 09:10:00;124.06;2.81;126.72;3.01
05-08-2021 09:20:00;129.84;2.83;135.93;3.5
05-08-2021 09:30:00;127.42;2.85;128.44;3.64
05-08-2021 09:40:00;122.58;3.07;125.46;3.5
05-08-2021 09:50:00;118.19;3.1;119.43;3.24
05-08-2021 10:00:00;117.03;2.08;115.66;2.34
05-08-2021 10:10:00;117.43;2.6;111.26;2.74
05-08-2021 10:20:00;110.59;3.16;111.73;3.35
05-08-2021 10:30:00;108.9;4.03;119.51;4.13
05-08-2021 10:40:00;120.3;5.1;127.05;5.33
05-08-2021 10:50:00;110.62;5.8;119.41;5.95
05-08-2021 11:00:00;108.15;5.75;120;5.99
05-08-2021 11:10:00;116.14;5.41;126.74;5.65
05-08-2021 11:20:00;124.73;5.04;129.58;5.68
05-08-2021 11:30:00;111.8;5.98;120.38;6.69
05-08-2021 11:40:00;124.09;6.97;133.77;7.11
05-08-2021 11:50:00;128.41;5.87;130.67;6.53
05-08-2021 12:00:00;117.45;5.48;125.07;5.92
05-08-2021 12:10:00;108.73;5.72;119.55;5.83
05-08-2021 12:20:00;141.23;4.96;144.1;5.34
05-08-2021 12:30:00;137.24;5.47;146.28;5.76
05-08-2021 12:40:00;136.48;5.04;139.22;5.36
05-08-2021 12:50:00;129.13;4.22;131.26;4.61
05-08-2021 13:00:00;109.29;4.79;115.52;5.28
05-08-2021 13:10:00;98.97;3.42;110.44;4.05
05-08-2021 13:20:00;99.32;3.13;112.25;3.4
05-08-2021 13:30:00;122.55;3.04;133.6;3.27
05-08-2021 13:40:00;113.97;3.8;119.5;4.23
05-08-2021 13:50:00;133.03;4.65;140.14;5.29
05-08-2021 14:00:00;134.95;4.03;140.45;5.44
05-08-2021 14:10:00;133.39;4.35;138.09;4.68
05-08-2021 14:20:00;118.53;4.3;130.76;4.34
05-08-2021 14:30:00;127.12;3.74;132.21;3.73
05-08-2021 14:40:00;154.87;2.2;152.8;2.51
05-08-2021 14:50:00;251.91;3.24;253.89;3.72
05-08-2021 15:00:00;265.7;2.94;263.29;2.86
05-08-2021 15:10:00;281.41;2.65;283.81;2.32
05-08-2021 15:20:00;306.15;2.42;315.45;2.1
05-08-2021 15:30:00;316.71;1.96;325.43;2.14
05-08-2021 15:40:00;310.82;1.54;339;1.82
05-08-2021 15:50:00;319.83;2.16;336.18;2.12
05-08-2021 16:00:00;334.78;2.05;352.18;1.98
05-08-2021 16:10:00;339.26;1.94;355.58;2.24
05-08-2021 16:20:00;44440;1.33;14.87;1.56
05-08-2021 16:30:00;44214;1.4;24.99;1.54
05-08-2021 16:40:00;20.79;1.24;21.49;1.33
05-08-2021 16:50:00;26.64;2.15;24.94;2.03
05-08-2021 17:00:00;19.97;1.94;26.9;2.37
05-08-2021 17:10:00;358.79;1.46;14.72;2.1
05-08-2021 17:20:00;241.32;3.24;265.91;2.55
05-08-2021 17:30:00;267.33;2.93;298.91;2.76
05-08-2021 17:40:00;286.12;3.13;307.7;3.36
05-08-2021 17:50:00;307.19;2.81;332.96;3
05-08-2021 18:00:00;319.59;2.37;353.2;2.64
05-08-2021 18:10:00;336.6;1.84;18.57;2.1
05-08-2021 18:20:00;24259;0.84;32.58;2.31
05-08-2021 18:30:00;168.81;4.77;170.42;5.56
05-08-2021 18:40:00;173.67;6.48;176.86;7.5
05-08-2021 18:50:00;165.72;4.96;172.31;6.73
05-08-2021 19:00:00;159.32;4.36;166.92;6.78
05-08-2021 19:10:00;164.69;4.56;166.53;7.12
05-08-2021 19:20:00;145.64;3.38;156.61;5.94
05-08-2021 19:30:00;123.74;5.15;138.07;6.13
05-08-2021 19:40:00;110.62;6.11;123.28;6.85
05-08-2021 19:50:00;97.6;6.15;106.9;7.92
05-08-2021 20:00:00;88.42;5.18;98.01;7.48
05-08-2021 20:10:00;71.28;3.72;82.28;6.53
05-08-2021 20:20:00;56.98;3.61;75.15;5.52
05-08-2021 20:30:00;49.47;2.09;67.04;5.03
05-08-2021 20:40:00;31.65;1.53;67.64;4.17
05-08-2021 20:50:00;355.12;0.75;72.92;2.98
05-08-2021 21:00:00;30.51;0.82;85.22;3.31
05-08-2021 21:10:00;42.93;0.84;101.15;3.78
05-08-2021 21:20:00;55;0.53;107.74;3.42
05-08-2021 21:30:00;75.36;1.03;102.85;3.27
05-08-2021 21:40:00;81.13;1.34;87.65;3.64
05-08-2021 21:50:00;83.33;2.88;95.38;5.61
05-08-2021 22:00:00;86.45;3.58;93.9;6.28
05-08-2021 22:10:00;87.93;3.54;94.16;5.81
05-08-2021 22:20:00;83.7;3.86;94.97;6.78
05-08-2021 22:30:00;88.55;3.71;98.83;6.69
05-08-2021 22:40:00;96.13;3.76;102.65;6.15
05-08-2021 22:50:00;105.47;2.9;106.21;5.39
05-08-2021 23:00:00;117.35;4.68;113.54;5.29
05-08-2021 23:10:00;115.7;4.24;116.61;5.94
05-08-2021 23:20:00;109.32;3.15;113.34;6.58
05-08-2021 23:30:00;107.28;3.38;118.36;7.01
05-08-2021 23:40:00;101.28;3.22;119.32;6.57
05-08-2021 23:50:00;102.68;3.07;127.81;5.96
06-08-2021 00:00:00;110.19;2.92;134.63;5.88
06-08-2021 00:10:00;110.84;2.64;139.52;5.83
06-08-2021 00:20:00;112.71;2.38;136.82;5.98
06-08-2021 00:30:00;104.37;2.56;136.17;5.7
06-08-2021 00:40:00;98.69;2.68;131.69;5.01
06-08-2021 00:50:00;108.84;2.34;134.29;4.74
06-08-2021 01:00:00;109.39;2.02;136.09;4.75
06-08-2021 01:10:00;98.09;2.19;130.96;4.11
06-08-2021 01:20:00;101.64;3.21;123.85;5.38
06-08-2021 01:30:00;109.82;3.58;126.88;6.11
06-08-2021 01:40:00;118.62;4.71;131.57;7.19
06-08-2021 01:50:00;109.96;4.76;126.79;7.8
06-08-2021 02:00:00;105.54;4.36;122.74;7.8
06-08-2021 02:10:00;102.28;4.03;119.53;7.36
06-08-2021 02:20:00;102.42;3.58;117.26;7.39
06-08-2021 02:30:00;105.89;4.42;119.94;7.98
06-08-2021 02:40:00;111.78;4.62;127.33;7.55
06-08-2021 02:50:00;118.59;4.58;127.14;7.05
06-08-2021 03:00:00;119.57;4.67;128.53;7.49
06-08-2021 03:10:00;112.67;5.02;125.9;7.73
06-08-2021 03:20:00;110.79;4.7;122.75;7.48
06-08-2021 03:30:00;121.08;4.19;125.99;7.15
06-08-2021 03:40:00;128.44;3.84;129.77;6.46
06-08-2021 03:50:00;122.15;3.82;129.93;6.13
06-08-2021 04:00:00;118.78;3.7;130.33;6.23
06-08-2021 04:10:00;116.82;3.49;128.99;6.56
06-08-2021 04:20:00;121.43;3.38;129.7;6.15
06-08-2021 04:30:00;119.19;3.69;128.93;6.27
06-08-2021 04:40:00;119.09;3.85;127.72;6.2
06-08-2021 04:50:00;110.5;4.73;122.95;6.77
06-08-2021 05:00:00;109.66;4.34;122.92;6.57
06-08-2021 05:10:00;114.61;4.09;128.11;6.42
06-08-2021 05:20:00;117.89;4.1;128.64;6.41
06-08-2021 05:30:00;120.11;3.71;129.49;6.24
06-08-2021 05:40:00;116.34;4.09;127.95;6.3
06-08-2021 05:50:00;115.97;4.41;126.96;6.2
06-08-2021 06:00:00;113.23;4.56;125.49;6.33
06-08-2021 06:10:00;114.3;4.37;124.57;6.33
06-08-2021 06:20:00;116.14;5.01;128.12;6.27
06-08-2021 06:30:00;124.87;4.15;133.73;5.7
06-08-2021 06:40:00;123.28;4.13;132.72;5.52
06-08-2021 06:50:00;123.72;4.73;130.84;5.78
06-08-2021 07:00:00;120.88;5.17;127.75;6.29
06-08-2021 07:10:00;122.11;4.7;129.25;5.83
06-08-2021 07:20:00;123.98;5.98;133.11;6.33
06-08-2021 07:30:00;123.18;5.34;128.34;5.94
06-08-2021 07:40:00;119.21;5.01;127.35;6.23
06-08-2021 07:50:00;115.7;5.46;124.34;5.93
06-08-2021 08:00:00;115.87;5.32;125.19;5.6
06-08-2021 08:10:00;120.3;4.6;129.79;4.89
06-08-2021 08:20:00;123.73;5.61;127.16;5.85
06-08-2021 08:30:00;129.24;4.28;131.86;4.66
06-08-2021 08:40:00;113.99;5.2;126.42;5.11
06-08-2021 08:50:00;121.09;5.35;128.23;5.54
06-08-2021 09:00:00;119.29;4.86;127.89;5.45
06-08-2021 09:10:00;131.14;4.27;137.81;5.2
06-08-2021 09:20:00;125.83;5.25;132.31;5.51
06-08-2021 09:30:00;128.73;5.76;136.92;6.87
06-08-2021 09:40:00;133.15;6.08;137.48;6.92
06-08-2021 09:50:00;140.39;5.87;145.56;6.13
06-08-2021 10:00:00;142.62;5.74;143.41;6.61
06-08-2021 10:10:00;129.32;5.49;137.58;5.69
06-08-2021 10:20:00;119.25;6.08;131.22;6.14
06-08-2021 10:30:00;140.46;6.65;144.31;7.05
06-08-2021 10:40:00;132.5;6.18;139.08;7.02
06-08-2021 10:50:00;129.62;6.96;138.62;7.44
06-08-2021 11:00:00;129.35;6.69;140.24;6.87
06-08-2021 11:10:00;126.72;6.25;136.61;6.94
06-08-2021 11:20:00;128.7;6.93;139.6;7.14
06-08-2021 11:30:00;134.57;6.46;145.85;6.68
06-08-2021 11:40:00;129.68;6.32;140.87;6.87
06-08-2021 11:50:00;132.38;6.22;141.5;6.76
06-08-2021 12:00:00;143.48;6.56;152.1;7.06
06-08-2021 12:10:00;131.51;6.57;141.8;7.24
06-08-2021 12:20:00;146.53;7.43;154.77;7.75
06-08-2021 12:30:00;150.26;6.4;155.31;7.05
06-08-2021 12:40:00;149.22;4.75;157.9;5.79
06-08-2021 12:50:00;131.08;5.84;142.47;6.15
06-08-2021 13:00:00;130.82;5.23;140.37;5.67
06-08-2021 13:10:00;137.66;5.26;152.56;5.82
06-08-2021 13:20:00;152.93;5.5;156.87;5.69
06-08-2021 13:30:00;138.79;7.1;147.49;7.4
06-08-2021 13:40:00;146.85;5.17;154.39;5.83
06-08-2021 13:50:00;137.66;5.06;146.61;5.46
06-08-2021 14:00:00;137.89;5.58;144.4;6.21
06-08-2021 14:10:00;133.45;5.71;144.89;6.63
06-08-2021 14:20:00;127.61;6.59;135.92;7.19
06-08-2021 14:30:00;127;5.05;134.29;5.86
06-08-2021 14:40:00;118.33;5.44;129.1;6.36
06-08-2021 14:50:00;121.65;6.8;133.32;8.67
06-08-2021 15:00:00;136.07;3.95;136.89;6.26
06-08-2021 15:10:00;121.51;5.97;133.15;8.59
06-08-2021 15:20:00;118.6;7.8;130.55;9.99
06-08-2021 15:30:00;127.9;6.89;137.4;9.18
06-08-2021 15:40:00;190.96;5.32;194.97;7.29
06-08-2021 15:50:00;216.38;5.05;227.33;6.23
06-08-2021 16:00:00;233.94;3.99;249.31;4.76
06-08-2021 16:10:00;261.48;3.5;274.85;4.25
06-08-2021 16:20:00;251.82;1.64;274.78;2.16
06-08-2021 16:30:00;44507;0.42;317.26;0.63
06-08-2021 16:40:00;274.86;0.7;293.98;0.96
06-08-2021 16:50:00;149.01;1.31;176.31;1.1
06-08-2021 17:00:00;113.35;3.89;126.79;3.65
06-08-2021 17:10:00;99.9;3.87;114.26;4.49
06-08-2021 17:20:00;92.61;3.98;107.95;4.99
06-08-2021 17:30:00;106.23;2.85;118.46;3.83
06-08-2021 17:40:00;123.78;2.33;135.79;3.21
06-08-2021 17:50:00;141.28;2.62;164.34;3.07
06-08-2021 18:00:00;149.89;3.03;160.64;3.85
06-08-2021 18:10:00;149.41;2.53;161.94;3.4
06-08-2021 18:20:00;165.45;2.71;179.86;3.23
06-08-2021 18:30:00;149.94;2.69;162.53;3.19
06-08-2021 18:40:00;158.99;2.59;168.3;3.32
06-08-2021 18:50:00;166.25;2.45;177.5;3.08
06-08-2021 19:00:00;178.52;2.64;188.89;3.36
06-08-2021 19:10:00;183.64;2.44;197.81;3.37
06-08-2021 19:20:00;163.84;2.73;181.2;3.54
06-08-2021 19:30:00;167.02;2.76;181.89;3.75
06-08-2021 19:40:00;168.21;3.08;186.38;3.93
06-08-2021 19:50:00;176.74;3.28;191.23;3.98
06-08-2021 20:00:00;174.53;2.86;190.12;3.81
06-08-2021 20:10:00;175.2;2.48;188.89;3.68
06-08-2021 20:20:00;178.55;2.1;193.79;3.64
06-08-2021 20:30:00;166.48;2.03;188.17;3.58
06-08-2021 20:40:00;162.42;1.23;188.46;2.92
06-08-2021 20:50:00;179.73;1.87;192.15;3.53
06-08-2021 21:00:00;187.66;1.18;190.23;2.47
06-08-2021 21:10:00;266.1;1.65;259.91;1.42
06-08-2021 21:20:00;252.04;1.35;247.06;1.2
06-08-2021 21:30:00;179.08;0.94;210.95;1.23
06-08-2021 21:40:00;163.94;1.42;186.73;1.53
06-08-2021 21:50:00;156.45;0.8;212.73;0.72
06-08-2021 22:00:00;131.16;0.99;185.93;0.8
06-08-2021 22:10:00;114.04;1.43;169.83;0.68
06-08-2021 22:20:00;130.07;1.11;234.7;1.24
06-08-2021 22:30:00;162.41;2.33;198.8;1.99
06-08-2021 22:40:00;180.02;3.14;206.7;2.54
06-08-2021 22:50:00;171.55;3.63;188.1;3.31
06-08-2021 23:00:00;173.06;3.18;201.69;3.65
06-08-2021 23:10:00;176.83;2.25;206.68;3.85
06-08-2021 23:20:00;183.92;2.4;202.86;4.3
06-08-2021 23:30:00;191.12;2.56;206.27;3.93
06-08-2021 23:40:00;186.67;2.09;205.31;3.43
06-08-2021 23:50:00;188.31;2.42;208.44;3.41
07-08-2021 00:00:00;179.3;2.23;204.65;3.36
07-08-2021 00:10:00;179.15;2.51;205.94;3.63
07-08-2021 00:20:00;174.93;2.77;203.56;3.76
07-08-2021 00:30:00;181.05;2.6;208.24;3.93
07-08-2021 00:40:00;191.91;2.46;214.17;4.72
07-08-2021 00:50:00;196;2.23;217.22;5.17
07-08-2021 01:00:00;182.85;2.31;213.08;4.65
07-08-2021 01:10:00;176.92;2.52;207.48;4.65
07-08-2021 01:20:00;175.33;2.37;210.82;4.4
07-08-2021 01:30:00;183.16;2.03;214.25;3.97
07-08-2021 01:40:00;183.28;2.01;212.53;4.25
07-08-2021 01:50:00;188.15;2.59;221.88;4.57
07-08-2021 02:00:00;184.9;1.89;224.76;4.26
07-08-2021 02:10:00;176.54;1.31;226.43;3.68
07-08-2021 02:20:00;163.73;1.2;222.23;3.32
07-08-2021 02:30:00;177.14;1.72;229.32;3.74
07-08-2021 02:40:00;152.83;1.52;217.11;3.2
07-08-2021 02:50:00;139.03;2.12;213.42;3.4
07-08-2021 03:00:00;160.73;2.81;205.86;3.74
07-08-2021 03:10:00;164.12;2.58;206.16;3.6
07-08-2021 03:20:00;170.97;2.59;213.75;3.81
07-08-2021 03:30:00;180.5;2.57;225.5;3.77
07-08-2021 03:40:00;192.62;2.66;238.2;4.75
07-08-2021 03:50:00;173.09;2.47;228.9;4.08
07-08-2021 04:00:00;183.28;2.33;240.88;4.54
07-08-2021 04:10:00;181.74;2.1;245;4.1
07-08-2021 04:20:00;157.6;2.6;224.75;3.52
07-08-2021 04:30:00;155.02;3.32;211.45;3.83
07-08-2021 04:40:00;177.1;2.99;224.11;4.15
07-08-2021 04:50:00;159.05;2.82;215.23;3.51
07-08-2021 05:00:00;161.52;2.4;216.54;3.52
07-08-2021 05:10:00;160.96;2.55;210.36;3.06
07-08-2021 05:20:00;167.02;2.89;204.29;3.5
07-08-2021 05:30:00;152.87;2.45;202.83;3.33
07-08-2021 05:40:00;156.75;2;210.16;3.03
07-08-2021 05:50:00;164.83;2.56;203.56;3.76
07-08-2021 06:00:00;169.36;2.22;204.37;3.77
07-08-2021 06:10:00;171.63;2.18;203.25;3.64
07-08-2021 06:20:00;171.1;2.26;204.29;3.44
07-08-2021 06:30:00;174.05;2.02;205.12;3.41
07-08-2021 06:40:00;162.8;2.16;193.98;3.55
07-08-2021 06:50:00;171.25;2.21;195.73;3.38
07-08-2021 07:00:00;196.08;1.87;205.86;3.02
07-08-2021 07:10:00;182.32;2.36;201.68;2.73
07-08-2021 07:20:00;193.33;2.14;214.51;2.6
07-08-2021 07:30:00;191.84;2.04;210.89;2.48
07-08-2021 07:40:00;189.8;2.08;210.97;2.23
07-08-2021 07:50:00;195.63;2.27;216.08;2.75
07-08-2021 08:00:00;201.75;2.43;218.09;2.44
07-08-2021 08:10:00;210.17;1.94;231.33;2.68
07-08-2021 08:20:00;202.17;2.53;219.86;2.87
07-08-2021 08:30:00;194.7;2.53;213.57;2.6
07-08-2021 08:40:00;207.77;2.12;223.49;2.4
07-08-2021 08:50:00;209.23;1.99;218.96;2.36
07-08-2021 09:00:00;203.36;2.04;222.97;2.23
07-08-2021 09:10:00;216.1;2.13;227.97;2.1
07-08-2021 09:20:00;189.48;2.28;208.44;2.38
07-08-2021 09:30:00;191.89;2.1;192.94;2.28
07-08-2021 09:40:00;191.19;2.39;202.48;2.63
07-08-2021 09:50:00;191.46;2.85;211.86;2.84
07-08-2021 10:00:00;198.29;2.75;207.19;2.74
07-08-2021 10:10:00;186.03;2.61;201.59;2.7
07-08-2021 10:20:00;199.88;2.85;211.61;2.69
07-08-2021 10:30:00;215.62;2.81;215.68;2.64
07-08-2021 10:40:00;226.3;1.93;220.34;2.19
07-08-2021 10:50:00;219.12;2.55;225.92;2.61
07-08-2021 11:00:00;191.15;2.41;199.67;2.59
07-08-2021 11:10:00;181.29;3.04;192.95;3.04
07-08-2021 11:20:00;182.39;3.88;191.98;4.22
07-08-2021 11:30:00;190.67;2.99;199.54;3.36
07-08-2021 11:40:00;171.11;2.77;181.15;2.75
07-08-2021 11:50:00;157.47;3.39;171.72;3.6
07-08-2021 12:00:00;196.07;3.95;203.93;3.89
07-08-2021 12:10:00;182.79;2.55;188.13;2.39
07-08-2021 12:20:00;186.34;2.47;187.15;2.67
07-08-2021 12:30:00;156.81;2.55;169.03;2.31
07-08-2021 12:40:00;150.12;2.12;172.25;2.07
07-08-2021 12:50:00;190.46;3.03;190.34;3.1
07-08-2021 13:00:00;184.23;3.09;187.55;3.66
07-08-2021 13:10:00;171.73;3.65;179.23;3.39
07-08-2021 13:20:00;159.38;2.99;174.08;3.01
07-08-2021 13:30:00;187.13;4.55;194;4.77
07-08-2021 13:40:00;168.2;4.23;174.55;4.46
07-08-2021 13:50:00;176.31;4.15;182.19;4.23
07-08-2021 14:00:00;152.26;7.03;158.29;7.2
07-08-2021 14:10:00;87.08;4.71;106.79;4.66
07-08-2021 14:20:00;84.51;1.72;100.39;1.37
07-08-2021 14:30:00;283.51;0.83;187.53;0.85
07-08-2021 14:40:00;230.66;1.07;221.69;1.61
07-08-2021 14:50:00;254.43;1.01;223.48;1.46
07-08-2021 15:00:00;243.47;1.72;239.89;1.84
07-08-2021 15:10:00;225.47;2.72;219.64;2.45
07-08-2021 15:20:00;209.04;3.59;216.28;4.49
07-08-2021 15:30:00;202.67;5.32;211.38;6.63
07-08-2021 15:40:00;199.32;4.22;215.99;5.06
07-08-2021 15:50:00;193.21;3.35;202.09;5.09
07-08-2021 16:00:00;164.69;2.21;173.37;2.68
07-08-2021 16:10:00;145.26;1.95;163.51;2.18
07-08-2021 16:20:00;135.27;2.05;149.04;2.06
07-08-2021 16:30:00;93.15;2.24;109.72;2.29
07-08-2021 16:40:00;95.52;2.32;116.42;2.45
07-08-2021 16:50:00;109.02;2.76;124.5;3.17
07-08-2021 17:00:00;112.01;2.74;125.91;2.86
07-08-2021 17:10:00;112.22;3.34;123.76;3.88
07-08-2021 17:20:00;116.66;3.88;125.47;4.1
07-08-2021 17:30:00;120.99;4.15;130.34;4.24
07-08-2021 17:40:00;127.1;3.98;134.65;4.14
07-08-2021 17:50:00;131.77;4.27;136.33;4.51
07-08-2021 18:00:00;128.65;4.3;134.52;4.39
07-08-2021 18:10:00;120.41;4.37;131.03;4.35
07-08-2021 18:20:00;116.77;3.14;126.28;3.56
07-08-2021 18:30:00;119.53;2.66;128.68;3.02
07-08-2021 18:40:00;125.84;2.02;129.35;2.41
07-08-2021 18:50:00;120.84;1.59;130.13;1.9
07-08-2021 19:00:00;106.79;1.9;129.59;2.16
07-08-2021 19:10:00;119.12;1.96;133.6;2.48
07-08-2021 19:20:00;120.22;3.27;126.11;3.17
07-08-2021 19:30:00;120.47;3.43;128.5;3.1
07-08-2021 19:40:00;125.04;2.59;143.85;2.41
07-08-2021 19:50:00;143.05;4.97;151.01;6.22
07-08-2021 20:00:00;152.34;4.07;158.82;5.06
07-08-2021 20:10:00;144.25;3.67;153.29;4.48
07-08-2021 20:20:00;150.46;2.23;167.94;3.19
07-08-2021 20:30:00;100.34;1.68;169.06;1.57
07-08-2021 20:40:00;84.9;2.71;127.11;1.91
07-08-2021 20:50:00;111.15;3.32;136.87;3.11
07-08-2021 21:00:00;119.12;3.21;128.6;3.9
07-08-2021 21:10:00;124.38;4.21;136.65;5.29
07-08-2021 21:20:00;140.61;3.06;162.15;4.66
07-08-2021 21:30:00;156.87;2.7;164.95;4.77
07-08-2021 21:40:00;138.94;2.34;160.22;4.53
07-08-2021 21:50:00;146.67;2.25;163.67;4.71
07-08-2021 22:00:00;157.26;3.16;189.39;5.05
07-08-2021 22:10:00;159.38;3.91;190.51;5.01
07-08-2021 22:20:00;151.02;4.04;182.81;5.09
07-08-2021 22:30:00;152.04;3.62;188.38;4.5
07-08-2021 22:40:00;150.01;4.25;182.77;5.06
07-08-2021 22:50:00;141.32;4.03;175.64;5.01
07-08-2021 23:00:00;139.58;3.8;173.55;5.1
07-08-2021 23:10:00;154.24;3.92;185.92;5.56
07-08-2021 23:20:00;149.64;3.11;191.59;4.73
07-08-2021 23:30:00;150.86;2.71;194.74;4.61
07-08-2021 23:40:00;139.29;3.31;186.03;4.41
07-08-2021 23:50:00;128.85;3.28;188.89;4.16
08-08-2021 00:00:00;132.1;3.8;170.73;4.23
08-08-2021 00:10:00;129.52;4.05;168.93;4.18
08-08-2021 00:20:00;125.97;3.97;165;4.1
08-08-2021 00:30:00;132.42;3.67;175.47;4.16
08-08-2021 00:40:00;191.87;2.42;189.44;3.79
08-08-2021 00:50:00;161.91;2.2;188.72;3.15
08-08-2021 01:00:00;147.39;1.94;198.29;2.74
08-08-2021 01:10:00;195.38;2.09;230.84;4.06
08-08-2021 01:20:00;209.58;2.47;238.82;4.6
08-08-2021 01:30:00;218.63;2.33;247.35;5.35
08-08-2021 01:40:00;200.78;2.36;241.75;4.53
08-08-2021 01:50:00;214.7;2.62;243.39;4.62
08-08-2021 02:00:00;212.62;2.38;242.22;4.3
08-08-2021 02:10:00;195.79;1.93;236.17;3.76
08-08-2021 02:20:00;173.8;1.9;228.62;3.84
08-08-2021 02:30:00;161.4;2.32;215.9;3.29
08-08-2021 02:40:00;144.28;3.05;201.65;3.21
08-08-2021 02:50:00;150.26;2.73;203.49;3.3
08-08-2021 03:00:00;141.6;2.6;205.53;2.7
08-08-2021 03:10:00;141.68;2.64;206.51;3.09
08-08-2021 03:20:00;148.49;3.06;198.02;3.47
08-08-2021 03:30:00;151.64;3.01;200.13;3.41
08-08-2021 03:40:00;147.53;3.05;192.57;3.33
08-08-2021 03:50:00;159.74;2.95;198.86;3.4
08-08-2021 04:00:00;164.5;3.28;197.3;3.5
08-08-2021 04:10:00;171.38;3.53;199.12;3.92
08-08-2021 04:20:00;167.39;3.78;195.52;4.3
08-08-2021 04:30:00;168.27;3.93;197.64;4.58
08-08-2021 04:40:00;167.64;3.73;201.16;4.92
08-08-2021 04:50:00;178.68;3.88;207.49;5.28
08-08-2021 05:00:00;188.56;3.89;214.5;5.9
08-08-2021 05:10:00;189.73;3.76;217.02;5.78
08-08-2021 05:20:00;191.56;3.24;216.68;5.82
08-08-2021 05:30:00;189.09;3.66;212.39;5.82
08-08-2021 05:40:00;187.96;3.93;211.42;5.92
08-08-2021 05:50:00;183.39;4.33;204.95;5.85
08-08-2021 06:00:00;180.78;4.17;203.42;6.14
08-08-2021 06:10:00;187.47;4.75;202.46;6.42
08-08-2021 06:20:00;188.53;4.96;202.67;6.75
08-08-2021 06:30:00;191.91;4.57;204.5;6.49
08-08-2021 06:40:00;196.06;5.3;207.7;6.91
08-08-2021 06:50:00;196.86;5.72;208.86;6.59
08-08-2021 07:00:00;197.26;6.43;207.41;7.44
08-08-2021 07:10:00;195.86;5.38;209.19;7.09
08-08-2021 07:20:00;194.36;5.84;205.89;7.63
08-08-2021 07:30:00;189.57;5.87;201.48;7.39
08-08-2021 07:40:00;190.39;5.78;202.1;7.43
08-08-2021 07:50:00;192.99;5.73;203.47;7.42
08-08-2021 08:00:00;190.09;5.04;205.52;6.78
08-08-2021 08:10:00;191.62;5.34;204.83;6.83
08-08-2021 08:20:00;191.09;5.05;202.05;7.24
08-08-2021 08:30:00;186.62;5.28;201.4;6.95
08-08-2021 08:40:00;187.29;5.3;201.36;6.88
08-08-2021 08:50:00;190.98;6.3;205.44;7.21
08-08-2021 09:00:00;197.89;5.5;213.34;7.03
08-08-2021 09:10:00;205.89;5.41;221.51;6.92
08-08-2021 09:20:00;214.58;6.24;227.25;7.87
08-08-2021 09:30:00;217.74;6.2;228.77;7.83
08-08-2021 09:40:00;219.06;6.52;232.56;7.67
08-08-2021 09:50:00;216.17;6.67;227.65;8.19
08-08-2021 10:00:00;220.7;6.71;229.01;8.33
08-08-2021 10:10:00;218.17;7.24;228.47;8.42
08-08-2021 10:20:00;221.71;6.65;230.66;7.52
08-08-2021 10:30:00;222.53;6.49;232.11;7.83
08-08-2021 10:40:00;220.56;5.4;230.35;7.16
08-08-2021 10:50:00;215.76;6.57;226.24;7.74
08-08-2021 11:00:00;213.57;6.67;226.52;8.21
08-08-2021 11:10:00;210.74;6.13;224.29;7.93
08-08-2021 11:20:00;211.33;6.02;224.92;7.95
08-08-2021 11:30:00;217.88;5.13;229.29;6.45
08-08-2021 11:40:00;217.04;5.96;228.74;7.14
08-08-2021 11:50:00;219.74;7.05;231.14;7.95
08-08-2021 12:00:00;226.06;7.43;236.87;8.61
08-08-2021 12:10:00;226.17;7.74;237.2;8.18
08-08-2021 12:20:00;226.9;8.12;235.18;9.28
08-08-2021 12:30:00;227.04;6.56;236.87;7.87
08-08-2021 12:40:00;226.09;8.66;236.88;9.69
08-08-2021 12:50:00;230.86;7.81;239.1;9.21
08-08-2021 13:00:00;217.21;7.04;227.66;8.78
08-08-2021 13:10:00;217.17;7.52;226.93;8.66
08-08-2021 13:20:00;223.2;7.03;231.93;8.64
08-08-2021 13:30:00;231.33;9.02;242.43;10.09
08-08-2021 13:40:00;233.48;6.69;241.49;7.58
08-08-2021 13:50:00;225.07;7.01;235.66;8.43
08-08-2021 14:00:00;231.87;7.4;241.9;9.17
08-08-2021 14:10:00;227.31;6.26;235.25;7.66
08-08-2021 14:20:00;220.74;7.93;231.24;8.77
08-08-2021 14:30:00;220.56;6.34;229.85;6.75
08-08-2021 14:40:00;225.05;6.98;238.33;7.54
08-08-2021 14:50:00;231.09;7.14;240.83;8.34
08-08-2021 15:00:00;225.17;6.33;236.11;7.85
08-08-2021 15:10:00;222.87;5.24;230.84;6.13
08-08-2021 15:20:00;213.62;5.71;224.98;7.17
08-08-2021 15:30:00;209.49;6.22;221.1;7.72
08-08-2021 15:40:00;209.86;7.87;223.22;8.91
08-08-2021 15:50:00;220.49;6.58;229.7;7.71
08-08-2021 16:00:00;225.61;6.15;234.15;6.59
08-08-2021 16:10:00;218.96;5.14;229.43;6.2
08-08-2021 16:20:00;224.8;6.21;237.11;7.54
08-08-2021 16:30:00;229.36;6.13;234.52;7.23
08-08-2021 16:40:00;228.96;5.8;237.84;6.9
08-08-2021 16:50:00;222.24;4.23;229.22;5.07
08-08-2021 17:00:00;220.7;4.77;236.08;5.35
08-08-2021 17:10:00;227.44;4.17;235.04;5.02
08-08-2021 17:20:00;219.66;5.02;226.19;5.4
08-08-2021 17:30:00;222.62;6.17;232.28;7.29
08-08-2021 17:40:00;223.36;7.17;234.18;8.44
08-08-2021 17:50:00;223.58;5.92;234.78;7.68
08-08-2021 18:00:00;230.81;5.45;241.46;6.39
08-08-2021 18:10:00;228.68;4.59;241.15;5.44
08-08-2021 18:20:00;228.56;5.37;239.65;6.41
08-08-2021 18:30:00;219.43;4.57;231.49;5.66
08-08-2021 18:40:00;224.24;4.09;233.5;5.44
08-08-2021 18:50:00;220.55;4.23;231.1;5.38
08-08-2021 19:00:00;214.99;4.76;226.19;6.07
08-08-2021 19:10:00;212.03;4.65;225.29;5.9
08-08-2021 19:20:00;206.35;3.82;218.72;5.58
08-08-2021 19:30:00;194.73;4.12;210.8;5.6
08-08-2021 19:40:00;196.09;4.22;209.61;5.91
08-08-2021 19:50:00;191.88;3.89;204.53;5.67
08-08-2021 20:00:00;190.3;3.94;204.51;5.5
08-08-2021 20:10:00;189.86;4.17;203.69;5.86
08-08-2021 20:20:00;189.77;4.3;206.75;6.38
08-08-2021 20:30:00;193.15;4.16;209.08;6.28
08-08-2021 20:40:00;195.91;4.31;213.69;6.48
08-08-2021 20:50:00;198.16;4.26;216.61;6.26
08-08-2021 21:00:00;199.01;4.13;220.4;6.31
08-08-2021 21:10:00;200.43;3.67;226.12;6.3
08-08-2021 21:20:00;195.83;3.94;221.38;6.1
08-08-2021 21:30:00;199.49;3.62;227.73;6.38
08-08-2021 21:40:00;192.95;4.15;216.4;6.37
08-08-2021 21:50:00;195.59;3.99;207.45;6.53
08-08-2021 22:00:00;211.62;3.25;215.32;5.41
08-08-2021 22:10:00;218.21;4.33;230.04;6.82
08-08-2021 22:20:00;218.11;4.26;239.87;6.32
08-08-2021 22:30:00;221.5;3.72;242.99;6.15
08-08-2021 22:40:00;222.83;3.98;239.41;6.5
08-08-2021 22:50:00;217.41;3.9;236.18;6.47
08-08-2021 23:00:00;211.19;4.09;228.91;6.32
08-08-2021 23:10:00;203.54;3.92;223.28;5.65
08-08-2021 23:20:00;200.31;3.76;214.17;5.69
08-08-2021 23:30:00;187.15;4.45;204.27;6.07
08-08-2021 23:40:00;184.17;4.87;205.95;6.51
08-08-2021 23:50:00;186.34;4.84;205.97;6.76
09-08-2021 00:00:00;187.32;4.35;208.04;6.19
09-08-2021 00:10:00;192.75;4.37;211.93;5.98
09-08-2021 00:20:00;190.28;3.98;212.45;5.85
09-08-2021 00:30:00;190.27;4.04;211.75;5.83
09-08-2021 00:40:00;196.07;4.07;215.2;5.82
09-08-2021 00:50:00;199.23;4.1;220.9;6.06
09-08-2021 01:00:00;197.87;4.01;220.45;5.72
09-08-2021 01:10:00;204.1;3.83;220.68;5.94
09-08-2021 01:20:00;204.07;3.84;219.85;6.1
09-08-2021 01:30:00;198.15;4.04;212.7;5.83
09-08-2021 01:40:00;191.87;4.2;210.93;6.11
09-08-2021 01:50:00;193.25;4.5;212.37;6.46
09-08-2021 02:00:00;193.8;4.39;212.29;6.37
09-08-2021 02:10:00;192.73;4.29;208.92;6.15
09-08-2021 02:20:00;191.22;4.3;205.58;6.08
09-08-2021 02:30:00;193.43;3.97;205.75;5.85
09-08-2021 02:40:00;194.68;3.89;207.69;5.67
09-08-2021 02:50:00;190.49;3.86;203.52;5.66
09-08-2021 03:00:00;185.15;4.2;200.67;5.83
09-08-2021 03:10:00;180.19;4.24;200.68;6.42
09-08-2021 03:20:00;185.84;4.49;203.9;6.26
09-08-2021 03:30:00;187.92;4.5;204.97;6.55
09-08-2021 03:40:00;191.97;4.34;207.56;6.3
09-08-2021 03:50:00;186.84;4.23;206.14;5.74
09-08-2021 04:00:00;191.29;4.11;210.61;6.31
09-08-2021 04:10:00;192.03;4.51;211.97;6.25
09-08-2021 04:20:00;194.1;4.33;213.69;6.39
09-08-2021 04:30:00;190.21;4.74;208.04;6.28
09-08-2021 04:40:00;191.07;4.34;207.18;6.29
09-08-2021 04:50:00;194.1;4.15;210.08;6.16
09-08-2021 05:00:00;190.82;3.84;207.81;5.67
09-08-2021 05:10:00;190.62;3.67;207.4;5.19
09-08-2021 05:20:00;188.15;3.53;205.59;5.43
09-08-2021 05:30:00;188.65;3.38;208.03;5
09-08-2021 05:40:00;189.31;3.86;209.87;5.35
09-08-2021 05:50:00;192.81;3.82;212.18;5.36
09-08-2021 06:00:00;198.89;3.7;215.24;5.39
09-08-2021 06:10:00;203.17;3.72;218.82;5.01
09-08-2021 06:20:00;202.34;3.83;218.67;5.42
09-08-2021 06:30:00;201.27;4.45;217.71;5.8
09-08-2021 06:40:00;205.02;4.41;222.1;5.84
09-08-2021 06:50:00;214.39;4.86;224.18;5.88
09-08-2021 07:00:00;210.26;4.66;230.55;5.34
09-08-2021 07:10:00;214.23;4.45;230.99;5.21
09-08-2021 07:20:00;224.64;4.71;237.36;5.91
09-08-2021 07:30:00;221.68;4.55;232.19;5.79
09-08-2021 07:40:00;221.8;4.86;231.14;5.97
09-08-2021 07:50:00;217.25;5.41;229.07;5.95
09-08-2021 08:00:00;226.4;6.02;234.8;7
09-08-2021 08:10:00;225.83;6.13;236.68;7.05
09-08-2021 08:20:00;226.11;5.94;237.13;6.93
09-08-2021 08:30:00;223.68;4.82;232.19;5.16
09-08-2021 08:40:00;213.97;4.87;226.52;5.83
09-08-2021 08:50:00;222.83;4.82;229.93;5.83
09-08-2021 09:00:00;220.13;5.48;226.21;6.18
09-08-2021 09:10:00;219.08;5.49;223.31;5.94
09-08-2021 09:20:00;213.19;5.1;226.65;5.75
09-08-2021 09:30:00;217.54;5.36;230.43;5.72
09-08-2021 09:40:00;221.11;6.13;232.23;6.9
09-08-2021 09:50:00;218.25;6.02;231.24;6.48
09-08-2021 10:00:00;206.48;7;218.23;7.24
09-08-2021 10:10:00;214.58;5.98;221.4;6.61
09-08-2021 10:20:00;220.49;7.31;228.46;7.69
09-08-2021 10:30:00;217.54;6.01;225.06;6.33
09-08-2021 10:40:00;213.57;6.1;226.73;7.08
09-08-2021 10:50:00;226.76;5.76;235.68;7.18
09-08-2021 11:00:00;225.67;5.21;232.93;5.76
09-08-2021 11:10:00;236.69;6.26;241.58;6.93
09-08-2021 11:20:00;227.96;5.24;233.89;6.6
09-08-2021 11:30:00;222.82;6.12;231.62;7.08
09-08-2021 11:40:00;216.09;7.75;229.6;8.08
09-08-2021 11:50:00;229.58;6.06;235.17;7.01
09-08-2021 12:00:00;211.04;7.69;221.01;9.03
09-08-2021 12:10:00;210.74;6.7;221.28;7.8
09-08-2021 12:20:00;219.48;6.56;225.41;7.69
09-08-2021 12:30:00;205.48;6.19;217.8;6.99
09-08-2021 12:40:00;208.27;6.08;218.2;7.18
09-08-2021 12:50:00;208.11;6.32;217.12;7.37
09-08-2021 13:00:00;205.24;7.51;213.08;8.38
09-08-2021 13:10:00;202.08;6.63;212;7.9
09-08-2021 13:20:00;199.71;6.92;211.74;7.7
09-08-2021 13:30:00;194.87;6.84;202.42;7.19
09-08-2021 13:40:00;197.12;6.31;207.82;6.53
09-08-2021 13:50:00;192.76;6.03;201.12;6.31
09-08-2021 14:00:00;197.16;6.44;205.52;6.43
09-08-2021 14:10:00;190.93;5.44;198.96;5.69
09-08-2021 14:20:00;198.11;6.72;204.19;7.18
09-08-2021 14:30:00;199.57;6.26;206.88;6.95
09-08-2021 14:40:00;200.33;5.89;210.96;6.35
09-08-2021 14:50:00;202.17;4.92;210.11;6.28
09-08-2021 15:00:00;202.87;5.55;216.76;6.52
09-08-2021 15:10:00;201.66;5.95;211.42;6.11
09-08-2021 15:20:00;192.47;5.58;201.9;5.73
09-08-2021 15:30:00;191.91;6.69;199.88;6.96
09-08-2021 15:40:00;195.79;5.93;205.89;6.18
09-08-2021 15:50:00;191.58;5.8;198.86;5.98
09-08-2021 16:00:00;190.31;6.08;196.42;6.42
09-08-2021 16:10:00;190.54;5.37;198.98;6.07
09-08-2021 16:20:00;188.66;4.08;197.39;5.2
09-08-2021 16:30:00;191.65;5.36;197.15;5.73
09-08-2021 16:40:00;189.83;4.96;197.82;4.79
09-08-2021 16:50:00;202.15;4.12;210.43;4.28
09-08-2021 17:00:00;193.54;3.95;202.56;4.16
09-08-2021 17:10:00;197.34;4.28;201.43;4.75
09-08-2021 17:20:00;188.18;3.99;192.94;4.54
09-08-2021 17:30:00;183.37;3.91;191.88;4.41
09-08-2021 17:40:00;186.42;5.45;197.9;6.28
09-08-2021 17:50:00;192.62;5.19;200.69;5.74
09-08-2021 18:00:00;186.85;4.34;194.77;5.04
09-08-2021 18:10:00;180.56;4.72;191.58;5.33
09-08-2021 18:20:00;171.13;4.26;179.09;4.76
09-08-2021 18:30:00;176.84;5.4;188.54;6.63
09-08-2021 18:40:00;214.54;8.57;222.2;9.96
09-08-2021 18:50:00;195.38;6.87;210.21;8.26
09-08-2021 19:00:00;195;5.03;217.73;6.19
09-08-2021 19:10:00;172.84;3.77;196.33;5.25
09-08-2021 19:20:00;152.62;2.32;179.24;3.29
09-08-2021 19:30:00;125.87;1.6;191.61;1.63
09-08-2021 19:40:00;148.31;1.05;225.24;1.52
09-08-2021 19:50:00;155.22;1.45;220.29;1.04
09-08-2021 20:00:00;143.58;1.43;181.28;1.09
09-08-2021 20:10:00;142.26;1.28;185.77;1.41
09-08-2021 20:20:00;96.36;1.49;165.82;0.94
09-08-2021 20:30:00;107.95;2;167.42;1.81
09-08-2021 20:40:00;120.23;2.79;178.7;2.69
09-08-2021 20:50:00;121.71;3.25;176.88;3.14
09-08-2021 21:00:00;126.91;3.19;165.61;3.08
09-08-2021 21:10:00;136.04;3.2;175.91;3.73
09-08-2021 21:20:00;138.56;3.07;168.4;4.02
09-08-2021 21:30:00;137.56;2.86;166.02;4.32
09-08-2021 21:40:00;128.41;2.46;170.16;4.47
09-08-2021 21:50:00;123.7;2.96;157.46;4.49
09-08-2021 22:00:00;143.17;1.75;157.82;3.87
09-08-2021 22:10:00;149.53;2.65;169.92;5.19
09-08-2021 22:20:00;147.67;2.61;164.12;5.04
09-08-2021 22:30:00;172.06;1.77;182.31;2.97
09-08-2021 22:40:00;254.05;2.6;220.64;2.54
09-08-2021 22:50:00;180.37;1.29;155.9;2.43
09-08-2021 23:00:00;128.19;3.08;172.52;3.01
09-08-2021 23:10:00;121.3;2.72;158.17;3.22
09-08-2021 23:20:00;123.92;0.86;157.16;2.66
09-08-2021 23:30:00;122.33;1.84;164.22;1.87
09-08-2021 23:40:00;123.22;1.88;154.03;1.83
09-08-2021 23:50:00;118.01;1.95;148.36;1.99
10-08-2021 00:00:00;122.16;2.9;151.64;2.47
10-08-2021 00:10:00;129.89;2.43;162.32;2.44
10-08-2021 00:20:00;124.93;2.37;155.07;2.55
10-08-2021 00:30:00;128.19;2.92;167.94;2.87
10-08-2021 00:40:00;128.57;3.22;173.01;2.83
10-08-2021 00:50:00;135.59;3.06;185.7;3.34
10-08-2021 01:00:00;150.55;2.99;200.13;3.91
10-08-2021 01:10:00;146.02;3.27;191.57;4.14
10-08-2021 01:20:00;151.82;2.83;195.84;4.16
10-08-2021 01:30:00;152.2;2.5;190.7;4.17
10-08-2021 01:40:00;162.51;2.61;202.49;4.41
10-08-2021 01:50:00;169.07;2.44;207.42;4.3
10-08-2021 02:00:00;174.62;1.91;213.06;4.09
10-08-2021 02:10:00;182.46;1.99;214.76;4.49
10-08-2021 02:20:00;192.37;2.72;229.5;5.31
10-08-2021 02:30:00;186.02;2.27;231.8;4.63
10-08-2021 02:40:00;171.64;2.15;219.88;4
10-08-2021 02:50:00;171.25;2.29;213.14;3.85
10-08-2021 03:00:00;178.6;2.95;212.83;4.3
10-08-2021 03:10:00;169.59;2.45;206.6;3.95
10-08-2021 03:20:00;156.19;2.4;201.49;3.88
10-08-2021 03:30:00;158.25;2.76;199.41;4.3
10-08-2021 03:40:00;154.18;2.5;197.35;4.09
10-08-2021 03:50:00;149.31;2.15;194.8;4.14
10-08-2021 04:00:00;170.65;2.55;201.26;4.6
10-08-2021 04:10:00;166.8;2.72;197.04;4.43
10-08-2021 04:20:00;162.63;2.68;195.53;4.14
10-08-2021 04:30:00;165.73;2.75;198.55;4.55
10-08-2021 04:40:00;153.33;2.66;195.18;4.59
10-08-2021 04:50:00;139.09;2.79;192.14;4.52
10-08-2021 05:00:00;141.12;2.58;199.11;4.29
10-08-2021 05:10:00;155.92;2.08;205.1;4.07
10-08-2021 05:20:00;163.01;2.66;204.28;4.06
10-08-2021 05:30:00;146.23;2.44;196.09;3.71
10-08-2021 05:40:00;145.95;2.65;193.34;3.91
10-08-2021 05:50:00;149.83;2.54;197.86;4.18
10-08-2021 06:00:00;152.97;2.68;197.5;4.32
10-08-2021 06:10:00;155.81;2.44;198.78;4.19
10-08-2021 06:20:00;147.03;2.02;196.73;3.62
10-08-2021 06:30:00;163.12;2.66;199.19;3.9
10-08-2021 06:40:00;162.52;2.62;201;3.83
10-08-2021 06:50:00;159.93;2.93;199.86;4.07
10-08-2021 07:00:00;164.82;2.74;202.03;4.49
10-08-2021 07:10:00;159.85;2.59;194.23;4.44
10-08-2021 07:20:00;163.07;3.41;194.54;5.18
10-08-2021 07:30:00;153.33;2.99;181.1;4.78
10-08-2021 07:40:00;179.49;2.53;195.01;3.89
10-08-2021 07:50:00;179.74;3.4;202.07;4.57
10-08-2021 08:00:00;180.82;2.92;201.37;3.74
10-08-2021 08:10:00;174.03;2.72;194.14;4.13
10-08-2021 08:20:00;182.72;3.43;200.79;3.96
10-08-2021 08:30:00;201.17;2.86;217.74;3.97
10-08-2021 08:40:00;209.41;2.96;226.95;3.93
10-08-2021 08:50:00;207.72;3.54;226.42;4.44
10-08-2021 09:00:00;213.06;3.6;224.83;4.76
10-08-2021 09:10:00;206.06;3.43;222.66;4.13
10-08-2021 09:20:00;200.15;3.23;218.14;3.99
10-08-2021 09:30:00;195.22;3.74;211.99;4.48
10-08-2021 09:40:00;198.09;3.96;213.97;4.56
10-08-2021 09:50:00;195.06;4.49;204.43;4.95
10-08-2021 10:00:00;195.88;3.52;203.02;4.3
10-08-2021 10:10:00;196.37;3.59;205.59;3.93
10-08-2021 10:20:00;190.32;3.56;206.08;3.87
10-08-2021 10:30:00;186.72;3.75;201.17;3.62
10-08-2021 10:40:00;186.24;3.32;200.66;3.69
10-08-2021 10:50:00;193.51;4.13;208.42;4.47
10-08-2021 11:00:00;210.49;5.13;219.27;5.55
10-08-2021 11:10:00;223.67;5.33;233.24;6.09
10-08-2021 11:20:00;228.19;5;237.04;5.45
10-08-2021 11:30:00;223.56;4.51;235.14;4.53
10-08-2021 11:40:00;227.19;4.9;235.74;5.16
10-08-2021 11:50:00;219.51;4.68;232.39;5.2
10-08-2021 12:00:00;240.19;5.78;247.41;6.73
10-08-2021 12:10:00;237.11;6.69;247.07;7.51
10-08-2021 12:20:00;235.01;5.18;248.34;6.1
10-08-2021 12:30:00;250.36;5.89;256.7;6.63
10-08-2021 12:40:00;246.92;6.61;257.91;7.5
10-08-2021 12:50:00;257.48;5.14;265.27;6.41
10-08-2021 13:00:00;244.96;4.9;255.01;5.48
10-08-2021 13:10:00;247.65;4.39;255.57;4.96
10-08-2021 13:20:00;256.37;5.16;271.51;6.01
10-08-2021 13:30:00;290.28;8.09;296.01;9.21
10-08-2021 13:40:00;282.27;5.67;288.23;7.13
10-08-2021 13:50:00;281.82;4.68;288.98;5.85
10-08-2021 14:00:00;270.58;3.56;279.49;4.82
10-08-2021 14:10:00;259.52;2.77;270.46;3.43
10-08-2021 14:20:00;263.19;3.35;264.09;3.47
10-08-2021 14:30:00;260.01;3.52;267.1;4.61
10-08-2021 14:40:00;244.09;5.19;247.99;5.29
10-08-2021 14:50:00;235.74;5.82;248.29;6.53
10-08-2021 15:00:00;238.33;4.73;248.31;5.5
10-08-2021 15:10:00;237.2;5.12;248.3;5.82
10-08-2021 15:20:00;248.75;5.31;259.69;6.06
10-08-2021 15:30:00;306.38;5.8;312.55;6.45
10-08-2021 15:40:00;307.48;5.77;311.17;6.43
10-08-2021 15:50:00;333.52;2.15;321.44;4.58
10-08-2021 16:00:00;324.75;2.16;320.58;3.99
10-08-2021 16:10:00;309.95;0.82;317.15;3.01
10-08-2021 16:20:00;254.15;0.37;311.49;2.11
10-08-2021 16:30:00;357.72;0.42;323.49;1.91
10-08-2021 16:40:00;313.8;0.65;316.77;2.55
10-08-2021 16:50:00;291.03;2.2;306.33;4.97
10-08-2021 17:00:00;307.74;6;313.81;7.35
10-08-2021 17:10:00;313.06;7.58;314.85;8.79
10-08-2021 17:20:00;316.35;5.67;314.86;7.59
10-08-2021 17:30:00;309.48;3.76;310.04;5.66
10-08-2021 17:40:00;298.45;2.94;306.51;5
10-08-2021 17:50:00;282.94;3.06;294.11;4.88
10-08-2021 18:00:00;280.01;2.3;290.27;3.75
10-08-2021 18:10:00;276.03;2.18;291.09;3.21
10-08-2021 18:20:00;270.98;2.39;276.15;3.54
10-08-2021 18:30:00;243.33;2.25;256.98;2.91
10-08-2021 18:40:00;222.65;2.78;241.54;3.49
10-08-2021 18:50:00;226.74;3.7;245.1;4.22
10-08-2021 19:00:00;244.66;3.79;258.04;4.66
10-08-2021 19:10:00;250.51;3.45;262.91;4.51
10-08-2021 19:20:00;237.62;3.2;252.83;4.08
10-08-2021 19:30:00;220.87;3.09;241.61;4.24
10-08-2021 19:40:00;219.64;2.7;242.16;3.9
10-08-2021 19:50:00;230.85;2.3;254.47;3.22
10-08-2021 20:00:00;235.41;2.22;265.1;3.17
10-08-2021 20:10:00;247.56;2.68;271.9;3.91
10-08-2021 20:20:00;256.33;3.22;272.87;4.76
10-08-2021 20:30:00;263.93;4.01;276.32;5.93
10-08-2021 20:40:00;262.48;3.35;277.56;5.6
10-08-2021 20:50:00;265.31;3.16;278.6;5.21
10-08-2021 21:00:00;268.86;3.98;279.93;5.5
10-08-2021 21:10:00;253.57;3.21;273.34;4.69
10-08-2021 21:20:00;251.54;3.67;272.99;4.97
10-08-2021 21:30:00;250.51;3.86;273.42;4.67
10-08-2021 21:40:00;251.23;3.93;273.24;4.96
10-08-2021 21:50:00;255.38;3.28;276.64;4.62
10-08-2021 22:00:00;263.85;3.12;279.21;4.99
10-08-2021 22:10:00;260.66;3.37;277.37;5.3
10-08-2021 22:20:00;253.71;3.37;274.28;4.32
10-08-2021 22:30:00;251.15;3.83;272.17;4.46
10-08-2021 22:40:00;249.99;3.78;271.98;4.13
10-08-2021 22:50:00;248.47;4.34;269.12;4.65
10-08-2021 23:00:00;250.22;4.12;270.6;4.59
10-08-2021 23:10:00;249.83;4.76;266.11;5.33
10-08-2021 23:20:00;251.93;3.99;272.06;4.9
10-08-2021 23:30:00;248.25;4.18;268.43;4.87
10-08-2021 23:40:00;248.62;4.71;264.73;5.92
10-08-2021 23:50:00;248.02;3.75;266.79;5.78
11-08-2021 00:00:00;248.54;3.43;269.07;4.66
11-08-2021 00:10:00;246.75;3.6;268.71;4.65
11-08-2021 00:20:00;242;3.57;265.28;4.57
11-08-2021 00:30:00;243.12;3.54;263.76;5.24
11-08-2021 00:40:00;247.18;3.58;267.44;4.65
11-08-2021 00:50:00;247.77;3.59;270.04;4.35
11-08-2021 01:00:00;246.74;3.6;268.08;4.4
11-08-2021 01:10:00;250.02;4.02;267.1;4.81
11-08-2021 01:20:00;247.82;3.94;264.97;5.24
11-08-2021 01:30:00;253.8;3.79;272.36;4.99
11-08-2021 01:40:00;253.55;3.19;272.6;4.37
11-08-2021 01:50:00;250.14;3.28;267.79;4.29
11-08-2021 02:00:00;247.2;3.09;268.64;4.5
11-08-2021 02:10:00;252.27;3.08;273.42;4.29
11-08-2021 02:20:00;249.04;2.63;273.2;4.33
11-08-2021 02:30:00;247.87;1.86;274.61;3.97
11-08-2021 02:40:00;245.11;2.12;273.13;4.11
11-08-2021 02:50:00;254.92;2.53;273.68;4.3
11-08-2021 03:00:00;255.27;2.85;273.04;4.26
11-08-2021 03:10:00;261.6;2.66;274.85;4.44
11-08-2021 03:20:00;259.83;2.78;275.92;4.5
11-08-2021 03:30:00;254.09;2.34;271.52;3.76
11-08-2021 03:40:00;255.34;2.03;271.16;3.45
11-08-2021 03:50:00;260.77;2.59;273.94;4.22
11-08-2021 04:00:00;262.11;2.57;274.67;4.2
11-08-2021 04:10:00;255.01;2.98;272.28;4.86
11-08-2021 04:20:00;250.86;2.85;268.69;4.46
11-08-2021 04:30:00;242.53;2.16;271.97;3.93
11-08-2021 04:40:00;241.34;1.96;277.58;3.52
11-08-2021 04:50:00;244.03;1.98;274.68;3.61
11-08-2021 05:00:00;233.21;1.73;269.63;3.35
11-08-2021 05:10:00;226.17;1.3;274.45;3.26
11-08-2021 05:20:00;218.26;1.49;276.16;3.68
11-08-2021 05:30:00;200.16;1.32;279.99;3.41
11-08-2021 05:40:00;190.93;1.49;277.79;2.99
11-08-2021 05:50:00;208.72;1.76;278.58;3.4
11-08-2021 06:00:00;217.51;2.02;275.23;3.79
11-08-2021 06:10:00;197.02;2.05;261.19;4.25
11-08-2021 06:20:00;190.09;2.03;264.7;3.96
11-08-2021 06:30:00;173.54;1.62;268.96;3.53
11-08-2021 06:40:00;168.17;1.43;268.17;3.4
11-08-2021 06:50:00;161.66;1.15;257;2.91
11-08-2021 07:00:00;136.13;1.25;268.54;2.85
11-08-2021 07:10:00;166.39;1.3;270.97;3.1
11-08-2021 07:20:00;167.56;1.22;264.61;2.72
11-08-2021 07:30:00;158.22;1.2;266.87;2.55
11-08-2021 07:40:00;167.49;1.14;265.29;2.74
11-08-2021 07:50:00;157.39;1.54;241.46;1.98
11-08-2021 08:00:00;140.58;1.55;227.25;1.48
11-08-2021 08:10:00;154.25;1.61;231.6;1.41
11-08-2021 08:20:00;140.81;1.56;191.49;1.56
11-08-2021 08:30:00;159.77;1.53;213.21;1.86
11-08-2021 08:40:00;248.3;2.56;262.02;3.4
11-08-2021 08:50:00;242.25;2.95;258.23;3.51
11-08-2021 09:00:00;255.31;3.44;265.69;4.2
11-08-2021 09:10:00;252.13;3.11;267.23;3.75
11-08-2021 09:20:00;273.03;3.92;280.85;4.6
11-08-2021 09:30:00;259.97;3.78;270.48;4.26
11-08-2021 09:40:00;248.84;4.16;260.95;4.55
11-08-2021 09:50:00;247.93;3.57;259.51;3.82
11-08-2021 10:00:00;244.82;2.78;262.19;3.17
11-08-2021 10:10:00;240.6;2.94;258.61;3.41
11-08-2021 10:20:00;249.79;3.22;254.36;3.44
11-08-2021 10:30:00;246.1;3.22;251.13;3.28
11-08-2021 10:40:00;269.63;2.57;282.88;3.1
11-08-2021 10:50:00;272.93;3.46;278.02;3.79
11-08-2021 11:00:00;244.71;3.03;266.55;3.19
11-08-2021 11:10:00;298.56;3.46;297.55;4.06
11-08-2021 11:20:00;252.23;3.52;261.32;4.13
11-08-2021 11:30:00;219.12;2.72;239.77;2.97
11-08-2021 11:40:00;277.15;2.66;284.45;3.05
11-08-2021 11:50:00;271.26;3.09;278.95;3.16
11-08-2021 12:00:00;272.85;3.72;282.5;4.3
11-08-2021 12:10:00;269.77;2.47;273.79;3
11-08-2021 12:20:00;264.16;3.78;273.69;3.95
11-08-2021 12:30:00;266.92;4.04;273.57;4.31
11-08-2021 12:40:00;255;3.39;267.14;3.36
11-08-2021 12:50:00;265.95;2.83;285.01;3.24
11-08-2021 13:00:00;276.22;4;286.24;4.1
11-08-2021 13:10:00;283.79;3.95;286.37;4.49
11-08-2021 13:20:00;255.36;3.6;266.5;4.12
11-08-2021 13:30:00;275.93;4.3;286.31;5.03
11-08-2021 13:40:00;276.57;5.03;287.24;5.33
11-08-2021 13:50:00;280.45;5.34;290.51;5.73
11-08-2021 14:00:00;272.32;5.03;280.04;5.32
11-08-2021 14:10:00;258.92;3.81;265.28;4.13
11-08-2021 14:20:00;273.4;4.85;279.29;5.43
11-08-2021 14:30:00;261;4.61;271.23;5.04
11-08-2021 14:40:00;266.57;5.3;276.55;5.74
11-08-2021 14:50:00;255.41;4.27;266.6;4.38
11-08-2021 15:00:00;272.46;3.61;284.1;4.12
11-08-2021 15:10:00;269.19;4.47;281.53;4.88
11-08-2021 15:20:00;277.09;3.65;284.26;4.14
11-08-2021 15:30:00;275.79;4.36;286.02;4.9
11-08-2021 15:40:00;270.59;4.79;282.93;5.33
11-08-2021 15:50:00;282.08;4.95;290.18;5.78
11-08-2021 16:00:00;278.71;5.77;287.3;6.38
11-08-2021 16:10:00;281.56;4.68;288.23;5.19
11-08-2021 16:20:00;284.46;6.08;290.82;6.81
11-08-2021 16:30:00;283.66;5.36;291.02;5.4
11-08-2021 16:40:00;282.94;4.37;288.95;4.86
11-08-2021 16:50:00;282.71;4.45;285.52;4.54
11-08-2021 17:00:00;283.73;4.87;290.71;5.45
11-08-2021 17:10:00;287.65;4.57;297.74;5.54
11-08-2021 17:20:00;284.29;4.67;288.06;4.9
11-08-2021 17:30:00;288.4;4.7;294.49;5.09
11-08-2021 17:40:00;281.24;4.68;290.33;5.16
11-08-2021 17:50:00;279.39;4.62;285.07;5.3
11-08-2021 18:00:00;276.69;5.23;284.92;5.67
11-08-2021 18:10:00;273.4;4.89;285.42;5.81
11-08-2021 18:20:00;278.2;5.26;290.43;5.48
11-08-2021 18:30:00;278.91;4.42;288.01;5.16
11-08-2021 18:40:00;268.98;3.31;280.58;4.18
11-08-2021 18:50:00;277.51;4.01;287.52;4.76
11-08-2021 19:00:00;275.75;4.9;286.2;5.34
11-08-2021 19:10:00;282.48;4.77;289.5;5.32
11-08-2021 19:20:00;279.43;4.32;287.74;4.9
11-08-2021 19:30:00;279.32;4.3;288.48;4.71
11-08-2021 19:40:00;276.22;3.85;284.08;4.06
11-08-2021 19:50:00;276.75;2.73;286.19;3.83
11-08-2021 20:00:00;279.95;2.28;285.78;3.49
11-08-2021 20:10:00;288.62;1.77;293.78;2.68
11-08-2021 20:20:00;299.59;1.57;312.11;1.98
11-08-2021 20:30:00;307.63;1.51;320.54;1.99
11-08-2021 20:40:00;314.52;1.5;316.7;1.76
11-08-2021 20:50:00;305.35;0.61;325.26;1.77
11-08-2021 21:00:00;168.92;0.49;330.32;1.52
11-08-2021 21:10:00;132.27;0.33;332.77;1.38
11-08-2021 21:20:00;160.1;0.34;331.97;1.04
11-08-2021 21:30:00;224.33;0.37;333.12;1.13
11-08-2021 21:40:00;261.78;0.35;331.35;1.23
11-08-2021 21:50:00;174.74;0.6;333.63;1.24
11-08-2021 22:00:00;179.35;0.57;357.6;0.68
11-08-2021 22:10:00;137.8;0.59;24.72;0.67
11-08-2021 22:20:00;131.42;0.89;25.21;0.68
11-08-2021 22:30:00;157.04;1.43;70.84;0.57
11-08-2021 22:40:00;156.69;1.15;76.02;0.69
11-08-2021 22:50:00;171.6;1.12;97.22;0.78
11-08-2021 23:00:00;161.57;1.06;94.22;1.02
11-08-2021 23:10:00;139.39;1.63;100.95;1.19
11-08-2021 23:20:00;161.01;1.97;122.74;1.12
11-08-2021 23:30:00;162.31;1.92;129.93;1.38
11-08-2021 23:40:00;158.29;2.11;141.45;1.59
11-08-2021 23:50:00;159.05;1.77;152.53;1.44
12-08-2021 00:00:00;158.59;1.59;165.3;1.37
12-08-2021 00:10:00;146.06;1.73;166.83;1.74
12-08-2021 00:20:00;132.23;2.15;154.04;1.8
12-08-2021 00:30:00;133.34;2.13;168.6;1.83
12-08-2021 00:40:00;132.94;2.38;167.98;1.93
12-08-2021 00:50:00;127.13;3.02;161.09;2.28
12-08-2021 01:00:00;128.26;3.21;160.82;2.29
12-08-2021 01:10:00;131.89;3.45;156.22;2.22
12-08-2021 01:20:00;131.93;3.71;153.09;2.57
12-08-2021 01:30:00;130.15;3.86;155.9;2.85
12-08-2021 01:40:00;129.56;3.84;161.72;3.02
12-08-2021 01:50:00;131.05;3.65;162.36;3.05
12-08-2021 02:00:00;128.23;3.64;162.33;3.17
12-08-2021 02:10:00;132.3;3.8;165.34;3.19
12-08-2021 02:20:00;140.18;3.35;158.9;3.65
12-08-2021 02:30:00;141.7;3.19;159.86;3.65
12-08-2021 02:40:00;152.86;3.21;167.46;4.19
12-08-2021 02:50:00;150.76;3.28;167.24;4.29
12-08-2021 03:00:00;139.47;3.11;172.65;4.6
12-08-2021 03:10:00;136.25;3.24;177.29;4.84
12-08-2021 03:20:00;137.18;3.48;178.72;4.41
12-08-2021 03:30:00;139.97;3.25;177.07;4.32
12-08-2021 03:40:00;138.11;3.09;176.13;4.45
12-08-2021 03:50:00;132.05;2.95;177.78;4.74
12-08-2021 04:00:00;129.2;3.36;175.99;4.55
12-08-2021 04:10:00;131.02;3.69;180.01;4.46
12-08-2021 04:20:00;129.19;3.55;181.57;4.15
12-08-2021 04:30:00;125.89;3.65;185.19;4.4
12-08-2021 04:40:00;128.55;3.55;185.61;4.15
12-08-2021 04:50:00;130.52;3.69;186.28;4.13
12-08-2021 05:00:00;134.55;3.65;185.43;4.11
12-08-2021 05:10:00;131.89;3.3;181.16;3.86
12-08-2021 05:20:00;130.05;3.37;180.11;4.02
12-08-2021 05:30:00;129.29;3.33;181.14;4.25
12-08-2021 05:40:00;125.58;3.56;170.94;3.9
12-08-2021 05:50:00;124.93;3.62;168.25;4.01
12-08-2021 06:00:00;127.83;3.07;171.46;4.12
12-08-2021 06:10:00;127.76;2.57;172.38;3.89
12-08-2021 06:20:00;126.43;2.71;167.01;4.2
12-08-2021 06:30:00;129.39;2.73;164.61;4.55
12-08-2021 06:40:00;125.76;2.73;160.31;4.29
12-08-2021 06:50:00;121.26;2.87;157.59;4.57
12-08-2021 07:00:00;124.91;3.05;154.71;4.6
12-08-2021 07:10:00;130.61;3.01;155.27;4.85
12-08-2021 07:20:00;143.72;2.57;156.77;3.91
12-08-2021 07:30:00;144.22;2.71;159.21;3.81
12-08-2021 07:40:00;143.46;3.45;160.94;4.5
12-08-2021 07:50:00;139.29;2.66;156.25;3.92
12-08-2021 08:00:00;140.91;2.85;159.17;3.6
12-08-2021 08:10:00;145.02;2.74;157.16;3.72
12-08-2021 08:20:00;142.55;2.85;154.89;3.73
12-08-2021 08:30:00;138.49;2.81;157.5;3.37
12-08-2021 08:40:00;141.63;2.93;155.38;3.64
12-08-2021 08:50:00;143.97;3.47;159.07;4.23
12-08-2021 09:00:00;139.33;2.93;154.84;3.7
12-08-2021 09:10:00;140.06;2.66;154.13;3
12-08-2021 09:20:00;147.32;3.53;157.88;4.41
12-08-2021 09:30:00;142.72;3.35;156.37;4.31
12-08-2021 09:40:00;139.39;3.71;153.55;4.43
12-08-2021 09:50:00;141.68;3.54;155;3.7
12-08-2021 10:00:00;141.59;3.58;157.09;3.7
12-08-2021 10:10:00;135.48;3.27;149.87;3.73
12-08-2021 10:20:00;143.5;3.54;157.6;3.87
12-08-2021 10:30:00;143.34;3.46;150.42;3.74
12-08-2021 10:40:00;138.31;3.86;151.31;4.01
12-08-2021 10:50:00;148.52;3.84;154.15;3.98
12-08-2021 11:00:00;146.25;3.33;157.56;3.51
12-08-2021 11:10:00;147.56;3.34;153.5;3.32
12-08-2021 11:20:00;131.89;3.73;144.33;3.43
12-08-2021 11:30:00;129.12;4.26;146.42;4.34
12-08-2021 11:40:00;139.47;3.48;151.43;3.96
12-08-2021 11:50:00;143.81;3.63;155.23;3.97
12-08-2021 12:00:00;146.14;3.46;158.67;4.43
12-08-2021 12:10:00;177.34;4.44;187.45;4.97
12-08-2021 12:20:00;136.31;4.94;153.4;5.34
12-08-2021 12:30:00;161.68;4.05;173.45;4.27
12-08-2021 12:40:00;143.54;4.35;154.55;4.6
12-08-2021 12:50:00;140.66;4.86;154.7;5.23
12-08-2021 13:00:00;143.63;3.9;156.44;4.19
12-08-2021 13:10:00;135.99;2.99;144.2;3.48
12-08-2021 13:20:00;130.86;3.7;145.81;3.9
12-08-2021 13:30:00;125.66;3.5;139.95;3.66
12-08-2021 13:40:00;115.41;3.57;129.41;3.65
12-08-2021 13:50:00;165.05;3.19;170.54;3.57
12-08-2021 14:00:00;146.84;2.81;158.7;3.23
12-08-2021 14:10:00;148.76;2.7;160.44;2.79
12-08-2021 14:20:00;174.69;3.59;186.49;3.81
12-08-2021 14:30:00;206.04;3.19;212.06;3.24
12-08-2021 14:40:00;211.01;3.71;218.35;4.05
12-08-2021 14:50:00;227.79;4.07;226.16;4.09
12-08-2021 15:00:00;234.09;2.97;235.6;3.09
12-08-2021 15:10:00;198.89;3.79;206.17;4.21
12-08-2021 15:20:00;216.18;4.27;224.43;4.17
12-08-2021 15:30:00;217.71;3.71;227.45;3.79
12-08-2021 15:40:00;233.59;2.87;237.49;3.49
12-08-2021 15:50:00;243.31;3.34;239.52;3.49
12-08-2021 16:00:00;205.67;4.16;212.78;4.27
12-08-2021 16:10:00;211.65;3.32;216.74;3.55
12-08-2021 16:20:00;199.64;2.75;215.47;2.87
12-08-2021 16:30:00;219.01;2.05;241.88;2.67
12-08-2021 16:40:00;241.93;2.96;244;3.1
12-08-2021 16:50:00;210.2;2.3;228.71;2.56
12-08-2021 17:00:00;215.46;2.99;228.81;3.17
12-08-2021 17:10:00;222.16;2.65;232.66;2.75
12-08-2021 17:20:00;233.62;3.01;244.54;2.95
12-08-2021 17:30:00;241.13;2.25;259.3;2.56
12-08-2021 17:40:00;244.18;3.15;254.57;3.83
12-08-2021 17:50:00;248.21;2.92;259.95;3.64
12-08-2021 18:00:00;267.03;3.6;276.72;4.38
12-08-2021 18:10:00;262.95;3.27;279.14;3.57
12-08-2021 18:20:00;265.7;2.96;279.67;3.35
12-08-2021 18:30:00;270.67;2.74;288.61;3
12-08-2021 18:40:00;278.47;1.93;287.77;2.59
12-08-2021 18:50:00;275.98;2.87;280.66;3.44
12-08-2021 19:00:00;274.84;2.59;280.28;3.51
12-08-2021 19:10:00;266.24;2.87;272.14;3.51
12-08-2021 19:20:00;261.42;3.15;273.53;4.36
12-08-2021 19:30:00;262.61;3.13;275.44;4.06
12-08-2021 19:40:00;274.63;2.74;287.28;3.89
12-08-2021 19:50:00;280.76;2.38;289.48;3.96
12-08-2021 20:00:00;283.32;1.92;294.75;3.43
12-08-2021 20:10:00;287.33;2.06;295.44;3.4
12-08-2021 20:20:00;288.15;2.7;296.89;3.84
12-08-2021 20:30:00;287.89;2.87;301.73;3.9
12-08-2021 20:40:00;295.45;2.12;305.22;3.44
12-08-2021 20:50:00;306.06;2.32;310.12;3.02
12-08-2021 21:00:00;298.65;2.1;301.4;3.46
12-08-2021 21:10:00;297.7;2.35;302.4;3.64
12-08-2021 21:20:00;301.81;2.65;304.12;3.97
12-08-2021 21:30:00;300.57;2.66;305.15;3.47
12-08-2021 21:40:00;294.09;2.51;308.19;3.17
12-08-2021 21:50:00;298.73;2.67;312.52;3.31
12-08-2021 22:00:00;299.33;3.25;309.68;3.7
12-08-2021 22:10:00;296.98;3.28;309.8;3.86
12-08-2021 22:20:00;299.24;2.95;311.85;3.8
12-08-2021 22:30:00;302.64;3.04;312.2;3.6
12-08-2021 22:40:00;305.93;2.54;316.66;3.51
12-08-2021 22:50:00;308.19;2.29;331.13;2.96
12-08-2021 23:00:00;313.43;2.14;345.03;2.76
12-08-2021 23:10:00;308.27;2.37;347.86;2.98
12-08-2021 23:20:00;312.34;2.48;353.83;3.09
12-08-2021 23:30:00;308.85;2.5;347.89;3.04
12-08-2021 23:40:00;307.65;2.65;331.73;3.39
12-08-2021 23:50:00;311.34;2.73;331.73;3.44
13-08-2021 00:00:00;319.43;2.02;351.38;3.05
13-08-2021 00:10:00;328.98;1.73;15.08;2
13-08-2021 00:20:00;344.98;1.22;24.96;2.23
13-08-2021 00:30:00;350.52;0.86;24.37;1.75
13-08-2021 00:40:00;349.07;0.76;27.12;1.8
13-08-2021 00:50:00;19.74;0.43;30.28;2.13
13-08-2021 01:00:00;50.87;0.77;35.89;2.61
13-08-2021 01:10:00;80.24;0.83;37.31;2.42
13-08-2021 01:20:00;85.18;1.6;46.69;2.38
13-08-2021 01:30:00;83.43;1.92;56.62;2.6
13-08-2021 01:40:00;81.65;1.72;51.45;1.93
13-08-2021 01:50:00;96.84;0.95;37.24;1.27
13-08-2021 02:00:00;113.47;0.82;47.58;1.71
13-08-2021 02:10:00;149.68;1.19;60.76;1.56
13-08-2021 02:20:00;164.45;1.26;67.09;0.93
13-08-2021 02:30:00;165.31;1.58;89.53;1.45
13-08-2021 02:40:00;181.3;1.95;104.04;1.61
13-08-2021 02:50:00;183.85;1.99;112.52;1.74
13-08-2021 03:00:00;180.77;2.35;123.82;2.23
13-08-2021 03:10:00;181.14;2.12;119.2;2.37
13-08-2021 03:20:00;185.74;2.51;132.43;2.47
13-08-2021 03:30:00;185.71;2.29;144.26;2.46
13-08-2021 03:40:00;173.8;2.09;134.72;2.69
13-08-2021 03:50:00;170.33;1.62;139.34;2.45
13-08-2021 04:00:00;174.37;1.81;144.45;2.3
13-08-2021 04:10:00;174.72;2.12;148.69;2.48
13-08-2021 04:20:00;179.08;2.38;159.91;3.03
13-08-2021 04:30:00;177.31;2.44;172.34;3.4
13-08-2021 04:40:00;180.21;2.48;182.14;3.52
13-08-2021 04:50:00;179.61;2.3;184.57;3.77
13-08-2021 05:00:00;172.16;2.05;181.65;4.02
13-08-2021 05:10:00;168.9;2.22;179.95;4.05
13-08-2021 05:20:00;175.38;2.25;182.98;4.11
13-08-2021 05:30:00;171.59;2.2;181.55;3.89
13-08-2021 05:40:00;169.06;2.1;188.68;3.49
13-08-2021 05:50:00;171.33;2.14;194.54;3.64
13-08-2021 06:00:00;172.05;2.21;201.93;4.25
13-08-2021 06:10:00;167.27;2.29;201.13;4.83
13-08-2021 06:20:00;172.69;2.14;205.06;4.84
13-08-2021 06:30:00;176.71;1.94;213.07;4.72
13-08-2021 06:40:00;161.4;1.48;211.09;4.41
13-08-2021 06:50:00;177.85;1.6;212.88;4.82
13-08-2021 07:00:00;181.42;1.72;213.17;3.81
13-08-2021 07:10:00;186.75;1.3;212.51;2.97
13-08-2021 07:20:00;179.91;1.79;213.7;3.26
13-08-2021 07:30:00;187.69;1.86;216.57;2.76
13-08-2021 07:40:00;183.44;1.36;224.21;2.51
13-08-2021 07:50:00;191.7;1.38;220.01;2.29
13-08-2021 08:00:00;193.94;1.72;231.67;2.25
13-08-2021 08:10:00;201.36;1.68;232.14;2.66
13-08-2021 08:20:00;207.45;2.6;234.15;2.91
13-08-2021 08:30:00;217.3;3.14;235.45;3.45
13-08-2021 08:40:00;215.99;2.52;226.89;2.9
13-08-2021 08:50:00;187.76;2.43;208.91;2.53
13-08-2021 09:00:00;198.43;3.47;212.92;3.5
13-08-2021 09:10:00;219.44;3.35;227.62;3.43
13-08-2021 09:20:00;213.86;2.87;221.43;3.14
13-08-2021 09:30:00;217.96;3.44;225.34;3.46
13-08-2021 09:40:00;221.24;3.42;228.93;3.83
13-08-2021 09:50:00;221.23;3.89;220.85;4.01
13-08-2021 10:00:00;206.81;4.7;216.85;5.06
13-08-2021 10:10:00;199.96;4.36;209.2;4.44
13-08-2021 10:20:00;211.03;5.1;217.91;5.32
13-08-2021 10:30:00;232.36;5.31;237.23;5.47
13-08-2021 10:40:00;225.3;4.54;231.44;4.82
13-08-2021 10:50:00;216.01;4.78;226.26;5.16
13-08-2021 11:00:00;225.07;4.57;230.51;5.03
13-08-2021 11:10:00;230.02;4.38;233.28;4.77
13-08-2021 11:20:00;232.06;4.83;239.13;5.18
13-08-2021 11:30:00;228.43;4.22;234.06;5.1
13-08-2021 11:40:00;231.84;4.81;238.51;5.32
13-08-2021 11:50:00;207.09;3.52;219.08;4.03
13-08-2021 12:00:00;211.6;4.1;227.57;4.52
13-08-2021 12:10:00;240.09;4.59;246.54;5.24
13-08-2021 12:20:00;232.4;3.8;240.81;4.82
13-08-2021 12:30:00;231.79;6.56;240.87;7.28
13-08-2021 12:40:00;229.58;4.8;235.95;5.85
13-08-2021 12:50:00;230.29;4.76;244.3;5.46
13-08-2021 13:00:00;244;4;253.41;4.95
13-08-2021 13:10:00;226.22;4.22;238.01;4.59
13-08-2021 13:20:00;221.39;4.66;237.52;4.93
13-08-2021 13:30:00;228.51;5.91;238.46;7.12
13-08-2021 13:40:00;239.35;5.12;245.71;5.56
13-08-2021 13:50:00;243.16;4.47;249.79;5.21
13-08-2021 14:00:00;238.87;3.75;252.83;4.74
13-08-2021 14:10:00;244.8;5.26;256.05;6.55
13-08-2021 14:20:00;237.35;4.99;250.48;5.24
13-08-2021 14:30:00;244.97;4.63;254.69;4.96
13-08-2021 14:40:00;256.1;5.23;261.58;5.8
13-08-2021 14:50:00;244.3;5.72;249.28;6.72
13-08-2021 15:00:00;233.61;6.37;246.02;7.57
13-08-2021 15:10:00;241.04;7.25;252.81;8.63
13-08-2021 15:20:00;241.76;6.87;251;8.35
13-08-2021 15:30:00;241.07;5.3;248.73;5.58
13-08-2021 15:40:00;243.82;6.71;252.88;7.71
13-08-2021 15:50:00;254.22;6.89;259.91;7.21
13-08-2021 16:00:00;263.91;5.99;271.1;7.83
13-08-2021 16:10:00;265.53;6.4;274.05;7.75
13-08-2021 16:20:00;282.03;6.8;291.25;8.3
13-08-2021 16:30:00;290.68;7.26;296.65;8.34
13-08-2021 16:40:00;284.22;8.94;293.54;10.42
13-08-2021 16:50:00;286.67;8.58;294.67;9.5
13-08-2021 17:00:00;283.53;8.9;292.1;10.31
13-08-2021 17:10:00;285.3;9.59;291.34;11.28
13-08-2021 17:20:00;287.19;9.06;293.39;10.68
13-08-2021 17:30:00;287.97;9.2;294.77;11.17
13-08-2021 17:40:00;290.07;8.4;293.21;10.25
13-08-2021 17:50:00;278.94;7.45;285.32;8.41
13-08-2021 18:00:00;276.49;7.15;284.89;8.43
13-08-2021 18:10:00;274.69;8.03;283.67;9.51
13-08-2021 18:20:00;278.97;8.41;286.43;9.81
13-08-2021 18:30:00;275.66;6.2;283.04;7.72
13-08-2021 18:40:00;289.64;6.08;298.75;6.79
13-08-2021 18:50:00;318.46;4.93;320.85;6.49
13-08-2021 19:00:00;314.44;6.91;320.24;8.16
13-08-2021 19:10:00;305.17;7.1;312.58;7.83
13-08-2021 19:20:00;307.34;6.2;309.76;6.85
13-08-2021 19:30:00;293.81;5.47;302.69;6.42
13-08-2021 19:40:00;294.99;5.64;303.9;6.55
13-08-2021 19:50:00;294.49;6;301.21;6.81
13-08-2021 20:00:00;295;6.61;302.06;7.53
13-08-2021 20:10:00;291.38;4.83;300.26;5.7
13-08-2021 20:20:00;296.1;6.43;304.07;6.98
13-08-2021 20:30:00;300.7;5.77;308.78;6.69
13-08-2021 20:40:00;298.15;7.17;307.45;8
13-08-2021 20:50:00;298.03;7.5;307.67;8.16
13-08-2021 21:00:00;298.24;6.51;306.28;7.47
13-08-2021 21:10:00;294.2;6.61;303.37;7.11
13-08-2021 21:20:00;294.59;5.33;302.02;6.23
13-08-2021 21:30:00;281.87;3.75;294.13;4.37
13-08-2021 21:40:00;291.05;4.39;300.69;5.73
13-08-2021 21:50:00;293.95;5.58;302.09;6.2
13-08-2021 22:00:00;291.1;4.5;301.56;5.47
13-08-2021 22:10:00;289.78;3.55;297.72;4.42
13-08-2021 22:20:00;290.14;3.18;296.58;4.24
13-08-2021 22:30:00;289.39;3.84;299.59;4.61
13-08-2021 22:40:00;295.13;5.06;302.56;5.59
13-08-2021 22:50:00;295.86;4.93;304.68;5.8
13-08-2021 23:00:00;294.94;4.88;301.46;5.76
13-08-2021 23:10:00;293.73;5.44;302.03;6.62
13-08-2021 23:20:00;282.48;4.6;288.78;6.08
13-08-2021 23:30:00;275.33;4.03;283.4;4.87
13-08-2021 23:40:00;276.38;4.43;286.2;5.58
13-08-2021 23:50:00;271.15;4.48;282.36;5.62
14-08-2021 00:00:00;273.43;4.3;281.18;5.43
14-08-2021 00:10:00;270.5;3.62;283.99;4.78
14-08-2021 00:20:00;269.04;3.29;280.51;4.57
14-08-2021 00:30:00;265.03;3.49;279.44;4.72
14-08-2021 00:40:00;266.63;3.53;280.27;4.7
14-08-2021 00:50:00;254.04;3.4;274.13;4.25
14-08-2021 01:00:00;250.64;2.93;275.89;3.96
14-08-2021 01:10:00;240.59;2.92;270.71;3.44
14-08-2021 01:20:00;243.65;2.98;272.91;3.57
14-08-2021 01:30:00;234.05;3.53;263.28;4.07
14-08-2021 01:40:00;233.12;2.89;257.11;3.99
14-08-2021 01:50:00;217.37;2.75;243.69;3.69
14-08-2021 02:00:00;212.56;2.74;243.49;4.19
14-08-2021 02:10:00;206.91;2.85;254.01;4.25
14-08-2021 02:20:00;212.09;3.4;256.82;4.88
14-08-2021 02:30:00;210.68;2.94;256.01;4.7
14-08-2021 02:40:00;206.64;2.25;257.93;4.49
14-08-2021 02:50:00;202.53;2.59;257.89;4.46
14-08-2021 03:00:00;204.93;2.55;256.31;4.53
14-08-2021 03:10:00;204.47;2.01;254.67;4.55
14-08-2021 03:20:00;214.27;2.07;258.46;5.07
14-08-2021 03:30:00;202.21;2.07;254.04;4.39
14-08-2021 03:40:00;176.21;1.91;237.12;3.29
14-08-2021 03:50:00;177.77;1.72;237.65;3.59
14-08-2021 04:00:00;189.44;2.58;240;4.11
14-08-2021 04:10:00;201.57;3.48;244.42;4.75
14-08-2021 04:20:00;202.41;3.38;245.62;5.09
14-08-2021 04:30:00;192.26;2.96;236.28;4.66
14-08-2021 04:40:00;177.12;2.41;221.5;4.25
14-08-2021 04:50:00;172.05;2.58;215.63;3.68
14-08-2021 05:00:00;180.07;2.6;218.25;3.86
14-08-2021 05:10:00;184.1;2.37;222.95;3.91
14-08-2021 05:20:00;185.94;2.45;220.86;3.74
14-08-2021 05:30:00;191.16;2.55;225.1;4
14-08-2021 05:40:00;196.17;2.64;231;4.58
14-08-2021 05:50:00;194.51;2.71;231.53;4.87
14-08-2021 06:00:00;191.83;2.42;228.78;4.68
14-08-2021 06:10:00;195.57;2.56;229.78;4.56
14-08-2021 06:20:00;190.27;3.16;222.74;4.69
14-08-2021 06:30:00;187.43;3.07;222.66;4.81
14-08-2021 06:40:00;189.76;3.19;222.9;4.65
14-08-2021 06:50:00;190.62;3.35;221.1;4.8
14-08-2021 07:00:00;193.6;3.13;224.66;4.51
14-08-2021 07:10:00;197.47;3.17;227.64;4.34
14-08-2021 07:20:00;193.67;2.77;225.01;3.88
14-08-2021 07:30:00;192.67;2.62;220.66;3.59
14-08-2021 07:40:00;201.43;2.94;219.99;3.43
14-08-2021 07:50:00;208.84;3.26;226.3;3.89
14-08-2021 08:00:00;208.18;2.76;219.02;3.93
14-08-2021 08:10:00;201.26;3.11;218.29;3.76
14-08-2021 08:20:00;205.22;3.47;220.26;3.9
14-08-2021 08:30:00;213.79;4.07;227.2;4.58
14-08-2021 08:40:00;201.03;5.07;215.19;5.18
14-08-2021 08:50:00;201.19;5.13;219.84;5.65
14-08-2021 09:00:00;207.04;4.68;221.09;5.26
14-08-2021 09:10:00;221.46;5.97;230.74;5.97
14-08-2021 09:20:00;226.46;5.49;230.61;5.36
14-08-2021 09:30:00;212.36;5.84;223.61;6.34
14-08-2021 09:40:00;221.56;5.22;225.28;5.35
14-08-2021 09:50:00;225.09;5.82;234.3;6.62
14-08-2021 10:00:00;220.81;5.87;234.04;6.17
14-08-2021 10:10:00;237.37;6.71;243.1;7.2
14-08-2021 10:20:00;236.78;6.11;245.8;6.5
14-08-2021 10:30:00;232.11;6.77;240.78;7.88
14-08-2021 10:40:00;224.97;6.66;234.93;7.72
14-08-2021 10:50:00;230.39;5.98;238.19;6.98
14-08-2021 11:00:00;240.34;7.25;249.52;8.33
14-08-2021 11:10:00;242.11;5.41;247.57;6.45
14-08-2021 11:20:00;245.45;6.1;254.86;7.07
14-08-2021 11:30:00;239.37;5.06;250.43;5.41
14-08-2021 11:40:00;227.88;6.85;237.75;7.56
14-08-2021 11:50:00;225.21;4.38;230.8;5.04
14-08-2021 12:00:00;238.85;5.88;248.9;6.53
14-08-2021 12:10:00;238.08;6.57;247.87;7.52
14-08-2021 12:20:00;239.04;6.12;247.11;6.7
14-08-2021 12:30:00;233.39;5.91;246.91;7.07
14-08-2021 12:40:00;250.7;7.45;256.87;8.3
14-08-2021 12:50:00;244.85;7.24;252.94;8.8
14-08-2021 13:00:00;244.08;5.69;253.16;6.86
14-08-2021 13:10:00;243.08;6.63;253.84;7.53
14-08-2021 13:20:00;247.13;8.01;256.17;8.93
14-08-2021 13:30:00;250.94;5.39;258.91;6.29
14-08-2021 13:40:00;256.87;9.21;263.88;10.76
14-08-2021 13:50:00;254.65;8.43;263.41;9.7
14-08-2021 14:00:00;257.99;6.35;267.44;7.58
14-08-2021 14:10:00;256.1;7.39;265.13;8.66
14-08-2021 14:20:00;261.57;7.94;269.95;8.98
14-08-2021 14:30:00;258.95;6.69;265.92;8.26
14-08-2021 14:40:00;250.3;6.46;258.64;7.66
14-08-2021 14:50:00;249.17;6.99;255.73;8
14-08-2021 15:00:00;236.47;6.28;247.5;7.63
14-08-2021 15:10:00;250.59;5.19;256.55;6.1
14-08-2021 15:20:00;241.4;5.2;251.11;6.48
14-08-2021 15:30:00;240.07;6.9;250.58;8.15
14-08-2021 15:40:00;235.37;7.49;245.72;8.7
14-08-2021 15:50:00;250.09;6.35;257.96;7.22
14-08-2021 16:00:00;250.4;8.78;259.13;10.36
14-08-2021 16:10:00;248.62;9.55;257.01;11.18
14-08-2021 16:20:00;260.22;9.23;268.76;11.05
14-08-2021 16:30:00;264.44;8.68;271.24;9.6
14-08-2021 16:40:00;265.57;7.21;274.33;8.55
14-08-2021 16:50:00;281.68;6.11;290.18;7.78
14-08-2021 17:00:00;292.55;5.37;300.83;6.32
14-08-2021 17:10:00;296.99;5.23;302.2;6.11
14-08-2021 17:20:00;299.44;8.04;305.41;8.69
14-08-2021 17:30:00;310.52;6.69;313.66;7.86
14-08-2021 17:40:00;294.66;8.43;303.05;9.31
14-08-2021 17:50:00;294.55;7.94;303.54;8.78
14-08-2021 18:00:00;293.03;6.54;302.31;7.29
14-08-2021 18:10:00;294.69;5.06;304.19;5.97
14-08-2021 18:20:00;301.14;5.85;309.84;6.74
14-08-2021 18:30:00;302.15;5.6;308.4;6.95
14-08-2021 18:40:00;305.58;6.92;313.12;7.76
14-08-2021 18:50:00;300.75;5.84;307.2;6.79
14-08-2021 19:00:00;300.49;6.92;307.96;7.93
14-08-2021 19:10:00;297.7;7.44;305.3;8.75
14-08-2021 19:20:00;295.19;7.5;302.79;8.72
14-08-2021 19:30:00;298.73;7.42;305.25;8.26
14-08-2021 19:40:00;289.15;5.08;296.58;5.91
14-08-2021 19:50:00;290.79;4.94;297.91;6
14-08-2021 20:00:00;291.19;4.46;298.02;5.24
14-08-2021 20:10:00;286.98;4.52;297.22;5.4
14-08-2021 20:20:00;288.24;6.65;299.95;7.82
14-08-2021 20:30:00;294.45;5.95;299.71;7.24
14-08-2021 20:40:00;290.92;5.15;297.95;5.78
14-08-2021 20:50:00;282.57;4.64;293.26;5.78
14-08-2021 21:00:00;291.58;3.78;298.88;5
14-08-2021 21:10:00;285.91;4.02;297.22;4.56
14-08-2021 21:20:00;280.78;5.49;291.41;6.44
14-08-2021 21:30:00;280.3;5.07;294.85;6.1
14-08-2021 21:40:00;282.63;5.53;293.82;6.29
14-08-2021 21:50:00;284.47;5.84;294.53;7.07
14-08-2021 22:00:00;282.37;5.26;295.26;6.15
14-08-2021 22:10:00;279.56;5.83;290.75;6.4
14-08-2021 22:20:00;278.32;4.74;285.82;5.81
14-08-2021 22:30:00;275.14;4.33;285;5.62
14-08-2021 22:40:00;267.25;3.41;277.92;4.56
14-08-2021 22:50:00;266.13;3.92;278.67;5.35
14-08-2021 23:00:00;269.89;3.46;282.2;4.78
14-08-2021 23:10:00;269.61;3.82;281.18;5.28
14-08-2021 23:20:00;271.98;4.49;280.16;5.82
14-08-2021 23:30:00;268.31;4.62;279.32;6.34
14-08-2021 23:40:00;269.78;5.03;279.16;6.57
14-08-2021 23:50:00;264.65;3.73;274.13;5.48
15-08-2021 00:00:00;252.99;3.78;272.09;5.09
15-08-2021 00:10:00;250.56;3.66;267.72;5.3
15-08-2021 00:20:00;246.16;4.02;266.37;5.54
15-08-2021 00:30:00;248.51;4.01;267.44;5.63
15-08-2021 00:40:00;250.01;3.98;269.04;5.8
15-08-2021 00:50:00;252.97;4.02;271.77;5.92
15-08-2021 01:00:00;254.69;4.01;273.8;5.67
15-08-2021 01:10:00;255.21;3.85;272.44;5.36
15-08-2021 01:20:00;251.2;3.85;268.21;5.48
15-08-2021 01:30:00;243.4;3.85;259.14;5.77
15-08-2021 01:40:00;238.52;3.67;256.3;5.66
15-08-2021 01:50:00;231.18;3.31;252.9;5.14
15-08-2021 02:00:00;222.37;2.49;246.91;4.33
15-08-2021 02:10:00;215.32;2.54;243.47;4.61
15-08-2021 02:20:00;224.86;2.85;246.62;5.06
15-08-2021 02:30:00;217.93;3.09;249.4;5.11
15-08-2021 02:40:00;220.92;2.78;248.77;4.87
15-08-2021 02:50:00;222.12;2.6;250.8;4.82
15-08-2021 03:00:00;217.28;2.29;247.57;4.14
15-08-2021 03:10:00;212.53;2.27;242.03;3.74
15-08-2021 03:20:00;221.29;1.86;249.6;3.44
15-08-2021 03:30:00;215.15;1.78;251.66;3.32
15-08-2021 03:40:00;197.57;2.44;233.52;2.84
15-08-2021 03:50:00;196.03;2.37;231.25;3.03
15-08-2021 04:00:00;213.76;1.89;239.82;3.17
15-08-2021 04:10:00;233.94;1.44;249.27;2.65
15-08-2021 04:20:00;226.2;1.92;246.18;2.94
15-08-2021 04:30:00;260.24;1.82;281.2;2.88
15-08-2021 04:40:00;270.52;1.29;299.89;2.42
15-08-2021 04:50:00;310.84;2.76;317.17;4.1
15-08-2021 05:00:00;288.13;4.21;293.71;5.31
15-08-2021 05:10:00;290.3;3.64;300.84;4.71
15-08-2021 05:20:00;293.91;3.08;300.37;4.29
15-08-2021 05:30:00;290.15;2.68;294.92;3.57
15-08-2021 05:40:00;285.93;2.19;295.16;3.17
15-08-2021 05:50:00;276.32;2.28;286.41;3.17
15-08-2021 06:00:00;256.96;2.23;266.89;2.97
15-08-2021 06:10:00;243.24;2.57;265.66;3.26
15-08-2021 06:20:00;233.89;2.95;256.25;4.62
15-08-2021 06:30:00;228.43;2.44;253.37;3.97
15-08-2021 06:40:00;232.41;2.88;255.08;4.22
15-08-2021 06:50:00;238.04;2.94;261.08;4.29
15-08-2021 07:00:00;238.55;2.33;270.49;3.68
15-08-2021 07:10:00;230.46;1.89;271.98;3.14
15-08-2021 07:20:00;219.41;2.11;257.99;2.44
15-08-2021 07:30:00;220.83;1.94;256.16;2.31
15-08-2021 07:40:00;223.4;1.48;254.54;1.96
15-08-2021 07:50:00;201.68;1.52;244.46;1.86
15-08-2021 08:00:00;202.51;1.37;247.93;1.79
15-08-2021 08:10:00;192.32;1.36;228.66;1.21
15-08-2021 08:20:00;192.95;1.43;223.33;1.52
15-08-2021 08:30:00;185.51;0.73;242.81;1.1
15-08-2021 08:40:00;187.87;1.25;234.2;1.04
15-08-2021 08:50:00;197.72;1.53;222.12;1.4
15-08-2021 09:00:00;229.08;0.88;233.76;1.04
15-08-2021 09:10:00;271.96;0.5;282.95;0.59
15-08-2021 09:20:00;218.9;0.93;228.76;0.88
15-08-2021 09:30:00;177.01;0.48;260.32;0.88
15-08-2021 09:40:00;250.61;0.86;282.5;1.58
15-08-2021 09:50:00;44296;1.07;2.82;1.01
15-08-2021 10:00:00;35.87;1.26;28.97;0.74
15-08-2021 10:10:00;60.79;1.28;120.29;0.8
15-08-2021 10:20:00;130.69;0.94;205.37;1.11
15-08-2021 10:30:00;216.23;1.98;243.51;2.45
15-08-2021 10:40:00;238.16;1.98;258.11;2.12
15-08-2021 10:50:00;273.03;1.68;272.98;2.03
15-08-2021 11:00:00;270.6;1.54;285.94;2
15-08-2021 11:10:00;282.13;1.54;290.87;1.51
15-08-2021 11:20:00;313.66;1.48;321.16;1.54
15-08-2021 11:30:00;297.6;1.2;315.69;1.1
15-08-2021 11:40:00;298.2;0.69;288.36;1.07
15-08-2021 11:50:00;343.97;0.71;315.2;1.24
15-08-2021 12:00:00;283.29;0.85;323.91;0.94
15-08-2021 12:10:00;269.77;0.93;328.56;1.04
15-08-2021 12:20:00;35.82;0.97;336.08;0.76
15-08-2021 12:30:00;89.55;2.05;87.25;1.86
15-08-2021 12:40:00;81.75;1.51;83.28;1.55
15-08-2021 12:50:00;110.46;1.68;109.26;1.72
15-08-2021 13:00:00;77.61;1.6;98.53;1.65
15-08-2021 13:10:00;78.01;1.54;108.75;1.98
15-08-2021 13:20:00;91.51;1.52;124.05;1.26
15-08-2021 13:30:00;104.67;1.26;140.37;1.64
15-08-2021 13:40:00;97.42;1.88;102.9;1.65
15-08-2021 13:50:00;113.88;2.07;133.43;2.04
15-08-2021 14:00:00;105.13;0.94;126.11;1.18
15-08-2021 14:10:00;162.33;2.01;181.74;2.1
15-08-2021 14:20:00;193.61;1.48;203.2;1.64
15-08-2021 14:30:00;146.91;1.17;165.43;1.41
15-08-2021 14:40:00;215.82;1.43;211.81;1.66
15-08-2021 14:50:00;178.34;1.89;197;2
15-08-2021 15:00:00;209.31;1.76;222.45;2.1
15-08-2021 15:10:00;195.04;1.82;182.84;1.62
15-08-2021 15:20:00;180.03;2.58;197.9;2.63
15-08-2021 15:30:00;189.84;2.78;203.96;2.86
15-08-2021 15:40:00;195.99;3.02;207.16;3.36
15-08-2021 15:50:00;203.18;2.94;220.48;3.59
15-08-2021 16:00:00;209.53;3.77;222.84;4.03
15-08-2021 16:10:00;203.19;3.92;209.89;4.22
15-08-2021 16:20:00;207.34;4.06;214.21;4.41
15-08-2021 16:30:00;206.09;4.26;220.4;5.42
15-08-2021 16:40:00;197.55;4.37;212.8;4.38
15-08-2021 16:50:00;197.25;3.17;203.61;3.92
15-08-2021 17:00:00;193.72;3.92;204.79;4.57
15-08-2021 17:10:00;197.49;3.83;208.64;4.45
15-08-2021 17:20:00;199.59;3.25;213.24;3.93
15-08-2021 17:30:00;204.28;3.72;220.89;4.69
15-08-2021 17:40:00;211.05;3.98;223.54;4.83
15-08-2021 17:50:00;224.91;4.31;233.49;5.05
15-08-2021 18:00:00;226.98;4.35;235.49;5.9
15-08-2021 18:10:00;229.21;4.75;240.2;6.07
15-08-2021 18:20:00;227.21;4.93;240.21;6.4
15-08-2021 18:30:00;223.54;4.61;237.68;6.12
15-08-2021 18:40:00;217.86;4.09;233.72;5.76
15-08-2021 18:50:00;212.9;3.52;229.62;5.7
15-08-2021 19:00:00;206.92;3.65;226.09;5.75
15-08-2021 19:10:00;199.89;3.72;219.23;5.48
15-08-2021 19:20:00;204.16;4.22;220.54;6.01
15-08-2021 19:30:00;209.93;3.93;223.61;6.42
15-08-2021 19:40:00;207.92;4;221;6.49
15-08-2021 19:50:00;213;4.21;225.7;6.84
15-08-2021 20:00:00;219.91;5.66;231.31;8.15
15-08-2021 20:10:00;224.6;4.92;236.61;7.35
15-08-2021 20:20:00;227.85;6.02;238.49;8.06
15-08-2021 20:30:00;234.24;6.13;244.71;8.56
15-08-2021 20:40:00;236.05;5.95;246.47;8.35
15-08-2021 20:50:00;236.26;5.43;247.57;8.16
15-08-2021 21:00:00;236.91;5.82;249.35;8.08
15-08-2021 21:10:00;239.29;5.77;251.06;8.17
15-08-2021 21:20:00;238.42;5.59;251.66;8.46
15-08-2021 21:30:00;244.35;6.25;257.51;8.62
15-08-2021 21:40:00;247.62;5.48;257.17;7.83
15-08-2021 21:50:00;250.79;5.57;261.81;8.04
15-08-2021 22:00:00;254.05;5.88;264.9;7.45
15-08-2021 22:10:00;251.28;4.81;262.24;6.72
15-08-2021 22:20:00;255.44;4.87;266.11;6.3
15-08-2021 22:30:00;253.83;4.1;269.82;5.3
15-08-2021 22:40:00;259.48;4.32;270.28;5.86
15-08-2021 22:50:00;260.69;5.97;270.41;7.87
15-08-2021 23:00:00;269.13;5.82;279.11;7.6
15-08-2021 23:10:00;268.37;4.38;275.1;6.11
15-08-2021 23:20:00;251.83;4.21;264.31;6.08
15-08-2021 23:30:00;250.15;4.7;267.27;6.75
15-08-2021 23:40:00;256.76;4.58;274.73;6.24
15-08-2021 23:50:00;261.21;3.74;278;5.71