MEZ_Date;Mez_Time;Level;MEZ;UTC
15.08.21;00:01;526;15.08.21 00:01;14.08.21 23:01
15.08.21;00:02;525;15.08.21 00:02;14.08.21 23:02
15.08.21;00:03;523;15.08.21 00:03;14.08.21 23:03
15.08.21;00:04;522;15.08.21 00:04;14.08.21 23:04
15.08.21;00:05;521;15.08.21 00:05;14.08.21 23:05
15.08.21;00:06;519;15.08.21 00:06;14.08.21 23:06
15.08.21;00:07;520;15.08.21 00:07;14.08.21 23:07
15.08.21;00:08;519;15.08.21 00:08;14.08.21 23:08
15.08.21;00:09;517;15.08.21 00:09;14.08.21 23:09
15.08.21;00:10;517;15.08.21 00:10;14.08.21 23:10
15.08.21;00:11;515;15.08.21 00:11;14.08.21 23:11
15.08.21;00:12;514;15.08.21 00:12;14.08.21 23:12
15.08.21;00:13;514;15.08.21 00:13;14.08.21 23:13
15.08.21;00:14;512;15.08.21 00:14;14.08.21 23:14
15.08.21;00:15;512;15.08.21 00:15;14.08.21 23:15
15.08.21;00:16;510;15.08.21 00:16;14.08.21 23:16
15.08.21;00:17;509;15.08.21 00:17;14.08.21 23:17
15.08.21;00:18;508;15.08.21 00:18;14.08.21 23:18
15.08.21;00:19;507;15.08.21 00:19;14.08.21 23:19
15.08.21;00:20;505;15.08.21 00:20;14.08.21 23:20
15.08.21;00:21;504;15.08.21 00:21;14.08.21 23:21
15.08.21;00:22;504;15.08.21 00:22;14.08.21 23:22
15.08.21;00:23;503;15.08.21 00:23;14.08.21 23:23
15.08.21;00:24;502;15.08.21 00:24;14.08.21 23:24
15.08.21;00:25;500;15.08.21 00:25;14.08.21 23:25
15.08.21;00:26;499;15.08.21 00:26;14.08.21 23:26
15.08.21;00:27;498;15.08.21 00:27;14.08.21 23:27
15.08.21;00:28;497;15.08.21 00:28;14.08.21 23:28
15.08.21;00:29;496;15.08.21 00:29;14.08.21 23:29
15.08.21;00:30;496;15.08.21 00:30;14.08.21 23:30
15.08.21;00:31;494;15.08.21 00:31;14.08.21 23:31
15.08.21;00:32;494;15.08.21 00:32;14.08.21 23:32
15.08.21;00:33;492;15.08.21 00:33;14.08.21 23:33
15.08.21;00:34;492;15.08.21 00:34;14.08.21 23:34
15.08.21;00:35;491;15.08.21 00:35;14.08.21 23:35
15.08.21;00:36;490;15.08.21 00:36;14.08.21 23:36
15.08.21;00:37;488;15.08.21 00:37;14.08.21 23:37
15.08.21;00:38;488;15.08.21 00:38;14.08.21 23:38
15.08.21;00:39;486;15.08.21 00:39;14.08.21 23:39
15.08.21;00:40;486;15.08.21 00:40;14.08.21 23:40
15.08.21;00:41;485;15.08.21 00:41;14.08.21 23:41
15.08.21;00:42;484;15.08.21 00:42;14.08.21 23:42
15.08.21;00:43;483;15.08.21 00:43;14.08.21 23:43
15.08.21;00:44;482;15.08.21 00:44;14.08.21 23:44
15.08.21;00:45;480;15.08.21 00:45;14.08.21 23:45
15.08.21;00:46;480;15.08.21 00:46;14.08.21 23:46
15.08.21;00:47;479;15.08.21 00:47;14.08.21 23:47
15.08.21;00:48;478;15.08.21 00:48;14.08.21 23:48
15.08.21;00:49;478;15.08.21 00:49;14.08.21 23:49
15.08.21;00:50;476;15.08.21 00:50;14.08.21 23:50
15.08.21;00:51;474;15.08.21 00:51;14.08.21 23:51
15.08.21;00:52;474;15.08.21 00:52;14.08.21 23:52
15.08.21;00:53;473;15.08.21 00:53;14.08.21 23:53
15.08.21;00:54;473;15.08.21 00:54;14.08.21 23:54
15.08.21;00:55;472;15.08.21 00:55;14.08.21 23:55
15.08.21;00:56;470;15.08.21 00:56;14.08.21 23:56
15.08.21;00:57;469;15.08.21 00:57;14.08.21 23:57
15.08.21;00:58;468;15.08.21 00:58;14.08.21 23:58
15.08.21;00:59;467;15.08.21 00:59;14.08.21 23:59
15.08.21;01:00;467;15.08.21 01:00;15.08.21 00:00
15.08.21;01:01;466;15.08.21 01:01;15.08.21 00:01
15.08.21;01:02;465;15.08.21 01:02;15.08.21 00:02
15.08.21;01:03;464;15.08.21 01:03;15.08.21 00:03
15.08.21;01:04;462;15.08.21 01:04;15.08.21 00:04
15.08.21;01:05;462;15.08.21 01:05;15.08.21 00:05
15.08.21;01:06;460;15.08.21 01:06;15.08.21 00:06
15.08.21;01:07;460;15.08.21 01:07;15.08.21 00:07
15.08.21;01:08;460;15.08.21 01:08;15.08.21 00:08
15.08.21;01:09;458;15.08.21 01:09;15.08.21 00:09
15.08.21;01:10;456;15.08.21 01:10;15.08.21 00:10
15.08.21;01:11;455;15.08.21 01:11;15.08.21 00:11
15.08.21;01:12;454;15.08.21 01:12;15.08.21 00:12
15.08.21;01:13;454;15.08.21 01:13;15.08.21 00:13
15.08.21;01:14;453;15.08.21 01:14;15.08.21 00:14
15.08.21;01:15;452;15.08.21 01:15;15.08.21 00:15
15.08.21;01:16;450;15.08.21 01:16;15.08.21 00:16
15.08.21;01:17;450;15.08.21 01:17;15.08.21 00:17
15.08.21;01:18;449;15.08.21 01:18;15.08.21 00:18
15.08.21;01:19;448;15.08.21 01:19;15.08.21 00:19
15.08.21;01:20;447;15.08.21 01:20;15.08.21 00:20
15.08.21;01:21;446;15.08.21 01:21;15.08.21 00:21
15.08.21;01:22;445;15.08.21 01:22;15.08.21 00:22
15.08.21;01:23;444;15.08.21 01:23;15.08.21 00:23
15.08.21;01:24;444;15.08.21 01:24;15.08.21 00:24
15.08.21;01:25;443;15.08.21 01:25;15.08.21 00:25
15.08.21;01:26;442;15.08.21 01:26;15.08.21 00:26
15.08.21;01:27;441;15.08.21 01:27;15.08.21 00:27
15.08.21;01:28;440;15.08.21 01:28;15.08.21 00:28
15.08.21;01:29;439;15.08.21 01:29;15.08.21 00:29
15.08.21;01:30;438;15.08.21 01:30;15.08.21 00:30
15.08.21;01:31;438;15.08.21 01:31;15.08.21 00:31
15.08.21;01:32;437;15.08.21 01:32;15.08.21 00:32
15.08.21;01:33;435;15.08.21 01:33;15.08.21 00:33
15.08.21;01:34;434;15.08.21 01:34;15.08.21 00:34
15.08.21;01:35;434;15.08.21 01:35;15.08.21 00:35
15.08.21;01:36;433;15.08.21 01:36;15.08.21 00:36
15.08.21;01:37;432;15.08.21 01:37;15.08.21 00:37
15.08.21;01:38;431;15.08.21 01:38;15.08.21 00:38
15.08.21;01:39;430;15.08.21 01:39;15.08.21 00:39
15.08.21;01:40;429;15.08.21 01:40;15.08.21 00:40
15.08.21;01:41;428;15.08.21 01:41;15.08.21 00:41
15.08.21;01:42;427;15.08.21 01:42;15.08.21 00:42
15.08.21;01:43;426;15.08.21 01:43;15.08.21 00:43
15.08.21;01:44;425;15.08.21 01:44;15.08.21 00:44
15.08.21;01:45;425;15.08.21 01:45;15.08.21 00:45
15.08.21;01:46;424;15.08.21 01:46;15.08.21 00:46
15.08.21;01:47;423;15.08.21 01:47;15.08.21 00:47
15.08.21;01:48;422;15.08.21 01:48;15.08.21 00:48
15.08.21;01:49;421;15.08.21 01:49;15.08.21 00:49
15.08.21;01:50;420;15.08.21 01:50;15.08.21 00:50
15.08.21;01:51;419;15.08.21 01:51;15.08.21 00:51
15.08.21;01:52;418;15.08.21 01:52;15.08.21 00:52
15.08.21;01:53;417;15.08.21 01:53;15.08.21 00:53
15.08.21;01:54;417;15.08.21 01:54;15.08.21 00:54
15.08.21;01:55;416;15.08.21 01:55;15.08.21 00:55
15.08.21;01:56;415;15.08.21 01:56;15.08.21 00:56
15.08.21;01:57;414;15.08.21 01:57;15.08.21 00:57
15.08.21;01:58;413;15.08.21 01:58;15.08.21 00:58
15.08.21;01:59;412;15.08.21 01:59;15.08.21 00:59
15.08.21;02:00;411;15.08.21 02:00;15.08.21 01:00
15.08.21;02:01;410;15.08.21 02:01;15.08.21 01:01
15.08.21;02:02;410;15.08.21 02:02;15.08.21 01:02
15.08.21;02:03;409;15.08.21 02:03;15.08.21 01:03
15.08.21;02:04;408;15.08.21 02:04;15.08.21 01:04
15.08.21;02:05;407;15.08.21 02:05;15.08.21 01:05
15.08.21;02:06;406;15.08.21 02:06;15.08.21 01:06
15.08.21;02:07;405;15.08.21 02:07;15.08.21 01:07
15.08.21;02:08;404;15.08.21 02:08;15.08.21 01:08
15.08.21;02:09;404;15.08.21 02:09;15.08.21 01:09
15.08.21;02:10;402;15.08.21 02:10;15.08.21 01:10
15.08.21;02:11;402;15.08.21 02:11;15.08.21 01:11
15.08.21;02:12;401;15.08.21 02:12;15.08.21 01:12
15.08.21;02:13;400;15.08.21 02:13;15.08.21 01:13
15.08.21;02:14;399;15.08.21 02:14;15.08.21 01:14
15.08.21;02:15;398;15.08.21 02:15;15.08.21 01:15
15.08.21;02:16;395;15.08.21 02:16;15.08.21 01:16
15.08.21;02:17;396;15.08.21 02:17;15.08.21 01:17
15.08.21;02:18;395;15.08.21 02:18;15.08.21 01:18
15.08.21;02:19;394;15.08.21 02:19;15.08.21 01:19
15.08.21;02:20;394;15.08.21 02:20;15.08.21 01:20
15.08.21;02:21;392;15.08.21 02:21;15.08.21 01:21
15.08.21;02:22;391;15.08.21 02:22;15.08.21 01:22
15.08.21;02:23;392;15.08.21 02:23;15.08.21 01:23
15.08.21;02:24;390;15.08.21 02:24;15.08.21 01:24
15.08.21;02:25;390;15.08.21 02:25;15.08.21 01:25
15.08.21;02:26;389;15.08.21 02:26;15.08.21 01:26
15.08.21;02:27;388;15.08.21 02:27;15.08.21 01:27
15.08.21;02:28;387;15.08.21 02:28;15.08.21 01:28
15.08.21;02:29;387;15.08.21 02:29;15.08.21 01:29
15.08.21;02:30;386;15.08.21 02:30;15.08.21 01:30
15.08.21;02:31;385;15.08.21 02:31;15.08.21 01:31
15.08.21;02:32;384;15.08.21 02:32;15.08.21 01:32
15.08.21;02:33;383;15.08.21 02:33;15.08.21 01:33
15.08.21;02:34;382;15.08.21 02:34;15.08.21 01:34
15.08.21;02:35;381;15.08.21 02:35;15.08.21 01:35
15.08.21;02:36;380;15.08.21 02:36;15.08.21 01:36
15.08.21;02:37;380;15.08.21 02:37;15.08.21 01:37
15.08.21;02:38;379;15.08.21 02:38;15.08.21 01:38
15.08.21;02:39;379;15.08.21 02:39;15.08.21 01:39
15.08.21;02:40;378;15.08.21 02:40;15.08.21 01:40
15.08.21;02:41;377;15.08.21 02:41;15.08.21 01:41
15.08.21;02:42;376;15.08.21 02:42;15.08.21 01:42
15.08.21;02:43;376;15.08.21 02:43;15.08.21 01:43
15.08.21;02:44;375;15.08.21 02:44;15.08.21 01:44
15.08.21;02:45;374;15.08.21 02:45;15.08.21 01:45
15.08.21;02:46;374;15.08.21 02:46;15.08.21 01:46
15.08.21;02:47;373;15.08.21 02:47;15.08.21 01:47
15.08.21;02:48;372;15.08.21 02:48;15.08.21 01:48
15.08.21;02:49;371;15.08.21 02:49;15.08.21 01:49
15.08.21;02:50;371;15.08.21 02:50;15.08.21 01:50
15.08.21;02:51;370;15.08.21 02:51;15.08.21 01:51
15.08.21;02:52;370;15.08.21 02:52;15.08.21 01:52
15.08.21;02:53;368;15.08.21 02:53;15.08.21 01:53
15.08.21;02:54;368;15.08.21 02:54;15.08.21 01:54
15.08.21;02:55;367;15.08.21 02:55;15.08.21 01:55
15.08.21;02:56;366;15.08.21 02:56;15.08.21 01:56
15.08.21;02:57;366;15.08.21 02:57;15.08.21 01:57
15.08.21;02:58;365;15.08.21 02:58;15.08.21 01:58
15.08.21;02:59;364;15.08.21 02:59;15.08.21 01:59
15.08.21;03:00;363;15.08.21 03:00;15.08.21 02:00
15.08.21;03:01;362;15.08.21 03:01;15.08.21 02:01
15.08.21;03:02;362;15.08.21 03:02;15.08.21 02:02
15.08.21;03:03;362;15.08.21 03:03;15.08.21 02:03
15.08.21;03:04;361;15.08.21 03:04;15.08.21 02:04
15.08.21;03:05;360;15.08.21 03:05;15.08.21 02:05
15.08.21;03:06;360;15.08.21 03:06;15.08.21 02:06
15.08.21;03:07;359;15.08.21 03:07;15.08.21 02:07
15.08.21;03:08;358;15.08.21 03:08;15.08.21 02:08
15.08.21;03:09;358;15.08.21 03:09;15.08.21 02:09
15.08.21;03:10;358;15.08.21 03:10;15.08.21 02:10
15.08.21;03:11;357;15.08.21 03:11;15.08.21 02:11
15.08.21;03:12;356;15.08.21 03:12;15.08.21 02:12
15.08.21;03:13;356;15.08.21 03:13;15.08.21 02:13
15.08.21;03:14;356;15.08.21 03:14;15.08.21 02:14
15.08.21;03:15;355;15.08.21 03:15;15.08.21 02:15
15.08.21;03:16;354;15.08.21 03:16;15.08.21 02:16
15.08.21;03:17;354;15.08.21 03:17;15.08.21 02:17
15.08.21;03:18;353;15.08.21 03:18;15.08.21 02:18
15.08.21;03:19;353;15.08.21 03:19;15.08.21 02:19
15.08.21;03:20;352;15.08.21 03:20;15.08.21 02:20
15.08.21;03:21;352;15.08.21 03:21;15.08.21 02:21
15.08.21;03:22;351;15.08.21 03:22;15.08.21 02:22
15.08.21;03:23;351;15.08.21 03:23;15.08.21 02:23
15.08.21;03:24;350;15.08.21 03:24;15.08.21 02:24
15.08.21;03:25;349;15.08.21 03:25;15.08.21 02:25
15.08.21;03:26;349;15.08.21 03:26;15.08.21 02:26
15.08.21;03:27;349;15.08.21 03:27;15.08.21 02:27
15.08.21;03:28;349;15.08.21 03:28;15.08.21 02:28
15.08.21;03:29;348;15.08.21 03:29;15.08.21 02:29
15.08.21;03:30;348;15.08.21 03:30;15.08.21 02:30
15.08.21;03:31;348;15.08.21 03:31;15.08.21 02:31
15.08.21;03:32;347;15.08.21 03:32;15.08.21 02:32
15.08.21;03:33;347;15.08.21 03:33;15.08.21 02:33
15.08.21;03:34;347;15.08.21 03:34;15.08.21 02:34
15.08.21;03:35;347;15.08.21 03:35;15.08.21 02:35
15.08.21;03:36;346;15.08.21 03:36;15.08.21 02:36
15.08.21;03:37;346;15.08.21 03:37;15.08.21 02:37
15.08.21;03:38;345;15.08.21 03:38;15.08.21 02:38
15.08.21;03:39;345;15.08.21 03:39;15.08.21 02:39
15.08.21;03:40;345;15.08.21 03:40;15.08.21 02:40
15.08.21;03:41;345;15.08.21 03:41;15.08.21 02:41
15.08.21;03:42;345;15.08.21 03:42;15.08.21 02:42
15.08.21;03:43;345;15.08.21 03:43;15.08.21 02:43
15.08.21;03:44;345;15.08.21 03:44;15.08.21 02:44
15.08.21;03:45;345;15.08.21 03:45;15.08.21 02:45
15.08.21;03:46;344;15.08.21 03:46;15.08.21 02:46
15.08.21;03:47;345;15.08.21 03:47;15.08.21 02:47
15.08.21;03:48;345;15.08.21 03:48;15.08.21 02:48
15.08.21;03:49;346;15.08.21 03:49;15.08.21 02:49
15.08.21;03:50;346;15.08.21 03:50;15.08.21 02:50
15.08.21;03:51;346;15.08.21 03:51;15.08.21 02:51
15.08.21;03:52;346;15.08.21 03:52;15.08.21 02:52
15.08.21;03:53;345;15.08.21 03:53;15.08.21 02:53
15.08.21;03:54;346;15.08.21 03:54;15.08.21 02:54
15.08.21;03:55;348;15.08.21 03:55;15.08.21 02:55
15.08.21;03:56;348;15.08.21 03:56;15.08.21 02:56
15.08.21;03:57;348;15.08.21 03:57;15.08.21 02:57
15.08.21;03:58;350;15.08.21 03:58;15.08.21 02:58
15.08.21;03:59;351;15.08.21 03:59;15.08.21 02:59
15.08.21;04:00;351;15.08.21 04:00;15.08.21 03:00
15.08.21;04:01;354;15.08.21 04:01;15.08.21 03:01
15.08.21;04:02;356;15.08.21 04:02;15.08.21 03:02
15.08.21;04:03;358;15.08.21 04:03;15.08.21 03:03
15.08.21;04:04;358;15.08.21 04:04;15.08.21 03:04
15.08.21;04:05;361;15.08.21 04:05;15.08.21 03:05
15.08.21;04:06;362;15.08.21 04:06;15.08.21 03:06
15.08.21;04:07;364;15.08.21 04:07;15.08.21 03:07
15.08.21;04:08;367;15.08.21 04:08;15.08.21 03:08
15.08.21;04:09;368;15.08.21 04:09;15.08.21 03:09
15.08.21;04:10;370;15.08.21 04:10;15.08.21 03:10
15.08.21;04:11;371;15.08.21 04:11;15.08.21 03:11
15.08.21;04:12;371;15.08.21 04:12;15.08.21 03:12
15.08.21;04:13;376;15.08.21 04:13;15.08.21 03:13
15.08.21;04:14;379;15.08.21 04:14;15.08.21 03:14
15.08.21;04:15;382;15.08.21 04:15;15.08.21 03:15
15.08.21;04:16;384;15.08.21 04:16;15.08.21 03:16
15.08.21;04:17;386;15.08.21 04:17;15.08.21 03:17
15.08.21;04:18;387;15.08.21 04:18;15.08.21 03:18
15.08.21;04:19;389;15.08.21 04:19;15.08.21 03:19
15.08.21;04:20;394;15.08.21 04:20;15.08.21 03:20
15.08.21;04:21;397;15.08.21 04:21;15.08.21 03:21
15.08.21;04:22;401;15.08.21 04:22;15.08.21 03:22
15.08.21;04:23;402;15.08.21 04:23;15.08.21 03:23
15.08.21;04:24;404;15.08.21 04:24;15.08.21 03:24
15.08.21;04:25;407;15.08.21 04:25;15.08.21 03:25
15.08.21;04:26;409;15.08.21 04:26;15.08.21 03:26
15.08.21;04:27;412;15.08.21 04:27;15.08.21 03:27
15.08.21;04:28;416;15.08.21 04:28;15.08.21 03:28
15.08.21;04:29;418;15.08.21 04:29;15.08.21 03:29
15.08.21;04:30;421;15.08.21 04:30;15.08.21 03:30
15.08.21;04:31;423;15.08.21 04:31;15.08.21 03:31
15.08.21;04:32;425;15.08.21 04:32;15.08.21 03:32
15.08.21;04:33;429;15.08.21 04:33;15.08.21 03:33
15.08.21;04:34;432;15.08.21 04:34;15.08.21 03:34
15.08.21;04:35;433;15.08.21 04:35;15.08.21 03:35
15.08.21;04:36;435;15.08.21 04:36;15.08.21 03:36
15.08.21;04:37;439;15.08.21 04:37;15.08.21 03:37
15.08.21;04:38;443;15.08.21 04:38;15.08.21 03:38
15.08.21;04:39;446;15.08.21 04:39;15.08.21 03:39
15.08.21;04:40;449;15.08.21 04:40;15.08.21 03:40
15.08.21;04:41;452;15.08.21 04:41;15.08.21 03:41
15.08.21;04:42;455;15.08.21 04:42;15.08.21 03:42
15.08.21;04:43;456;15.08.21 04:43;15.08.21 03:43
15.08.21;04:44;460;15.08.21 04:44;15.08.21 03:44
15.08.21;04:45;464;15.08.21 04:45;15.08.21 03:45
15.08.21;04:46;467;15.08.21 04:46;15.08.21 03:46
15.08.21;04:47;469;15.08.21 04:47;15.08.21 03:47
15.08.21;04:48;472;15.08.21 04:48;15.08.21 03:48
15.08.21;04:49;474;15.08.21 04:49;15.08.21 03:49
15.08.21;04:50;477;15.08.21 04:50;15.08.21 03:50
15.08.21;04:51;480;15.08.21 04:51;15.08.21 03:51
15.08.21;04:52;483;15.08.21 04:52;15.08.21 03:52
15.08.21;04:53;486;15.08.21 04:53;15.08.21 03:53
15.08.21;04:54;488;15.08.21 04:54;15.08.21 03:54
15.08.21;04:55;491;15.08.21 04:55;15.08.21 03:55
15.08.21;04:56;494;15.08.21 04:56;15.08.21 03:56
15.08.21;04:57;498;15.08.21 04:57;15.08.21 03:57
15.08.21;04:58;500;15.08.21 04:58;15.08.21 03:58
15.08.21;04:59;503;15.08.21 04:59;15.08.21 03:59
15.08.21;05:00;504;15.08.21 05:00;15.08.21 04:00
15.08.21;05:01;508;15.08.21 05:01;15.08.21 04:01
15.08.21;05:02;511;15.08.21 05:02;15.08.21 04:02
15.08.21;05:03;513;15.08.21 05:03;15.08.21 04:03
15.08.21;05:04;515;15.08.21 05:04;15.08.21 04:04
15.08.21;05:05;517;15.08.21 05:05;15.08.21 04:05
15.08.21;05:06;520;15.08.21 05:06;15.08.21 04:06
15.08.21;05:07;521;15.08.21 05:07;15.08.21 04:07
15.08.21;05:08;523;15.08.21 05:08;15.08.21 04:08
15.08.21;05:09;526;15.08.21 05:09;15.08.21 04:09
15.08.21;05:10;529;15.08.21 05:10;15.08.21 04:10
15.08.21;05:11;531;15.08.21 05:11;15.08.21 04:11
15.08.21;05:12;532;15.08.21 05:12;15.08.21 04:12
15.08.21;05:13;534;15.08.21 05:13;15.08.21 04:13
15.08.21;05:14;537;15.08.21 05:14;15.08.21 04:14
15.08.21;05:15;539;15.08.21 05:15;15.08.21 04:15
15.08.21;05:16;540;15.08.21 05:16;15.08.21 04:16
15.08.21;05:17;544;15.08.21 05:17;15.08.21 04:17
15.08.21;05:18;546;15.08.21 05:18;15.08.21 04:18
15.08.21;05:19;548;15.08.21 05:19;15.08.21 04:19
15.08.21;05:20;550;15.08.21 05:20;15.08.21 04:20
15.08.21;05:21;552;15.08.21 05:21;15.08.21 04:21
15.08.21;05:22;554;15.08.21 05:22;15.08.21 04:22
15.08.21;05:23;552;15.08.21 05:23;15.08.21 04:23
15.08.21;05:24;556;15.08.21 05:24;15.08.21 04:24
15.08.21;05:25;559;15.08.21 05:25;15.08.21 04:25
15.08.21;05:26;560;15.08.21 05:26;15.08.21 04:26
15.08.21;05:27;561;15.08.21 05:27;15.08.21 04:27
15.08.21;05:28;563;15.08.21 05:28;15.08.21 04:28
15.08.21;05:29;565;15.08.21 05:29;15.08.21 04:29
15.08.21;05:30;565;15.08.21 05:30;15.08.21 04:30
15.08.21;05:31;567;15.08.21 05:31;15.08.21 04:31
15.08.21;05:32;570;15.08.21 05:32;15.08.21 04:32
15.08.21;05:33;572;15.08.21 05:33;15.08.21 04:33
15.08.21;05:34;573;15.08.21 05:34;15.08.21 04:34
15.08.21;05:35;574;15.08.21 05:35;15.08.21 04:35
15.08.21;05:36;575;15.08.21 05:36;15.08.21 04:36
15.08.21;05:37;577;15.08.21 05:37;15.08.21 04:37
15.08.21;05:38;578;15.08.21 05:38;15.08.21 04:38
15.08.21;05:39;579;15.08.21 05:39;15.08.21 04:39
15.08.21;05:40;581;15.08.21 05:40;15.08.21 04:40
15.08.21;05:41;582;15.08.21 05:41;15.08.21 04:41
15.08.21;05:42;583;15.08.21 05:42;15.08.21 04:42
15.08.21;05:43;585;15.08.21 05:43;15.08.21 04:43
15.08.21;05:44;586;15.08.21 05:44;15.08.21 04:44
15.08.21;05:45;587;15.08.21 05:45;15.08.21 04:45
15.08.21;05:46;590;15.08.21 05:46;15.08.21 04:46
15.08.21;05:47;590;15.08.21 05:47;15.08.21 04:47
15.08.21;05:48;592;15.08.21 05:48;15.08.21 04:48
15.08.21;05:49;594;15.08.21 05:49;15.08.21 04:49
15.08.21;05:50;596;15.08.21 05:50;15.08.21 04:50
15.08.21;05:51;597;15.08.21 05:51;15.08.21 04:51
15.08.21;05:52;598;15.08.21 05:52;15.08.21 04:52
15.08.21;05:53;596;15.08.21 05:53;15.08.21 04:53
15.08.21;05:54;600;15.08.21 05:54;15.08.21 04:54
15.08.21;05:55;602;15.08.21 05:55;15.08.21 04:55
15.08.21;05:56;604;15.08.21 05:56;15.08.21 04:56
15.08.21;05:57;605;15.08.21 05:57;15.08.21 04:57
15.08.21;05:58;606;15.08.21 05:58;15.08.21 04:58
15.08.21;05:59;607;15.08.21 05:59;15.08.21 04:59
15.08.21;06:00;608;15.08.21 06:00;15.08.21 05:00
15.08.21;06:01;610;15.08.21 06:01;15.08.21 05:01
15.08.21;06:02;611;15.08.21 06:02;15.08.21 05:02
15.08.21;06:03;612;15.08.21 06:03;15.08.21 05:03
15.08.21;06:04;613;15.08.21 06:04;15.08.21 05:04
15.08.21;06:05;614;15.08.21 06:05;15.08.21 05:05
15.08.21;06:06;615;15.08.21 06:06;15.08.21 05:06
15.08.21;06:07;617;15.08.21 06:07;15.08.21 05:07
15.08.21;06:08;617;15.08.21 06:08;15.08.21 05:08
15.08.21;06:09;619;15.08.21 06:09;15.08.21 05:09
15.08.21;06:10;620;15.08.21 06:10;15.08.21 05:10
15.08.21;06:11;621;15.08.21 06:11;15.08.21 05:11
15.08.21;06:12;621;15.08.21 06:12;15.08.21 05:12
15.08.21;06:13;623;15.08.21 06:13;15.08.21 05:13
15.08.21;06:14;624;15.08.21 06:14;15.08.21 05:14
15.08.21;06:15;624;15.08.21 06:15;15.08.21 05:15
15.08.21;06:16;624;15.08.21 06:16;15.08.21 05:16
15.08.21;06:17;627;15.08.21 06:17;15.08.21 05:17
15.08.21;06:18;627;15.08.21 06:18;15.08.21 05:18
15.08.21;06:19;628;15.08.21 06:19;15.08.21 05:19
15.08.21;06:20;629;15.08.21 06:20;15.08.21 05:20
15.08.21;06:21;629;15.08.21 06:21;15.08.21 05:21
15.08.21;06:22;631;15.08.21 06:22;15.08.21 05:22
15.08.21;06:23;631;15.08.21 06:23;15.08.21 05:23
15.08.21;06:24;632;15.08.21 06:24;15.08.21 05:24
15.08.21;06:25;634;15.08.21 06:25;15.08.21 05:25
15.08.21;06:26;634;15.08.21 06:26;15.08.21 05:26
15.08.21;06:27;635;15.08.21 06:27;15.08.21 05:27
15.08.21;06:28;637;15.08.21 06:28;15.08.21 05:28
15.08.21;06:29;637;15.08.21 06:29;15.08.21 05:29
15.08.21;06:30;638;15.08.21 06:30;15.08.21 05:30
15.08.21;06:31;640;15.08.21 06:31;15.08.21 05:31
15.08.21;06:32;640;15.08.21 06:32;15.08.21 05:32
15.08.21;06:33;640;15.08.21 06:33;15.08.21 05:33
15.08.21;06:34;643;15.08.21 06:34;15.08.21 05:34
15.08.21;06:35;643;15.08.21 06:35;15.08.21 05:35
15.08.21;06:36;642;15.08.21 06:36;15.08.21 05:36
15.08.21;06:37;643;15.08.21 06:37;15.08.21 05:37
15.08.21;06:38;643;15.08.21 06:38;15.08.21 05:38
15.08.21;06:39;642;15.08.21 06:39;15.08.21 05:39
15.08.21;06:40;645;15.08.21 06:40;15.08.21 05:40
15.08.21;06:41;648;15.08.21 06:41;15.08.21 05:41
15.08.21;06:42;648;15.08.21 06:42;15.08.21 05:42
15.08.21;06:43;648;15.08.21 06:43;15.08.21 05:43
15.08.21;06:44;648;15.08.21 06:44;15.08.21 05:44
15.08.21;06:45;648;15.08.21 06:45;15.08.21 05:45
15.08.21;06:46;650;15.08.21 06:46;15.08.21 05:46
15.08.21;06:47;653;15.08.21 06:47;15.08.21 05:47
15.08.21;06:48;654;15.08.21 06:48;15.08.21 05:48
15.08.21;06:49;654;15.08.21 06:49;15.08.21 05:49
15.08.21;06:50;654;15.08.21 06:50;15.08.21 05:50
15.08.21;06:51;655;15.08.21 06:51;15.08.21 05:51
15.08.21;06:52;655;15.08.21 06:52;15.08.21 05:52
15.08.21;06:53;658;15.08.21 06:53;15.08.21 05:53
15.08.21;06:54;661;15.08.21 06:54;15.08.21 05:54
15.08.21;06:55;660;15.08.21 06:55;15.08.21 05:55
15.08.21;06:56;659;15.08.21 06:56;15.08.21 05:56
15.08.21;06:57;660;15.08.21 06:57;15.08.21 05:57
15.08.21;06:58;661;15.08.21 06:58;15.08.21 05:58
15.08.21;06:59;662;15.08.21 06:59;15.08.21 05:59
15.08.21;07:00;663;15.08.21 07:00;15.08.21 06:00
15.08.21;07:01;665;15.08.21 07:01;15.08.21 06:01
15.08.21;07:02;664;15.08.21 07:02;15.08.21 06:02
15.08.21;07:03;666;15.08.21 07:03;15.08.21 06:03
15.08.21;07:04;667;15.08.21 07:04;15.08.21 06:04
15.08.21;07:05;667;15.08.21 07:05;15.08.21 06:05
15.08.21;07:06;668;15.08.21 07:06;15.08.21 06:06
15.08.21;07:07;669;15.08.21 07:07;15.08.21 06:07
15.08.21;07:08;670;15.08.21 07:08;15.08.21 06:08
15.08.21;07:09;671;15.08.21 07:09;15.08.21 06:09
15.08.21;07:10;672;15.08.21 07:10;15.08.21 06:10
15.08.21;07:11;672;15.08.21 07:11;15.08.21 06:11
15.08.21;07:12;672;15.08.21 07:12;15.08.21 06:12
15.08.21;07:13;672;15.08.21 07:13;15.08.21 06:13
15.08.21;07:14;673;15.08.21 07:14;15.08.21 06:14
15.08.21;07:15;674;15.08.21 07:15;15.08.21 06:15
15.08.21;07:16;674;15.08.21 07:16;15.08.21 06:16
15.08.21;07:17;675;15.08.21 07:17;15.08.21 06:17
15.08.21;07:18;676;15.08.21 07:18;15.08.21 06:18
15.08.21;07:19;677;15.08.21 07:19;15.08.21 06:19
15.08.21;07:20;678;15.08.21 07:20;15.08.21 06:20
15.08.21;07:21;679;15.08.21 07:21;15.08.21 06:21
15.08.21;07:22;680;15.08.21 07:22;15.08.21 06:22
15.08.21;07:23;680;15.08.21 07:23;15.08.21 06:23
15.08.21;07:24;681;15.08.21 07:24;15.08.21 06:24
15.08.21;07:25;682;15.08.21 07:25;15.08.21 06:25
15.08.21;07:26;683;15.08.21 07:26;15.08.21 06:26
15.08.21;07:27;682;15.08.21 07:27;15.08.21 06:27
15.08.21;07:28;682;15.08.21 07:28;15.08.21 06:28
15.08.21;07:29;684;15.08.21 07:29;15.08.21 06:29
15.08.21;07:30;684;15.08.21 07:30;15.08.21 06:30
15.08.21;07:31;686;15.08.21 07:31;15.08.21 06:31
15.08.21;07:32;686;15.08.21 07:32;15.08.21 06:32
15.08.21;07:33;685;15.08.21 07:33;15.08.21 06:33
15.08.21;07:34;686;15.08.21 07:34;15.08.21 06:34
15.08.21;07:35;687;15.08.21 07:35;15.08.21 06:35
15.08.21;07:36;688;15.08.21 07:36;15.08.21 06:36
15.08.21;07:37;689;15.08.21 07:37;15.08.21 06:37
15.08.21;07:38;690;15.08.21 07:38;15.08.21 06:38
15.08.21;07:39;689;15.08.21 07:39;15.08.21 06:39
15.08.21;07:40;690;15.08.21 07:40;15.08.21 06:40
15.08.21;07:41;692;15.08.21 07:41;15.08.21 06:41
15.08.21;07:42;693;15.08.21 07:42;15.08.21 06:42
15.08.21;07:43;694;15.08.21 07:43;15.08.21 06:43
15.08.21;07:44;693;15.08.21 07:44;15.08.21 06:44
15.08.21;07:45;694;15.08.21 07:45;15.08.21 06:45
15.08.21;07:46;694;15.08.21 07:46;15.08.21 06:46
15.08.21;07:47;696;15.08.21 07:47;15.08.21 06:47
15.08.21;07:48;696;15.08.21 07:48;15.08.21 06:48
15.08.21;07:49;696;15.08.21 07:49;15.08.21 06:49
15.08.21;07:50;697;15.08.21 07:50;15.08.21 06:50
15.08.21;07:51;699;15.08.21 07:51;15.08.21 06:51
15.08.21;07:52;701;15.08.21 07:52;15.08.21 06:52
15.08.21;07:53;700;15.08.21 07:53;15.08.21 06:53
15.08.21;07:54;699;15.08.21 07:54;15.08.21 06:54
15.08.21;07:55;700;15.08.21 07:55;15.08.21 06:55
15.08.21;07:56;700;15.08.21 07:56;15.08.21 06:56
15.08.21;07:57;702;15.08.21 07:57;15.08.21 06:57
15.08.21;07:58;702;15.08.21 07:58;15.08.21 06:58
15.08.21;07:59;702;15.08.21 07:59;15.08.21 06:59
15.08.21;08:00;703;15.08.21 08:00;15.08.21 07:00
15.08.21;08:01;703;15.08.21 08:01;15.08.21 07:01
15.08.21;08:02;704;15.08.21 08:02;15.08.21 07:02
15.08.21;08:03;704;15.08.21 08:03;15.08.21 07:03
15.08.21;08:04;705;15.08.21 08:04;15.08.21 07:04
15.08.21;08:05;706;15.08.21 08:05;15.08.21 07:05
15.08.21;08:06;708;15.08.21 08:06;15.08.21 07:06
15.08.21;08:07;708;15.08.21 08:07;15.08.21 07:07
15.08.21;08:08;708;15.08.21 08:08;15.08.21 07:08
15.08.21;08:09;708;15.08.21 08:09;15.08.21 07:09
15.08.21;08:10;708;15.08.21 08:10;15.08.21 07:10
15.08.21;08:11;708;15.08.21 08:11;15.08.21 07:11
15.08.21;08:12;711;15.08.21 08:12;15.08.21 07:12
15.08.21;08:13;711;15.08.21 08:13;15.08.21 07:13
15.08.21;08:14;711;15.08.21 08:14;15.08.21 07:14
15.08.21;08:15;710;15.08.21 08:15;15.08.21 07:15
15.08.21;08:16;711;15.08.21 08:16;15.08.21 07:16
15.08.21;08:17;712;15.08.21 08:17;15.08.21 07:17
15.08.21;08:18;714;15.08.21 08:18;15.08.21 07:18
15.08.21;08:19;714;15.08.21 08:19;15.08.21 07:19
15.08.21;08:20;713;15.08.21 08:20;15.08.21 07:20
15.08.21;08:21;713;15.08.21 08:21;15.08.21 07:21
15.08.21;08:22;715;15.08.21 08:22;15.08.21 07:22
15.08.21;08:23;716;15.08.21 08:23;15.08.21 07:23
15.08.21;08:24;716;15.08.21 08:24;15.08.21 07:24
15.08.21;08:25;716;15.08.21 08:25;15.08.21 07:25
15.08.21;08:26;716;15.08.21 08:26;15.08.21 07:26
15.08.21;08:27;717;15.08.21 08:27;15.08.21 07:27
15.08.21;08:28;717;15.08.21 08:28;15.08.21 07:28
15.08.21;08:29;717;15.08.21 08:29;15.08.21 07:29
15.08.21;08:30;716;15.08.21 08:30;15.08.21 07:30
15.08.21;08:31;717;15.08.21 08:31;15.08.21 07:31
15.08.21;08:32;718;15.08.21 08:32;15.08.21 07:32
15.08.21;08:33;718;15.08.21 08:33;15.08.21 07:33
15.08.21;08:34;717;15.08.21 08:34;15.08.21 07:34
15.08.21;08:35;717;15.08.21 08:35;15.08.21 07:35
15.08.21;08:36;717;15.08.21 08:36;15.08.21 07:36
15.08.21;08:37;718;15.08.21 08:37;15.08.21 07:37
15.08.21;08:38;718;15.08.21 08:38;15.08.21 07:38
15.08.21;08:39;719;15.08.21 08:39;15.08.21 07:39
15.08.21;08:40;719;15.08.21 08:40;15.08.21 07:40
15.08.21;08:41;718;15.08.21 08:41;15.08.21 07:41
15.08.21;08:42;719;15.08.21 08:42;15.08.21 07:42
15.08.21;08:43;720;15.08.21 08:43;15.08.21 07:43
15.08.21;08:44;719;15.08.21 08:44;15.08.21 07:44
15.08.21;08:45;719;15.08.21 08:45;15.08.21 07:45
15.08.21;08:46;719;15.08.21 08:46;15.08.21 07:46
15.08.21;08:47;720;15.08.21 08:47;15.08.21 07:47
15.08.21;08:48;720;15.08.21 08:48;15.08.21 07:48
15.08.21;08:49;720;15.08.21 08:49;15.08.21 07:49
15.08.21;08:50;719;15.08.21 08:50;15.08.21 07:50
15.08.21;08:51;718;15.08.21 08:51;15.08.21 07:51
15.08.21;08:52;719;15.08.21 08:52;15.08.21 07:52
15.08.21;08:53;720;15.08.21 08:53;15.08.21 07:53
15.08.21;08:54;720;15.08.21 08:54;15.08.21 07:54
15.08.21;08:55;720;15.08.21 08:55;15.08.21 07:55
15.08.21;08:56;719;15.08.21 08:56;15.08.21 07:56
15.08.21;08:57;719;15.08.21 08:57;15.08.21 07:57
15.08.21;08:58;719;15.08.21 08:58;15.08.21 07:58
15.08.21;08:59;719;15.08.21 08:59;15.08.21 07:59
15.08.21;09:00;719;15.08.21 09:00;15.08.21 08:00
15.08.21;09:01;718;15.08.21 09:01;15.08.21 08:01
15.08.21;09:02;718;15.08.21 09:02;15.08.21 08:02
15.08.21;09:03;717;15.08.21 09:03;15.08.21 08:03
15.08.21;09:04;717;15.08.21 09:04;15.08.21 08:04
15.08.21;09:05;717;15.08.21 09:05;15.08.21 08:05
15.08.21;09:06;716;15.08.21 09:06;15.08.21 08:06
15.08.21;09:07;716;15.08.21 09:07;15.08.21 08:07
15.08.21;09:08;716;15.08.21 09:08;15.08.21 08:08
15.08.21;09:09;715;15.08.21 09:09;15.08.21 08:09
15.08.21;09:10;715;15.08.21 09:10;15.08.21 08:10
15.08.21;09:11;714;15.08.21 09:11;15.08.21 08:11
15.08.21;09:12;714;15.08.21 09:12;15.08.21 08:12
15.08.21;09:13;713;15.08.21 09:13;15.08.21 08:13
15.08.21;09:14;713;15.08.21 09:14;15.08.21 08:14
15.08.21;09:15;712;15.08.21 09:15;15.08.21 08:15
15.08.21;09:16;712;15.08.21 09:16;15.08.21 08:16
15.08.21;09:17;712;15.08.21 09:17;15.08.21 08:17
15.08.21;09:18;711;15.08.21 09:18;15.08.21 08:18
15.08.21;09:19;711;15.08.21 09:19;15.08.21 08:19
15.08.21;09:20;710;15.08.21 09:20;15.08.21 08:20
15.08.21;09:21;710;15.08.21 09:21;15.08.21 08:21
15.08.21;09:22;709;15.08.21 09:22;15.08.21 08:22
15.08.21;09:23;709;15.08.21 09:23;15.08.21 08:23
15.08.21;09:24;708;15.08.21 09:24;15.08.21 08:24
15.08.21;09:25;707;15.08.21 09:25;15.08.21 08:25
15.08.21;09:26;706;15.08.21 09:26;15.08.21 08:26
15.08.21;09:27;706;15.08.21 09:27;15.08.21 08:27
15.08.21;09:28;706;15.08.21 09:28;15.08.21 08:28
15.08.21;09:29;705;15.08.21 09:29;15.08.21 08:29
15.08.21;09:30;704;15.08.21 09:30;15.08.21 08:30
15.08.21;09:31;702;15.08.21 09:31;15.08.21 08:31
15.08.21;09:32;701;15.08.21 09:32;15.08.21 08:32
15.08.21;09:33;701;15.08.21 09:33;15.08.21 08:33
15.08.21;09:34;700;15.08.21 09:34;15.08.21 08:34
15.08.21;09:35;699;15.08.21 09:35;15.08.21 08:35
15.08.21;09:36;699;15.08.21 09:36;15.08.21 08:36
15.08.21;09:37;698;15.08.21 09:37;15.08.21 08:37
15.08.21;09:38;696;15.08.21 09:38;15.08.21 08:38
15.08.21;09:39;695;15.08.21 09:39;15.08.21 08:39
15.08.21;09:40;694;15.08.21 09:40;15.08.21 08:40
15.08.21;09:41;693;15.08.21 09:41;15.08.21 08:41
15.08.21;09:42;692;15.08.21 09:42;15.08.21 08:42
15.08.21;09:43;692;15.08.21 09:43;15.08.21 08:43
15.08.21;09:44;690;15.08.21 09:44;15.08.21 08:44
15.08.21;09:45;690;15.08.21 09:45;15.08.21 08:45
15.08.21;09:46;688;15.08.21 09:46;15.08.21 08:46
15.08.21;09:47;688;15.08.21 09:47;15.08.21 08:47
15.08.21;09:48;686;15.08.21 09:48;15.08.21 08:48
15.08.21;09:49;685;15.08.21 09:49;15.08.21 08:49
15.08.21;09:50;684;15.08.21 09:50;15.08.21 08:50
15.08.21;09:51;682;15.08.21 09:51;15.08.21 08:51
15.08.21;09:52;682;15.08.21 09:52;15.08.21 08:52
15.08.21;09:53;681;15.08.21 09:53;15.08.21 08:53
15.08.21;09:54;680;15.08.21 09:54;15.08.21 08:54
15.08.21;09:55;679;15.08.21 09:55;15.08.21 08:55
15.08.21;09:56;678;15.08.21 09:56;15.08.21 08:56
15.08.21;09:57;677;15.08.21 09:57;15.08.21 08:57
15.08.21;09:58;675;15.08.21 09:58;15.08.21 08:58
15.08.21;09:59;674;15.08.21 09:59;15.08.21 08:59
15.08.21;10:00;673;15.08.21 10:00;15.08.21 09:00
15.08.21;10:01;671;15.08.21 10:01;15.08.21 09:01
15.08.21;10:02;670;15.08.21 10:02;15.08.21 09:02
15.08.21;10:03;669;15.08.21 10:03;15.08.21 09:03
15.08.21;10:04;668;15.08.21 10:04;15.08.21 09:04
15.08.21;10:05;667;15.08.21 10:05;15.08.21 09:05
15.08.21;10:06;665;15.08.21 10:06;15.08.21 09:06
15.08.21;10:07;663;15.08.21 10:07;15.08.21 09:07
15.08.21;10:08;662;15.08.21 10:08;15.08.21 09:08
15.08.21;10:09;661;15.08.21 10:09;15.08.21 09:09
15.08.21;10:10;660;15.08.21 10:10;15.08.21 09:10
15.08.21;10:11;658;15.08.21 10:11;15.08.21 09:11
15.08.21;10:12;657;15.08.21 10:12;15.08.21 09:12
15.08.21;10:13;656;15.08.21 10:13;15.08.21 09:13
15.08.21;10:14;654;15.08.21 10:14;15.08.21 09:14
15.08.21;10:15;653;15.08.21 10:15;15.08.21 09:15
15.08.21;10:16;652;15.08.21 10:16;15.08.21 09:16
15.08.21;10:17;650;15.08.21 10:17;15.08.21 09:17
15.08.21;10:18;649;15.08.21 10:18;15.08.21 09:18
15.08.21;10:19;648;15.08.21 10:19;15.08.21 09:19
15.08.21;10:20;646;15.08.21 10:20;15.08.21 09:20
15.08.21;10:21;644;15.08.21 10:21;15.08.21 09:21
15.08.21;10:22;643;15.08.21 10:22;15.08.21 09:22
15.08.21;10:23;642;15.08.21 10:23;15.08.21 09:23
15.08.21;10:24;640;15.08.21 10:24;15.08.21 09:24
15.08.21;10:25;638;15.08.21 10:25;15.08.21 09:25
15.08.21;10:26;637;15.08.21 10:26;15.08.21 09:26
15.08.21;10:27;635;15.08.21 10:27;15.08.21 09:27
15.08.21;10:28;634;15.08.21 10:28;15.08.21 09:28
15.08.21;10:29;632;15.08.21 10:29;15.08.21 09:29
15.08.21;10:30;631;15.08.21 10:30;15.08.21 09:30
15.08.21;10:31;629;15.08.21 10:31;15.08.21 09:31
15.08.21;10:32;628;15.08.21 10:32;15.08.21 09:32
15.08.21;10:33;627;15.08.21 10:33;15.08.21 09:33
15.08.21;10:34;625;15.08.21 10:34;15.08.21 09:34
15.08.21;10:35;624;15.08.21 10:35;15.08.21 09:35
15.08.21;10:36;622;15.08.21 10:36;15.08.21 09:36
15.08.21;10:37;621;15.08.21 10:37;15.08.21 09:37
15.08.21;10:38;619;15.08.21 10:38;15.08.21 09:38
15.08.21;10:39;618;15.08.21 10:39;15.08.21 09:39
15.08.21;10:40;616;15.08.21 10:40;15.08.21 09:40
15.08.21;10:41;614;15.08.21 10:41;15.08.21 09:41
15.08.21;10:42;612;15.08.21 10:42;15.08.21 09:42
15.08.21;10:43;611;15.08.21 10:43;15.08.21 09:43
15.08.21;10:44;610;15.08.21 10:44;15.08.21 09:44
15.08.21;10:45;609;15.08.21 10:45;15.08.21 09:45
15.08.21;10:46;606;15.08.21 10:46;15.08.21 09:46
15.08.21;10:47;605;15.08.21 10:47;15.08.21 09:47
15.08.21;10:48;603;15.08.21 10:48;15.08.21 09:48
15.08.21;10:49;602;15.08.21 10:49;15.08.21 09:49
15.08.21;10:50;600;15.08.21 10:50;15.08.21 09:50
15.08.21;10:51;598;15.08.21 10:51;15.08.21 09:51
15.08.21;10:52;598;15.08.21 10:52;15.08.21 09:52
15.08.21;10:53;596;15.08.21 10:53;15.08.21 09:53
15.08.21;10:54;594;15.08.21 10:54;15.08.21 09:54
15.08.21;10:55;593;15.08.21 10:55;15.08.21 09:55
15.08.21;10:56;592;15.08.21 10:56;15.08.21 09:56
15.08.21;10:57;590;15.08.21 10:57;15.08.21 09:57
15.08.21;10:58;588;15.08.21 10:58;15.08.21 09:58
15.08.21;10:59;587;15.08.21 10:59;15.08.21 09:59
15.08.21;11:00;586;15.08.21 11:00;15.08.21 10:00
15.08.21;11:01;584;15.08.21 11:01;15.08.21 10:01
15.08.21;11:02;583;15.08.21 11:02;15.08.21 10:02
15.08.21;11:03;582;15.08.21 11:03;15.08.21 10:03
15.08.21;11:04;580;15.08.21 11:04;15.08.21 10:04
15.08.21;11:05;579;15.08.21 11:05;15.08.21 10:05
15.08.21;11:06;577;15.08.21 11:06;15.08.21 10:06
15.08.21;11:07;576;15.08.21 11:07;15.08.21 10:07
15.08.21;11:08;575;15.08.21 11:08;15.08.21 10:08
15.08.21;11:09;574;15.08.21 11:09;15.08.21 10:09
15.08.21;11:10;571;15.08.21 11:10;15.08.21 10:10
15.08.21;11:11;570;15.08.21 11:11;15.08.21 10:11
15.08.21;11:12;568;15.08.21 11:12;15.08.21 10:12
15.08.21;11:13;568;15.08.21 11:13;15.08.21 10:13
15.08.21;11:14;566;15.08.21 11:14;15.08.21 10:14
15.08.21;11:15;565;15.08.21 11:15;15.08.21 10:15
15.08.21;11:16;564;15.08.21 11:16;15.08.21 10:16
15.08.21;11:17;562;15.08.21 11:17;15.08.21 10:17
15.08.21;11:18;560;15.08.21 11:18;15.08.21 10:18
15.08.21;11:19;560;15.08.21 11:19;15.08.21 10:19
15.08.21;11:20;558;15.08.21 11:20;15.08.21 10:20
15.08.21;11:21;557;15.08.21 11:21;15.08.21 10:21
15.08.21;11:22;556;15.08.21 11:22;15.08.21 10:22
15.08.21;11:23;554;15.08.21 11:23;15.08.21 10:23
15.08.21;11:24;554;15.08.21 11:24;15.08.21 10:24
15.08.21;11:25;551;15.08.21 11:25;15.08.21 10:25
15.08.21;11:26;550;15.08.21 11:26;15.08.21 10:26
15.08.21;11:27;549;15.08.21 11:27;15.08.21 10:27
15.08.21;11:28;548;15.08.21 11:28;15.08.21 10:28
15.08.21;11:29;546;15.08.21 11:29;15.08.21 10:29
15.08.21;11:30;546;15.08.21 11:30;15.08.21 10:30
15.08.21;11:31;544;15.08.21 11:31;15.08.21 10:31
15.08.21;11:32;543;15.08.21 11:32;15.08.21 10:32
15.08.21;11:33;542;15.08.21 11:33;15.08.21 10:33
15.08.21;11:34;540;15.08.21 11:34;15.08.21 10:34
15.08.21;11:35;539;15.08.21 11:35;15.08.21 10:35
15.08.21;11:36;538;15.08.21 11:36;15.08.21 10:36
15.08.21;11:37;536;15.08.21 11:37;15.08.21 10:37
15.08.21;11:38;535;15.08.21 11:38;15.08.21 10:38
15.08.21;11:39;533;15.08.21 11:39;15.08.21 10:39
15.08.21;11:40;533;15.08.21 11:40;15.08.21 10:40
15.08.21;11:41;532;15.08.21 11:41;15.08.21 10:41
15.08.21;11:42;531;15.08.21 11:42;15.08.21 10:42
15.08.21;11:43;529;15.08.21 11:43;15.08.21 10:43
15.08.21;11:44;528;15.08.21 11:44;15.08.21 10:44
15.08.21;11:45;527;15.08.21 11:45;15.08.21 10:45
15.08.21;11:46;525;15.08.21 11:46;15.08.21 10:46
15.08.21;11:47;524;15.08.21 11:47;15.08.21 10:47
15.08.21;11:48;523;15.08.21 11:48;15.08.21 10:48
15.08.21;11:49;522;15.08.21 11:49;15.08.21 10:49
15.08.21;11:50;522;15.08.21 11:50;15.08.21 10:50
15.08.21;11:51;520;15.08.21 11:51;15.08.21 10:51
15.08.21;11:52;519;15.08.21 11:52;15.08.21 10:52
15.08.21;11:53;518;15.08.21 11:53;15.08.21 10:53
15.08.21;11:54;516;15.08.21 11:54;15.08.21 10:54
15.08.21;11:55;514;15.08.21 11:55;15.08.21 10:55
15.08.21;11:56;515;15.08.21 11:56;15.08.21 10:56
15.08.21;11:57;513;15.08.21 11:57;15.08.21 10:57
15.08.21;11:58;512;15.08.21 11:58;15.08.21 10:58
15.08.21;11:59;512;15.08.21 11:59;15.08.21 10:59
15.08.21;12:00;510;15.08.21 12:00;15.08.21 11:00
15.08.21;12:01;509;15.08.21 12:01;15.08.21 11:01
15.08.21;12:02;508;15.08.21 12:02;15.08.21 11:02
15.08.21;12:03;506;15.08.21 12:03;15.08.21 11:03
15.08.21;12:04;506;15.08.21 12:04;15.08.21 11:04
15.08.21;12:05;504;15.08.21 12:05;15.08.21 11:05
15.08.21;12:06;503;15.08.21 12:06;15.08.21 11:06
15.08.21;12:07;502;15.08.21 12:07;15.08.21 11:07
15.08.21;12:08;501;15.08.21 12:08;15.08.21 11:08
15.08.21;12:09;500;15.08.21 12:09;15.08.21 11:09
15.08.21;12:10;499;15.08.21 12:10;15.08.21 11:10
15.08.21;12:11;498;15.08.21 12:11;15.08.21 11:11
15.08.21;12:12;497;15.08.21 12:12;15.08.21 11:12
15.08.21;12:13;496;15.08.21 12:13;15.08.21 11:13
15.08.21;12:14;494;15.08.21 12:14;15.08.21 11:14
15.08.21;12:15;493;15.08.21 12:15;15.08.21 11:15
15.08.21;12:16;493;15.08.21 12:16;15.08.21 11:16
15.08.21;12:17;492;15.08.21 12:17;15.08.21 11:17
15.08.21;12:18;491;15.08.21 12:18;15.08.21 11:18
15.08.21;12:19;490;15.08.21 12:19;15.08.21 11:19
15.08.21;12:20;489;15.08.21 12:20;15.08.21 11:20
15.08.21;12:21;487;15.08.21 12:21;15.08.21 11:21
15.08.21;12:22;486;15.08.21 12:22;15.08.21 11:22
15.08.21;12:23;486;15.08.21 12:23;15.08.21 11:23
15.08.21;12:24;485;15.08.21 12:24;15.08.21 11:24
15.08.21;12:25;484;15.08.21 12:25;15.08.21 11:25
15.08.21;12:26;483;15.08.21 12:26;15.08.21 11:26
15.08.21;12:27;481;15.08.21 12:27;15.08.21 11:27
15.08.21;12:28;481;15.08.21 12:28;15.08.21 11:28
15.08.21;12:29;480;15.08.21 12:29;15.08.21 11:29
15.08.21;12:30;479;15.08.21 12:30;15.08.21 11:30
15.08.21;12:31;479;15.08.21 12:31;15.08.21 11:31
15.08.21;12:32;478;15.08.21 12:32;15.08.21 11:32
15.08.21;12:33;476;15.08.21 12:33;15.08.21 11:33
15.08.21;12:34;475;15.08.21 12:34;15.08.21 11:34
15.08.21;12:35;474;15.08.21 12:35;15.08.21 11:35
15.08.21;12:36;473;15.08.21 12:36;15.08.21 11:36
15.08.21;12:37;473;15.08.21 12:37;15.08.21 11:37
15.08.21;12:38;470;15.08.21 12:38;15.08.21 11:38
15.08.21;12:39;471;15.08.21 12:39;15.08.21 11:39
15.08.21;12:40;469;15.08.21 12:40;15.08.21 11:40
15.08.21;12:41;468;15.08.21 12:41;15.08.21 11:41
15.08.21;12:42;468;15.08.21 12:42;15.08.21 11:42
15.08.21;12:43;467;15.08.21 12:43;15.08.21 11:43
15.08.21;12:44;466;15.08.21 12:44;15.08.21 11:44
15.08.21;12:45;465;15.08.21 12:45;15.08.21 11:45
15.08.21;12:46;463;15.08.21 12:46;15.08.21 11:46
15.08.21;12:47;463;15.08.21 12:47;15.08.21 11:47
15.08.21;12:48;461;15.08.21 12:48;15.08.21 11:48
15.08.21;12:49;460;15.08.21 12:49;15.08.21 11:49
15.08.21;12:50;460;15.08.21 12:50;15.08.21 11:50
15.08.21;12:51;458;15.08.21 12:51;15.08.21 11:51
15.08.21;12:52;458;15.08.21 12:52;15.08.21 11:52
15.08.21;12:53;457;15.08.21 12:53;15.08.21 11:53
15.08.21;12:54;456;15.08.21 12:54;15.08.21 11:54
15.08.21;12:55;454;15.08.21 12:55;15.08.21 11:55
15.08.21;12:56;454;15.08.21 12:56;15.08.21 11:56
15.08.21;12:57;454;15.08.21 12:57;15.08.21 11:57
15.08.21;12:58;452;15.08.21 12:58;15.08.21 11:58
15.08.21;12:59;450;15.08.21 12:59;15.08.21 11:59
15.08.21;13:00;450;15.08.21 13:00;15.08.21 12:00
15.08.21;13:01;450;15.08.21 13:01;15.08.21 12:01
15.08.21;13:02;448;15.08.21 13:02;15.08.21 12:02
15.08.21;13:03;448;15.08.21 13:03;15.08.21 12:03
15.08.21;13:04;446;15.08.21 13:04;15.08.21 12:04
15.08.21;13:05;447;15.08.21 13:05;15.08.21 12:05
15.08.21;13:06;446;15.08.21 13:06;15.08.21 12:06
15.08.21;13:07;444;15.08.21 13:07;15.08.21 12:07
15.08.21;13:08;443;15.08.21 13:08;15.08.21 12:08
15.08.21;13:09;441;15.08.21 13:09;15.08.21 12:09
15.08.21;13:10;442;15.08.21 13:10;15.08.21 12:10
15.08.21;13:11;440;15.08.21 13:11;15.08.21 12:11
15.08.21;13:12;440;15.08.21 13:12;15.08.21 12:12
15.08.21;13:13;439;15.08.21 13:13;15.08.21 12:13
15.08.21;13:14;438;15.08.21 13:14;15.08.21 12:14
15.08.21;13:15;438;15.08.21 13:15;15.08.21 12:15
15.08.21;13:16;436;15.08.21 13:16;15.08.21 12:16
15.08.21;13:17;436;15.08.21 13:17;15.08.21 12:17
15.08.21;13:18;435;15.08.21 13:18;15.08.21 12:18
15.08.21;13:19;432;15.08.21 13:19;15.08.21 12:19
15.08.21;13:20;434;15.08.21 13:20;15.08.21 12:20
15.08.21;13:21;431;15.08.21 13:21;15.08.21 12:21
15.08.21;13:22;431;15.08.21 13:22;15.08.21 12:22
15.08.21;13:23;431;15.08.21 13:23;15.08.21 12:23
15.08.21;13:24;431;15.08.21 13:24;15.08.21 12:24
15.08.21;13:25;428;15.08.21 13:25;15.08.21 12:25
15.08.21;13:26;427;15.08.21 13:26;15.08.21 12:26
15.08.21;13:27;427;15.08.21 13:27;15.08.21 12:27
15.08.21;13:28;426;15.08.21 13:28;15.08.21 12:28
15.08.21;13:29;426;15.08.21 13:29;15.08.21 12:29
15.08.21;13:30;425;15.08.21 13:30;15.08.21 12:30
15.08.21;13:31;423;15.08.21 13:31;15.08.21 12:31
15.08.21;13:32;422;15.08.21 13:32;15.08.21 12:32
15.08.21;13:33;421;15.08.21 13:33;15.08.21 12:33
15.08.21;13:34;421;15.08.21 13:34;15.08.21 12:34
15.08.21;13:35;421;15.08.21 13:35;15.08.21 12:35
15.08.21;13:36;420;15.08.21 13:36;15.08.21 12:36
15.08.21;13:37;417;15.08.21 13:37;15.08.21 12:37
15.08.21;13:38;416;15.08.21 13:38;15.08.21 12:38
15.08.21;13:39;417;15.08.21 13:39;15.08.21 12:39
15.08.21;13:40;416;15.08.21 13:40;15.08.21 12:40
15.08.21;13:41;415;15.08.21 13:41;15.08.21 12:41
15.08.21;13:42;415;15.08.21 13:42;15.08.21 12:42
15.08.21;13:43;413;15.08.21 13:43;15.08.21 12:43
15.08.21;13:44;412;15.08.21 13:44;15.08.21 12:44
15.08.21;13:45;411;15.08.21 13:45;15.08.21 12:45
15.08.21;13:46;411;15.08.21 13:46;15.08.21 12:46
15.08.21;13:47;409;15.08.21 13:47;15.08.21 12:47
15.08.21;13:48;409;15.08.21 13:48;15.08.21 12:48
15.08.21;13:49;408;15.08.21 13:49;15.08.21 12:49
15.08.21;13:50;407;15.08.21 13:50;15.08.21 12:50
15.08.21;13:51;405;15.08.21 13:51;15.08.21 12:51
15.08.21;13:52;404;15.08.21 13:52;15.08.21 12:52
15.08.21;13:53;405;15.08.21 13:53;15.08.21 12:53
15.08.21;13:54;404;15.08.21 13:54;15.08.21 12:54
15.08.21;13:55;403;15.08.21 13:55;15.08.21 12:55
15.08.21;13:56;402;15.08.21 13:56;15.08.21 12:56
15.08.21;13:57;402;15.08.21 13:57;15.08.21 12:57
15.08.21;13:58;398;15.08.21 13:58;15.08.21 12:58
15.08.21;13:59;400;15.08.21 13:59;15.08.21 12:59
15.08.21;14:00;400;15.08.21 14:00;15.08.21 13:00
15.08.21;14:01;398;15.08.21 14:01;15.08.21 13:01
15.08.21;14:02;397;15.08.21 14:02;15.08.21 13:02
15.08.21;14:03;395;15.08.21 14:03;15.08.21 13:03
15.08.21;14:04;396;15.08.21 14:04;15.08.21 13:04
15.08.21;14:05;395;15.08.21 14:05;15.08.21 13:05
15.08.21;14:06;394;15.08.21 14:06;15.08.21 13:06
15.08.21;14:07;392;15.08.21 14:07;15.08.21 13:07
15.08.21;14:08;392;15.08.21 14:08;15.08.21 13:08
15.08.21;14:09;391;15.08.21 14:09;15.08.21 13:09
15.08.21;14:10;391;15.08.21 14:10;15.08.21 13:10
15.08.21;14:11;389;15.08.21 14:11;15.08.21 13:11
15.08.21;14:12;389;15.08.21 14:12;15.08.21 13:12
15.08.21;14:13;384;15.08.21 14:13;15.08.21 13:13
15.08.21;14:14;385;15.08.21 14:14;15.08.21 13:14
15.08.21;14:15;386;15.08.21 14:15;15.08.21 13:15
15.08.21;14:16;385;15.08.21 14:16;15.08.21 13:16
15.08.21;14:17;384;15.08.21 14:17;15.08.21 13:17
15.08.21;14:18;382;15.08.21 14:18;15.08.21 13:18
15.08.21;14:19;382;15.08.21 14:19;15.08.21 13:19
15.08.21;14:20;381;15.08.21 14:20;15.08.21 13:20
15.08.21;14:21;379;15.08.21 14:21;15.08.21 13:21
15.08.21;14:22;380;15.08.21 14:22;15.08.21 13:22
15.08.21;14:23;380;15.08.21 14:23;15.08.21 13:23
15.08.21;14:24;379;15.08.21 14:24;15.08.21 13:24
15.08.21;14:25;378;15.08.21 14:25;15.08.21 13:25
15.08.21;14:26;376;15.08.21 14:26;15.08.21 13:26
15.08.21;14:27;375;15.08.21 14:27;15.08.21 13:27
15.08.21;14:28;374;15.08.21 14:28;15.08.21 13:28
15.08.21;14:29;374;15.08.21 14:29;15.08.21 13:29
15.08.21;14:30;375;15.08.21 14:30;15.08.21 13:30
15.08.21;14:31;372;15.08.21 14:31;15.08.21 13:31
15.08.21;14:32;373;15.08.21 14:32;15.08.21 13:32
15.08.21;14:33;372;15.08.21 14:33;15.08.21 13:33
15.08.21;14:34;371;15.08.21 14:34;15.08.21 13:34
15.08.21;14:35;369;15.08.21 14:35;15.08.21 13:35
15.08.21;14:36;370;15.08.21 14:36;15.08.21 13:36
15.08.21;14:37;368;15.08.21 14:37;15.08.21 13:37
15.08.21;14:38;369;15.08.21 14:38;15.08.21 13:38
15.08.21;14:39;367;15.08.21 14:39;15.08.21 13:39
15.08.21;14:40;367;15.08.21 14:40;15.08.21 13:40
15.08.21;14:41;364;15.08.21 14:41;15.08.21 13:41
15.08.21;14:42;367;15.08.21 14:42;15.08.21 13:42
15.08.21;14:43;364;15.08.21 14:43;15.08.21 13:43
15.08.21;14:44;365;15.08.21 14:44;15.08.21 13:44
15.08.21;14:45;362;15.08.21 14:45;15.08.21 13:45
15.08.21;14:46;361;15.08.21 14:46;15.08.21 13:46
15.08.21;14:47;361;15.08.21 14:47;15.08.21 13:47
15.08.21;14:48;361;15.08.21 14:48;15.08.21 13:48
15.08.21;14:49;360;15.08.21 14:49;15.08.21 13:49
15.08.21;14:50;359;15.08.21 14:50;15.08.21 13:50
15.08.21;14:51;357;15.08.21 14:51;15.08.21 13:51
15.08.21;14:52;357;15.08.21 14:52;15.08.21 13:52
15.08.21;14:53;356;15.08.21 14:53;15.08.21 13:53
15.08.21;14:54;356;15.08.21 14:54;15.08.21 13:54
15.08.21;14:55;354;15.08.21 14:55;15.08.21 13:55
15.08.21;14:56;356;15.08.21 14:56;15.08.21 13:56
15.08.21;14:57;354;15.08.21 14:57;15.08.21 13:57
15.08.21;14:58;354;15.08.21 14:58;15.08.21 13:58
15.08.21;14:59;351;15.08.21 14:59;15.08.21 13:59
15.08.21;15:00;353;15.08.21 15:00;15.08.21 14:00
15.08.21;15:01;351;15.08.21 15:01;15.08.21 14:01
15.08.21;15:02;346;15.08.21 15:02;15.08.21 14:02
15.08.21;15:03;349;15.08.21 15:03;15.08.21 14:03
15.08.21;15:04;348;15.08.21 15:04;15.08.21 14:04
15.08.21;15:05;349;15.08.21 15:05;15.08.21 14:05
15.08.21;15:06;347;15.08.21 15:06;15.08.21 14:06
15.08.21;15:07;348;15.08.21 15:07;15.08.21 14:07
15.08.21;15:08;345;15.08.21 15:08;15.08.21 14:08
15.08.21;15:09;348;15.08.21 15:09;15.08.21 14:09
15.08.21;15:10;344;15.08.21 15:10;15.08.21 14:10
15.08.21;15:11;344;15.08.21 15:11;15.08.21 14:11
15.08.21;15:12;344;15.08.21 15:12;15.08.21 14:12
15.08.21;15:13;343;15.08.21 15:13;15.08.21 14:13
15.08.21;15:14;343;15.08.21 15:14;15.08.21 14:14
15.08.21;15:15;342;15.08.21 15:15;15.08.21 14:15
15.08.21;15:16;341;15.08.21 15:16;15.08.21 14:16
15.08.21;15:17;342;15.08.21 15:17;15.08.21 14:17
15.08.21;15:18;341;15.08.21 15:18;15.08.21 14:18
15.08.21;15:19;339;15.08.21 15:19;15.08.21 14:19
15.08.21;15:20;338;15.08.21 15:20;15.08.21 14:20
15.08.21;15:21;340;15.08.21 15:21;15.08.21 14:21
15.08.21;15:22;339;15.08.21 15:22;15.08.21 14:22
15.08.21;15:23;336;15.08.21 15:23;15.08.21 14:23
15.08.21;15:24;337;15.08.21 15:24;15.08.21 14:24
15.08.21;15:25;336;15.08.21 15:25;15.08.21 14:25
15.08.21;15:26;338;15.08.21 15:26;15.08.21 14:26
15.08.21;15:27;337;15.08.21 15:27;15.08.21 14:27
15.08.21;15:28;335;15.08.21 15:28;15.08.21 14:28
15.08.21;15:29;334;15.08.21 15:29;15.08.21 14:29
15.08.21;15:30;334;15.08.21 15:30;15.08.21 14:30
15.08.21;15:31;333;15.08.21 15:31;15.08.21 14:31
15.08.21;15:32;333;15.08.21 15:32;15.08.21 14:32
15.08.21;15:33;334;15.08.21 15:33;15.08.21 14:33
15.08.21;15:34;333;15.08.21 15:34;15.08.21 14:34
15.08.21;15:35;333;15.08.21 15:35;15.08.21 14:35
15.08.21;15:36;332;15.08.21 15:36;15.08.21 14:36
15.08.21;15:37;331;15.08.21 15:37;15.08.21 14:37
15.08.21;15:38;330;15.08.21 15:38;15.08.21 14:38
15.08.21;15:39;330;15.08.21 15:39;15.08.21 14:39
15.08.21;15:40;331;15.08.21 15:40;15.08.21 14:40
15.08.21;15:41;330;15.08.21 15:41;15.08.21 14:41
15.08.21;15:42;330;15.08.21 15:42;15.08.21 14:42
15.08.21;15:43;328;15.08.21 15:43;15.08.21 14:43
15.08.21;15:44;329;15.08.21 15:44;15.08.21 14:44
15.08.21;15:45;328;15.08.21 15:45;15.08.21 14:45
15.08.21;15:46;328;15.08.21 15:46;15.08.21 14:46
15.08.21;15:47;327;15.08.21 15:47;15.08.21 14:47
15.08.21;15:48;327;15.08.21 15:48;15.08.21 14:48
15.08.21;15:49;326;15.08.21 15:49;15.08.21 14:49
15.08.21;15:50;326;15.08.21 15:50;15.08.21 14:50
15.08.21;15:51;326;15.08.21 15:51;15.08.21 14:51
15.08.21;15:52;326;15.08.21 15:52;15.08.21 14:52
15.08.21;15:53;326;15.08.21 15:53;15.08.21 14:53
15.08.21;15:54;327;15.08.21 15:54;15.08.21 14:54
15.08.21;15:55;326;15.08.21 15:55;15.08.21 14:55
15.08.21;15:56;326;15.08.21 15:56;15.08.21 14:56
15.08.21;15:57;327;15.08.21 15:57;15.08.21 14:57
15.08.21;15:58;326;15.08.21 15:58;15.08.21 14:58
15.08.21;15:59;326;15.08.21 15:59;15.08.21 14:59
15.08.21;16:00;327;15.08.21 16:00;15.08.21 15:00
15.08.21;16:01;327;15.08.21 16:01;15.08.21 15:01
15.08.21;16:02;328;15.08.21 16:02;15.08.21 15:02
15.08.21;16:03;329;15.08.21 16:03;15.08.21 15:03
15.08.21;16:04;329;15.08.21 16:04;15.08.21 15:04
15.08.21;16:05;329;15.08.21 16:05;15.08.21 15:05
15.08.21;16:06;330;15.08.21 16:06;15.08.21 15:06
15.08.21;16:07;331;15.08.21 16:07;15.08.21 15:07
15.08.21;16:08;332;15.08.21 16:08;15.08.21 15:08
15.08.21;16:09;333;15.08.21 16:09;15.08.21 15:09
15.08.21;16:10;334;15.08.21 16:10;15.08.21 15:10
15.08.21;16:11;336;15.08.21 16:11;15.08.21 15:11
15.08.21;16:12;337;15.08.21 16:12;15.08.21 15:12
15.08.21;16:13;338;15.08.21 16:13;15.08.21 15:13
15.08.21;16:14;340;15.08.21 16:14;15.08.21 15:14
15.08.21;16:15;341;15.08.21 16:15;15.08.21 15:15
15.08.21;16:16;343;15.08.21 16:16;15.08.21 15:16
15.08.21;16:17;345;15.08.21 16:17;15.08.21 15:17
15.08.21;16:18;346;15.08.21 16:18;15.08.21 15:18
15.08.21;16:19;349;15.08.21 16:19;15.08.21 15:19
15.08.21;16:20;351;15.08.21 16:20;15.08.21 15:20
15.08.21;16:21;354;15.08.21 16:21;15.08.21 15:21
15.08.21;16:22;356;15.08.21 16:22;15.08.21 15:22
15.08.21;16:23;360;15.08.21 16:23;15.08.21 15:23
15.08.21;16:24;360;15.08.21 16:24;15.08.21 15:24
15.08.21;16:25;363;15.08.21 16:25;15.08.21 15:25
15.08.21;16:26;365;15.08.21 16:26;15.08.21 15:26
15.08.21;16:27;368;15.08.21 16:27;15.08.21 15:27
15.08.21;16:28;369;15.08.21 16:28;15.08.21 15:28
15.08.21;16:29;371;15.08.21 16:29;15.08.21 15:29
15.08.21;16:30;375;15.08.21 16:30;15.08.21 15:30
15.08.21;16:31;378;15.08.21 16:31;15.08.21 15:31
15.08.21;16:32;379;15.08.21 16:32;15.08.21 15:32
15.08.21;16:33;383;15.08.21 16:33;15.08.21 15:33
15.08.21;16:34;386;15.08.21 16:34;15.08.21 15:34
15.08.21;16:35;388;15.08.21 16:35;15.08.21 15:35
15.08.21;16:36;391;15.08.21 16:36;15.08.21 15:36
15.08.21;16:37;393;15.08.21 16:37;15.08.21 15:37
15.08.21;16:38;396;15.08.21 16:38;15.08.21 15:38
15.08.21;16:39;398;15.08.21 16:39;15.08.21 15:39
15.08.21;16:40;402;15.08.21 16:40;15.08.21 15:40
15.08.21;16:41;405;15.08.21 16:41;15.08.21 15:41
15.08.21;16:42;407;15.08.21 16:42;15.08.21 15:42
15.08.21;16:43;410;15.08.21 16:43;15.08.21 15:43
15.08.21;16:44;414;15.08.21 16:44;15.08.21 15:44
15.08.21;16:45;415;15.08.21 16:45;15.08.21 15:45
15.08.21;16:46;417;15.08.21 16:46;15.08.21 15:46
15.08.21;16:47;421;15.08.21 16:47;15.08.21 15:47
15.08.21;16:48;423;15.08.21 16:48;15.08.21 15:48
15.08.21;16:49;427;15.08.21 16:49;15.08.21 15:49
15.08.21;16:50;429;15.08.21 16:50;15.08.21 15:50
15.08.21;16:51;433;15.08.21 16:51;15.08.21 15:51
15.08.21;16:52;435;15.08.21 16:52;15.08.21 15:52
15.08.21;16:53;438;15.08.21 16:53;15.08.21 15:53
15.08.21;16:54;441;15.08.21 16:54;15.08.21 15:54
15.08.21;16:55;443;15.08.21 16:55;15.08.21 15:55
15.08.21;16:56;447;15.08.21 16:56;15.08.21 15:56
15.08.21;16:57;451;15.08.21 16:57;15.08.21 15:57
15.08.21;16:58;453;15.08.21 16:58;15.08.21 15:58
15.08.21;16:59;456;15.08.21 16:59;15.08.21 15:59
15.08.21;17:00;458;15.08.21 17:00;15.08.21 16:00
15.08.21;17:01;462;15.08.21 17:01;15.08.21 16:01
15.08.21;17:02;464;15.08.21 17:02;15.08.21 16:02
15.08.21;17:03;469;15.08.21 17:03;15.08.21 16:03
15.08.21;17:04;472;15.08.21 17:04;15.08.21 16:04
15.08.21;17:05;473;15.08.21 17:05;15.08.21 16:05
15.08.21;17:06;476;15.08.21 17:06;15.08.21 16:06
15.08.21;17:07;477;15.08.21 17:07;15.08.21 16:07
15.08.21;17:08;481;15.08.21 17:08;15.08.21 16:08
15.08.21;17:09;484;15.08.21 17:09;15.08.21 16:09
15.08.21;17:10;487;15.08.21 17:10;15.08.21 16:10
15.08.21;17:11;489;15.08.21 17:11;15.08.21 16:11
15.08.21;17:12;492;15.08.21 17:12;15.08.21 16:12
15.08.21;17:13;493;15.08.21 17:13;15.08.21 16:13
15.08.21;17:14;496;15.08.21 17:14;15.08.21 16:14
15.08.21;17:15;497;15.08.21 17:15;15.08.21 16:15
15.08.21;17:16;502;15.08.21 17:16;15.08.21 16:16
15.08.21;17:17;505;15.08.21 17:17;15.08.21 16:17
15.08.21;17:18;507;15.08.21 17:18;15.08.21 16:18
15.08.21;17:19;509;15.08.21 17:19;15.08.21 16:19
15.08.21;17:20;511;15.08.21 17:20;15.08.21 16:20
15.08.21;17:21;513;15.08.21 17:21;15.08.21 16:21
15.08.21;17:22;516;15.08.21 17:22;15.08.21 16:22
15.08.21;17:23;517;15.08.21 17:23;15.08.21 16:23
15.08.21;17:24;519;15.08.21 17:24;15.08.21 16:24
15.08.21;17:25;521;15.08.21 17:25;15.08.21 16:25
15.08.21;17:26;523;15.08.21 17:26;15.08.21 16:26
15.08.21;17:27;526;15.08.21 17:27;15.08.21 16:27
15.08.21;17:28;528;15.08.21 17:28;15.08.21 16:28
15.08.21;17:29;530;15.08.21 17:29;15.08.21 16:29
15.08.21;17:30;532;15.08.21 17:30;15.08.21 16:30
15.08.21;17:31;533;15.08.21 17:31;15.08.21 16:31
15.08.21;17:32;536;15.08.21 17:32;15.08.21 16:32
15.08.21;17:33;538;15.08.21 17:33;15.08.21 16:33
15.08.21;17:34;539;15.08.21 17:34;15.08.21 16:34
15.08.21;17:35;542;15.08.21 17:35;15.08.21 16:35
15.08.21;17:36;544;15.08.21 17:36;15.08.21 16:36
15.08.21;17:37;546;15.08.21 17:37;15.08.21 16:37
15.08.21;17:38;548;15.08.21 17:38;15.08.21 16:38
15.08.21;17:39;549;15.08.21 17:39;15.08.21 16:39
15.08.21;17:40;550;15.08.21 17:40;15.08.21 16:40
15.08.21;17:41;551;15.08.21 17:41;15.08.21 16:41
15.08.21;17:42;553;15.08.21 17:42;15.08.21 16:42
15.08.21;17:43;554;15.08.21 17:43;15.08.21 16:43
15.08.21;17:44;556;15.08.21 17:44;15.08.21 16:44
15.08.21;17:45;558;15.08.21 17:45;15.08.21 16:45
15.08.21;17:46;560;15.08.21 17:46;15.08.21 16:46
15.08.21;17:47;561;15.08.21 17:47;15.08.21 16:47
15.08.21;17:48;563;15.08.21 17:48;15.08.21 16:48
15.08.21;17:49;565;15.08.21 17:49;15.08.21 16:49
15.08.21;17:50;566;15.08.21 17:50;15.08.21 16:50
15.08.21;17:51;566;15.08.21 17:51;15.08.21 16:51
15.08.21;17:52;568;15.08.21 17:52;15.08.21 16:52
15.08.21;17:53;570;15.08.21 17:53;15.08.21 16:53
15.08.21;17:54;572;15.08.21 17:54;15.08.21 16:54
15.08.21;17:55;573;15.08.21 17:55;15.08.21 16:55
15.08.21;17:56;575;15.08.21 17:56;15.08.21 16:56
15.08.21;17:57;576;15.08.21 17:57;15.08.21 16:57
15.08.21;17:58;577;15.08.21 17:58;15.08.21 16:58
15.08.21;17:59;579;15.08.21 17:59;15.08.21 16:59
15.08.21;18:00;579;15.08.21 18:00;15.08.21 17:00
15.08.21;18:01;581;15.08.21 18:01;15.08.21 17:01
15.08.21;18:02;583;15.08.21 18:02;15.08.21 17:02
15.08.21;18:03;584;15.08.21 18:03;15.08.21 17:03
15.08.21;18:04;585;15.08.21 18:04;15.08.21 17:04
15.08.21;18:05;588;15.08.21 18:05;15.08.21 17:05
15.08.21;18:06;588;15.08.21 18:06;15.08.21 17:06
15.08.21;18:07;590;15.08.21 18:07;15.08.21 17:07
15.08.21;18:08;592;15.08.21 18:08;15.08.21 17:08
15.08.21;18:09;593;15.08.21 18:09;15.08.21 17:09
15.08.21;18:10;595;15.08.21 18:10;15.08.21 17:10
15.08.21;18:11;596;15.08.21 18:11;15.08.21 17:11
15.08.21;18:12;597;15.08.21 18:12;15.08.21 17:12
15.08.21;18:13;598;15.08.21 18:13;15.08.21 17:13
15.08.21;18:14;599;15.08.21 18:14;15.08.21 17:14
15.08.21;18:15;600;15.08.21 18:15;15.08.21 17:15
15.08.21;18:16;601;15.08.21 18:16;15.08.21 17:16
15.08.21;18:17;604;15.08.21 18:17;15.08.21 17:17
15.08.21;18:18;605;15.08.21 18:18;15.08.21 17:18
15.08.21;18:19;606;15.08.21 18:19;15.08.21 17:19
15.08.21;18:20;607;15.08.21 18:20;15.08.21 17:20
15.08.21;18:21;608;15.08.21 18:21;15.08.21 17:21
15.08.21;18:22;608;15.08.21 18:22;15.08.21 17:22
15.08.21;18:23;610;15.08.21 18:23;15.08.21 17:23
15.08.21;18:24;612;15.08.21 18:24;15.08.21 17:24
15.08.21;18:25;613;15.08.21 18:25;15.08.21 17:25
15.08.21;18:26;613;15.08.21 18:26;15.08.21 17:26
15.08.21;18:27;614;15.08.21 18:27;15.08.21 17:27
15.08.21;18:28;616;15.08.21 18:28;15.08.21 17:28
15.08.21;18:29;617;15.08.21 18:29;15.08.21 17:29
15.08.21;18:30;618;15.08.21 18:30;15.08.21 17:30
15.08.21;18:31;620;15.08.21 18:31;15.08.21 17:31
15.08.21;18:32;621;15.08.21 18:32;15.08.21 17:32
15.08.21;18:33;622;15.08.21 18:33;15.08.21 17:33
15.08.21;18:34;623;15.08.21 18:34;15.08.21 17:34
15.08.21;18:35;624;15.08.21 18:35;15.08.21 17:35
15.08.21;18:36;625;15.08.21 18:36;15.08.21 17:36
15.08.21;18:37;626;15.08.21 18:37;15.08.21 17:37
15.08.21;18:38;628;15.08.21 18:38;15.08.21 17:38
15.08.21;18:39;626;15.08.21 18:39;15.08.21 17:39
15.08.21;18:40;626;15.08.21 18:40;15.08.21 17:40
15.08.21;18:41;630;15.08.21 18:41;15.08.21 17:41
15.08.21;18:42;631;15.08.21 18:42;15.08.21 17:42
15.08.21;18:43;631;15.08.21 18:43;15.08.21 17:43
15.08.21;18:44;633;15.08.21 18:44;15.08.21 17:44
15.08.21;18:45;634;15.08.21 18:45;15.08.21 17:45
15.08.21;18:46;636;15.08.21 18:46;15.08.21 17:46
15.08.21;18:47;636;15.08.21 18:47;15.08.21 17:47
15.08.21;18:48;638;15.08.21 18:48;15.08.21 17:48
15.08.21;18:49;638;15.08.21 18:49;15.08.21 17:49
15.08.21;18:50;639;15.08.21 18:50;15.08.21 17:50
15.08.21;18:51;640;15.08.21 18:51;15.08.21 17:51
15.08.21;18:52;641;15.08.21 18:52;15.08.21 17:52
15.08.21;18:53;644;15.08.21 18:53;15.08.21 17:53
15.08.21;18:54;643;15.08.21 18:54;15.08.21 17:54
15.08.21;18:55;644;15.08.21 18:55;15.08.21 17:55
15.08.21;18:56;644;15.08.21 18:56;15.08.21 17:56
15.08.21;18:57;645;15.08.21 18:57;15.08.21 17:57
15.08.21;18:58;646;15.08.21 18:58;15.08.21 17:58
15.08.21;18:59;649;15.08.21 18:59;15.08.21 17:59
15.08.21;19:00;648;15.08.21 19:00;15.08.21 18:00
15.08.21;19:01;651;15.08.21 19:01;15.08.21 18:01
15.08.21;19:02;651;15.08.21 19:02;15.08.21 18:02
15.08.21;19:03;652;15.08.21 19:03;15.08.21 18:03
15.08.21;19:04;652;15.08.21 19:04;15.08.21 18:04
15.08.21;19:05;652;15.08.21 19:05;15.08.21 18:05
15.08.21;19:06;654;15.08.21 19:06;15.08.21 18:06
15.08.21;19:07;655;15.08.21 19:07;15.08.21 18:07
15.08.21;19:08;657;15.08.21 19:08;15.08.21 18:08
15.08.21;19:09;657;15.08.21 19:09;15.08.21 18:09
15.08.21;19:10;658;15.08.21 19:10;15.08.21 18:10
15.08.21;19:11;659;15.08.21 19:11;15.08.21 18:11
15.08.21;19:12;660;15.08.21 19:12;15.08.21 18:12
15.08.21;19:13;661;15.08.21 19:13;15.08.21 18:13
15.08.21;19:14;662;15.08.21 19:14;15.08.21 18:14
15.08.21;19:15;662;15.08.21 19:15;15.08.21 18:15
15.08.21;19:16;663;15.08.21 19:16;15.08.21 18:16
15.08.21;19:17;664;15.08.21 19:17;15.08.21 18:17
15.08.21;19:18;666;15.08.21 19:18;15.08.21 18:18
15.08.21;19:19;667;15.08.21 19:19;15.08.21 18:19
15.08.21;19:20;668;15.08.21 19:20;15.08.21 18:20
15.08.21;19:21;668;15.08.21 19:21;15.08.21 18:21
15.08.21;19:22;669;15.08.21 19:22;15.08.21 18:22
15.08.21;19:23;670;15.08.21 19:23;15.08.21 18:23
15.08.21;19:24;672;15.08.21 19:24;15.08.21 18:24
15.08.21;19:25;672;15.08.21 19:25;15.08.21 18:25
15.08.21;19:26;672;15.08.21 19:26;15.08.21 18:26
15.08.21;19:27;673;15.08.21 19:27;15.08.21 18:27
15.08.21;19:28;674;15.08.21 19:28;15.08.21 18:28
15.08.21;19:29;676;15.08.21 19:29;15.08.21 18:29
15.08.21;19:30;677;15.08.21 19:30;15.08.21 18:30
15.08.21;19:31;677;15.08.21 19:31;15.08.21 18:31
15.08.21;19:32;677;15.08.21 19:32;15.08.21 18:32
15.08.21;19:33;678;15.08.21 19:33;15.08.21 18:33
15.08.21;19:34;679;15.08.21 19:34;15.08.21 18:34
15.08.21;19:35;680;15.08.21 19:35;15.08.21 18:35
15.08.21;19:36;681;15.08.21 19:36;15.08.21 18:36
15.08.21;19:37;682;15.08.21 19:37;15.08.21 18:37
15.08.21;19:38;684;15.08.21 19:38;15.08.21 18:38
15.08.21;19:39;684;15.08.21 19:39;15.08.21 18:39
15.08.21;19:40;685;15.08.21 19:40;15.08.21 18:40
15.08.21;19:41;685;15.08.21 19:41;15.08.21 18:41
15.08.21;19:42;686;15.08.21 19:42;15.08.21 18:42
15.08.21;19:43;686;15.08.21 19:43;15.08.21 18:43
15.08.21;19:44;688;15.08.21 19:44;15.08.21 18:44
15.08.21;19:45;689;15.08.21 19:45;15.08.21 18:45
15.08.21;19:46;689;15.08.21 19:46;15.08.21 18:46
15.08.21;19:47;690;15.08.21 19:47;15.08.21 18:47
15.08.21;19:48;690;15.08.21 19:48;15.08.21 18:48
15.08.21;19:49;691;15.08.21 19:49;15.08.21 18:49
15.08.21;19:50;692;15.08.21 19:50;15.08.21 18:50
15.08.21;19:51;692;15.08.21 19:51;15.08.21 18:51
15.08.21;19:52;693;15.08.21 19:52;15.08.21 18:52
15.08.21;19:53;694;15.08.21 19:53;15.08.21 18:53
15.08.21;19:54;694;15.08.21 19:54;15.08.21 18:54
15.08.21;19:55;696;15.08.21 19:55;15.08.21 18:55
15.08.21;19:56;696;15.08.21 19:56;15.08.21 18:56
15.08.21;19:57;697;15.08.21 19:57;15.08.21 18:57
15.08.21;19:58;698;15.08.21 19:58;15.08.21 18:58
15.08.21;19:59;698;15.08.21 19:59;15.08.21 18:59
15.08.21;20:00;699;15.08.21 20:00;15.08.21 19:00
15.08.21;20:01;700;15.08.21 20:01;15.08.21 19:01
15.08.21;20:02;700;15.08.21 20:02;15.08.21 19:02
15.08.21;20:03;701;15.08.21 20:03;15.08.21 19:03
15.08.21;20:04;702;15.08.21 20:04;15.08.21 19:04
15.08.21;20:05;703;15.08.21 20:05;15.08.21 19:05
15.08.21;20:06;703;15.08.21 20:06;15.08.21 19:06
15.08.21;20:07;704;15.08.21 20:07;15.08.21 19:07
15.08.21;20:08;705;15.08.21 20:08;15.08.21 19:08
15.08.21;20:09;706;15.08.21 20:09;15.08.21 19:09
15.08.21;20:10;707;15.08.21 20:10;15.08.21 19:10
15.08.21;20:11;707;15.08.21 20:11;15.08.21 19:11
15.08.21;20:12;708;15.08.21 20:12;15.08.21 19:12
15.08.21;20:13;708;15.08.21 20:13;15.08.21 19:13
15.08.21;20:14;709;15.08.21 20:14;15.08.21 19:14
15.08.21;20:15;709;15.08.21 20:15;15.08.21 19:15
15.08.21;20:16;710;15.08.21 20:16;15.08.21 19:16
15.08.21;20:17;711;15.08.21 20:17;15.08.21 19:17
15.08.21;20:18;711;15.08.21 20:18;15.08.21 19:18
15.08.21;20:19;713;15.08.21 20:19;15.08.21 19:19
15.08.21;20:20;713;15.08.21 20:20;15.08.21 19:20
15.08.21;20:21;713;15.08.21 20:21;15.08.21 19:21
15.08.21;20:22;713;15.08.21 20:22;15.08.21 19:22
15.08.21;20:23;714;15.08.21 20:23;15.08.21 19:23
15.08.21;20:24;715;15.08.21 20:24;15.08.21 19:24
15.08.21;20:25;715;15.08.21 20:25;15.08.21 19:25
15.08.21;20:26;716;15.08.21 20:26;15.08.21 19:26
15.08.21;20:27;717;15.08.21 20:27;15.08.21 19:27
15.08.21;20:28;717;15.08.21 20:28;15.08.21 19:28
15.08.21;20:29;718;15.08.21 20:29;15.08.21 19:29
15.08.21;20:30;719;15.08.21 20:30;15.08.21 19:30
15.08.21;20:31;719;15.08.21 20:31;15.08.21 19:31
15.08.21;20:32;719;15.08.21 20:32;15.08.21 19:32
15.08.21;20:33;720;15.08.21 20:33;15.08.21 19:33
15.08.21;20:34;720;15.08.21 20:34;15.08.21 19:34
15.08.21;20:35;720;15.08.21 20:35;15.08.21 19:35
15.08.21;20:36;721;15.08.21 20:36;15.08.21 19:36
15.08.21;20:37;722;15.08.21 20:37;15.08.21 19:37
15.08.21;20:38;722;15.08.21 20:38;15.08.21 19:38
15.08.21;20:39;723;15.08.21 20:39;15.08.21 19:39
15.08.21;20:40;723;15.08.21 20:40;15.08.21 19:40
15.08.21;20:41;723;15.08.21 20:41;15.08.21 19:41
15.08.21;20:42;723;15.08.21 20:42;15.08.21 19:42
15.08.21;20:43;724;15.08.21 20:43;15.08.21 19:43
15.08.21;20:44;725;15.08.21 20:44;15.08.21 19:44
15.08.21;20:45;725;15.08.21 20:45;15.08.21 19:45
15.08.21;20:46;726;15.08.21 20:46;15.08.21 19:46
15.08.21;20:47;726;15.08.21 20:47;15.08.21 19:47
15.08.21;20:48;725;15.08.21 20:48;15.08.21 19:48
15.08.21;20:49;726;15.08.21 20:49;15.08.21 19:49
15.08.21;20:50;727;15.08.21 20:50;15.08.21 19:50
15.08.21;20:51;727;15.08.21 20:51;15.08.21 19:51
15.08.21;20:52;727;15.08.21 20:52;15.08.21 19:52
15.08.21;20:53;727;15.08.21 20:53;15.08.21 19:53
15.08.21;20:54;727;15.08.21 20:54;15.08.21 19:54
15.08.21;20:55;727;15.08.21 20:55;15.08.21 19:55
15.08.21;20:56;728;15.08.21 20:56;15.08.21 19:56
15.08.21;20:57;728;15.08.21 20:57;15.08.21 19:57
15.08.21;20:58;729;15.08.21 20:58;15.08.21 19:58
15.08.21;20:59;728;15.08.21 20:59;15.08.21 19:59
15.08.21;21:00;729;15.08.21 21:00;15.08.21 20:00
15.08.21;21:01;729;15.08.21 21:01;15.08.21 20:01
15.08.21;21:02;729;15.08.21 21:02;15.08.21 20:02
15.08.21;21:03;729;15.08.21 21:03;15.08.21 20:03
15.08.21;21:04;730;15.08.21 21:04;15.08.21 20:04
15.08.21;21:05;729;15.08.21 21:05;15.08.21 20:05
15.08.21;21:06;730;15.08.21 21:06;15.08.21 20:06
15.08.21;21:07;730;15.08.21 21:07;15.08.21 20:07
15.08.21;21:08;729;15.08.21 21:08;15.08.21 20:08
15.08.21;21:09;729;15.08.21 21:09;15.08.21 20:09
15.08.21;21:10;730;15.08.21 21:10;15.08.21 20:10
15.08.21;21:11;729;15.08.21 21:11;15.08.21 20:11
15.08.21;21:12;729;15.08.21 21:12;15.08.21 20:12
15.08.21;21:13;730;15.08.21 21:13;15.08.21 20:13
15.08.21;21:14;729;15.08.21 21:14;15.08.21 20:14
15.08.21;21:15;729;15.08.21 21:15;15.08.21 20:15
15.08.21;21:16;730;15.08.21 21:16;15.08.21 20:16
15.08.21;21:17;730;15.08.21 21:17;15.08.21 20:17
15.08.21;21:18;729;15.08.21 21:18;15.08.21 20:18
15.08.21;21:19;730;15.08.21 21:19;15.08.21 20:19
15.08.21;21:20;730;15.08.21 21:20;15.08.21 20:20
15.08.21;21:21;729;15.08.21 21:21;15.08.21 20:21
15.08.21;21:22;729;15.08.21 21:22;15.08.21 20:22
15.08.21;21:23;729;15.08.21 21:23;15.08.21 20:23
15.08.21;21:24;729;15.08.21 21:24;15.08.21 20:24
15.08.21;21:25;728;15.08.21 21:25;15.08.21 20:25
15.08.21;21:26;728;15.08.21 21:26;15.08.21 20:26
15.08.21;21:27;728;15.08.21 21:27;15.08.21 20:27
15.08.21;21:28;728;15.08.21 21:28;15.08.21 20:28
15.08.21;21:29;728;15.08.21 21:29;15.08.21 20:29
15.08.21;21:30;727;15.08.21 21:30;15.08.21 20:30
15.08.21;21:31;727;15.08.21 21:31;15.08.21 20:31
15.08.21;21:32;727;15.08.21 21:32;15.08.21 20:32
15.08.21;21:33;727;15.08.21 21:33;15.08.21 20:33
15.08.21;21:34;726;15.08.21 21:34;15.08.21 20:34
15.08.21;21:35;726;15.08.21 21:35;15.08.21 20:35
15.08.21;21:36;726;15.08.21 21:36;15.08.21 20:36
15.08.21;21:37;725;15.08.21 21:37;15.08.21 20:37
15.08.21;21:38;724;15.08.21 21:38;15.08.21 20:38
15.08.21;21:39;724;15.08.21 21:39;15.08.21 20:39
15.08.21;21:40;724;15.08.21 21:40;15.08.21 20:40
15.08.21;21:41;723;15.08.21 21:41;15.08.21 20:41
15.08.21;21:42;723;15.08.21 21:42;15.08.21 20:42
15.08.21;21:43;722;15.08.21 21:43;15.08.21 20:43
15.08.21;21:44;721;15.08.21 21:44;15.08.21 20:44
15.08.21;21:45;721;15.08.21 21:45;15.08.21 20:45
15.08.21;21:46;721;15.08.21 21:46;15.08.21 20:46
15.08.21;21:47;721;15.08.21 21:47;15.08.21 20:47
15.08.21;21:48;721;15.08.21 21:48;15.08.21 20:48
15.08.21;21:49;719;15.08.21 21:49;15.08.21 20:49
15.08.21;21:50;718;15.08.21 21:50;15.08.21 20:50
15.08.21;21:51;718;15.08.21 21:51;15.08.21 20:51
15.08.21;21:52;718;15.08.21 21:52;15.08.21 20:52
15.08.21;21:53;717;15.08.21 21:53;15.08.21 20:53
15.08.21;21:54;716;15.08.21 21:54;15.08.21 20:54
15.08.21;21:55;715;15.08.21 21:55;15.08.21 20:55
15.08.21;21:56;715;15.08.21 21:56;15.08.21 20:56
15.08.21;21:57;714;15.08.21 21:57;15.08.21 20:57
15.08.21;21:58;713;15.08.21 21:58;15.08.21 20:58
15.08.21;21:59;713;15.08.21 21:59;15.08.21 20:59
15.08.21;22:00;712;15.08.21 22:00;15.08.21 21:00
15.08.21;22:01;712;15.08.21 22:01;15.08.21 21:01
15.08.21;22:02;711;15.08.21 22:02;15.08.21 21:02
15.08.21;22:03;711;15.08.21 22:03;15.08.21 21:03
15.08.21;22:04;710;15.08.21 22:04;15.08.21 21:04
15.08.21;22:05;709;15.08.21 22:05;15.08.21 21:05
15.08.21;22:06;708;15.08.21 22:06;15.08.21 21:06
15.08.21;22:07;706;15.08.21 22:07;15.08.21 21:07
15.08.21;22:08;707;15.08.21 22:08;15.08.21 21:08
15.08.21;22:09;705;15.08.21 22:09;15.08.21 21:09
15.08.21;22:10;704;15.08.21 22:10;15.08.21 21:10
15.08.21;22:11;702;15.08.21 22:11;15.08.21 21:11
15.08.21;22:12;701;15.08.21 22:12;15.08.21 21:12
15.08.21;22:13;701;15.08.21 22:13;15.08.21 21:13
15.08.21;22:14;701;15.08.21 22:14;15.08.21 21:14
15.08.21;22:15;700;15.08.21 22:15;15.08.21 21:15
15.08.21;22:16;698;15.08.21 22:16;15.08.21 21:16
15.08.21;22:17;696;15.08.21 22:17;15.08.21 21:17
15.08.21;22:18;696;15.08.21 22:18;15.08.21 21:18
15.08.21;22:19;696;15.08.21 22:19;15.08.21 21:19
15.08.21;22:20;694;15.08.21 22:20;15.08.21 21:20
15.08.21;22:21;692;15.08.21 22:21;15.08.21 21:21
15.08.21;22:22;692;15.08.21 22:22;15.08.21 21:22
15.08.21;22:23;690;15.08.21 22:23;15.08.21 21:23
15.08.21;22:24;689;15.08.21 22:24;15.08.21 21:24
15.08.21;22:25;688;15.08.21 22:25;15.08.21 21:25
15.08.21;22:26;686;15.08.21 22:26;15.08.21 21:26
15.08.21;22:27;686;15.08.21 22:27;15.08.21 21:27
15.08.21;22:28;684;15.08.21 22:28;15.08.21 21:28
15.08.21;22:29;683;15.08.21 22:29;15.08.21 21:29
15.08.21;22:30;682;15.08.21 22:30;15.08.21 21:30
15.08.21;22:31;681;15.08.21 22:31;15.08.21 21:31
15.08.21;22:32;680;15.08.21 22:32;15.08.21 21:32
15.08.21;22:33;679;15.08.21 22:33;15.08.21 21:33
15.08.21;22:34;678;15.08.21 22:34;15.08.21 21:34
15.08.21;22:35;677;15.08.21 22:35;15.08.21 21:35
15.08.21;22:36;676;15.08.21 22:36;15.08.21 21:36
15.08.21;22:37;674;15.08.21 22:37;15.08.21 21:37
15.08.21;22:38;672;15.08.21 22:38;15.08.21 21:38
15.08.21;22:39;672;15.08.21 22:39;15.08.21 21:39
15.08.21;22:40;671;15.08.21 22:40;15.08.21 21:40
15.08.21;22:41;670;15.08.21 22:41;15.08.21 21:41
15.08.21;22:42;668;15.08.21 22:42;15.08.21 21:42
15.08.21;22:43;667;15.08.21 22:43;15.08.21 21:43
15.08.21;22:44;664;15.08.21 22:44;15.08.21 21:44
15.08.21;22:45;664;15.08.21 22:45;15.08.21 21:45
15.08.21;22:46;664;15.08.21 22:46;15.08.21 21:46
15.08.21;22:47;663;15.08.21 22:47;15.08.21 21:47
15.08.21;22:48;660;15.08.21 22:48;15.08.21 21:48
15.08.21;22:49;658;15.08.21 22:49;15.08.21 21:49
15.08.21;22:50;658;15.08.21 22:50;15.08.21 21:50
15.08.21;22:51;656;15.08.21 22:51;15.08.21 21:51
15.08.21;22:52;655;15.08.21 22:52;15.08.21 21:52
15.08.21;22:53;653;15.08.21 22:53;15.08.21 21:53
15.08.21;22:54;651;15.08.21 22:54;15.08.21 21:54
15.08.21;22:55;650;15.08.21 22:55;15.08.21 21:55
15.08.21;22:56;648;15.08.21 22:56;15.08.21 21:56
15.08.21;22:57;647;15.08.21 22:57;15.08.21 21:57
15.08.21;22:58;645;15.08.21 22:58;15.08.21 21:58
15.08.21;22:59;644;15.08.21 22:59;15.08.21 21:59
15.08.21;23:00;643;15.08.21 23:00;15.08.21 22:00
15.08.21;23:01;641;15.08.21 23:01;15.08.21 22:01
15.08.21;23:02;640;15.08.21 23:02;15.08.21 22:02
15.08.21;23:03;639;15.08.21 23:03;15.08.21 22:03
15.08.21;23:04;637;15.08.21 23:04;15.08.21 22:04
15.08.21;23:05;636;15.08.21 23:05;15.08.21 22:05
15.08.21;23:06;634;15.08.21 23:06;15.08.21 22:06
15.08.21;23:07;633;15.08.21 23:07;15.08.21 22:07
15.08.21;23:08;631;15.08.21 23:08;15.08.21 22:08
15.08.21;23:09;629;15.08.21 23:09;15.08.21 22:09
15.08.21;23:10;627;15.08.21 23:10;15.08.21 22:10
15.08.21;23:11;626;15.08.21 23:11;15.08.21 22:11
15.08.21;23:12;625;15.08.21 23:12;15.08.21 22:12
15.08.21;23:13;624;15.08.21 23:13;15.08.21 22:13
15.08.21;23:14;623;15.08.21 23:14;15.08.21 22:14
15.08.21;23:15;621;15.08.21 23:15;15.08.21 22:15
15.08.21;23:16;620;15.08.21 23:16;15.08.21 22:16
15.08.21;23:17;618;15.08.21 23:17;15.08.21 22:17
15.08.21;23:18;616;15.08.21 23:18;15.08.21 22:18
15.08.21;23:19;615;15.08.21 23:19;15.08.21 22:19
15.08.21;23:20;614;15.08.21 23:20;15.08.21 22:20
15.08.21;23:21;613;15.08.21 23:21;15.08.21 22:21
15.08.21;23:22;610;15.08.21 23:22;15.08.21 22:22
15.08.21;23:23;610;15.08.21 23:23;15.08.21 22:23
15.08.21;23:24;608;15.08.21 23:24;15.08.21 22:24
15.08.21;23:25;607;15.08.21 23:25;15.08.21 22:25
15.08.21;23:26;605;15.08.21 23:26;15.08.21 22:26
15.08.21;23:27;603;15.08.21 23:27;15.08.21 22:27
15.08.21;23:28;601;15.08.21 23:28;15.08.21 22:28
15.08.21;23:29;600;15.08.21 23:29;15.08.21 22:29
15.08.21;23:30;598;15.08.21 23:30;15.08.21 22:30
15.08.21;23:31;598;15.08.21 23:31;15.08.21 22:31
15.08.21;23:32;596;15.08.21 23:32;15.08.21 22:32
15.08.21;23:33;594;15.08.21 23:33;15.08.21 22:33
15.08.21;23:34;593;15.08.21 23:34;15.08.21 22:34
15.08.21;23:35;592;15.08.21 23:35;15.08.21 22:35
15.08.21;23:36;590;15.08.21 23:36;15.08.21 22:36
15.08.21;23:37;590;15.08.21 23:37;15.08.21 22:37
15.08.21;23:38;588;15.08.21 23:38;15.08.21 22:38
15.08.21;23:39;587;15.08.21 23:39;15.08.21 22:39
15.08.21;23:40;585;15.08.21 23:40;15.08.21 22:40
15.08.21;23:41;584;15.08.21 23:41;15.08.21 22:41
15.08.21;23:42;583;15.08.21 23:42;15.08.21 22:42
15.08.21;23:43;581;15.08.21 23:43;15.08.21 22:43
15.08.21;23:44;580;15.08.21 23:44;15.08.21 22:44
15.08.21;23:45;579;15.08.21 23:45;15.08.21 22:45
15.08.21;23:46;577;15.08.21 23:46;15.08.21 22:46
15.08.21;23:47;576;15.08.21 23:47;15.08.21 22:47
15.08.21;23:48;575;15.08.21 23:48;15.08.21 22:48
15.08.21;23:49;574;15.08.21 23:49;15.08.21 22:49
15.08.21;23:50;572;15.08.21 23:50;15.08.21 22:50
15.08.21;23:51;571;15.08.21 23:51;15.08.21 22:51
15.08.21;23:52;570;15.08.21 23:52;15.08.21 22:52
15.08.21;23:53;569;15.08.21 23:53;15.08.21 22:53
15.08.21;23:54;567;15.08.21 23:54;15.08.21 22:54
15.08.21;23:55;566;15.08.21 23:55;15.08.21 22:55
15.08.21;23:56;565;15.08.21 23:56;15.08.21 22:56
15.08.21;23:57;564;15.08.21 23:57;15.08.21 22:57
15.08.21;23:58;563;15.08.21 23:58;15.08.21 22:58
15.08.21;23:59;561;15.08.21 23:59;15.08.21 22:59
15.08.21;24:00:00;560;16.08.21 00:00;15.08.21 23:00